order_id,customer_id,order_date,channel,category,quantity,unit_price,discount,net_revenue,cost_of_goods,gross_margin,status,margin_pct
O500687,C100205,2023-01-30,web,accessories,1,48.93,7.34,41.59,20.71,20.88,completed,0.502
O500687,C100205,2023-01-30,web,apparel,1,43.07,0.0,43.07,21.85,21.22,completed,0.4927
O500687,C100205,2023-01-30,web,footwear,3,94.87,14.23,270.38,152.29,118.09,completed,0.4368
O501649,C100477,2023-02-08,web,accessories,1,46.67,0.0,46.67,24.95,21.72,completed,0.4654
O501649,C100477,2023-02-08,web,electronics,1,204.51,20.45,184.06,138.23,45.83,completed,0.249
O500298,C100096,2023-02-12,mobile_app,footwear,1,65.88,3.29,62.59,40.41,22.18,completed,0.3544
O500298,C100096,2023-02-12,mobile_app,home,1,76.4,0.0,76.4,47.27,29.13,completed,0.3813
O500298,C100096,2023-02-12,mobile_app,beauty,2,25.27,10.11,40.43,18.66,21.77,completed,0.5385
O502939,C100827,2023-02-12,web,home,1,89.92,17.98,71.94,45.86,26.08,completed,0.3625
O500685,C100204,2023-02-18,mobile_app,home,3,73.81,44.29,177.14,109.04,68.1,completed,0.3844
O500726,C100222,2023-02-19,mobile_app,apparel,1,55.1,0.0,55.1,27.99,27.11,completed,0.492
O500726,C100222,2023-02-19,mobile_app,electronics,3,182.2,81.99,464.61,407.8,56.81,completed,0.1223
O501656,C100478,2023-02-20,mobile_app,apparel,1,115.16,0.0,115.16,60.05,55.11,completed,0.4786
O501656,C100478,2023-02-20,mobile_app,electronics,2,325.07,0.0,650.14,542.19,107.95,completed,0.166
O503130,C100875,2023-03-01,web,apparel,3,77.19,11.58,219.99,122.35,97.64,completed,0.4438
O503130,C100875,2023-03-01,web,apparel,1,68.66,6.87,61.79,33.07,28.72,completed,0.4648
O503130,C100875,2023-03-01,web,beauty,1,45.36,9.07,36.29,17.0,19.29,completed,0.5316
O501768,C100506,2023-03-04,mobile_app,electronics,3,521.85,78.28,1487.27,1259.94,227.33,completed,0.1529
O501768,C100506,2023-03-04,mobile_app,apparel,1,120.78,0.0,120.78,61.94,58.84,completed,0.4872
O501791,C100508,2023-03-08,web,accessories,2,96.42,0.0,192.84,95.85,96.99,completed,0.503
O501791,C100508,2023-03-08,web,footwear,2,156.94,62.78,251.1,154.53,96.57,completed,0.3846
O500432,C100145,2023-03-10,web,apparel,1,89.02,0.0,89.02,46.84,42.18,completed,0.4738
O500432,C100145,2023-03-10,web,apparel,2,114.46,34.34,194.58,108.11,86.47,completed,0.4444
O500063,C100029,2023-03-15,web,apparel,1,42.89,6.43,36.46,19.7,16.76,completed,0.4597
O500063,C100029,2023-03-15,web,apparel,3,48.88,22.0,124.64,66.16,58.48,completed,0.4692
O500063,C100029,2023-03-15,web,footwear,2,74.55,0.0,149.1,93.0,56.1,completed,0.3763
O502221,C100632,2023-03-18,web,home,2,72.08,0.0,144.16,100.11,44.05,completed,0.3056
O502221,C100632,2023-03-18,web,footwear,2,48.64,0.0,97.28,57.59,39.69,completed,0.408
O502221,C100632,2023-03-18,web,apparel,1,34.96,5.24,29.72,15.91,13.81,completed,0.4647
O502940,C100827,2023-03-18,mobile_app,home,3,185.86,55.76,501.82,300.55,201.27,completed,0.4011
O502941,C100827,2023-03-20,marketplace,electronics,3,386.17,0.0,1158.51,976.06,182.45,completed,0.1575
O502987,C100838,2023-03-23,retail_partner,home,3,94.49,0.0,283.47,184.53,98.94,completed,0.349
O502987,C100838,2023-03-23,retail_partner,footwear,3,104.16,46.87,265.61,166.16,99.45,completed,0.3744
O502987,C100838,2023-03-23,retail_partner,beauty,1,32.8,6.56,26.24,12.54,13.7,completed,0.5221
O501792,C100508,2023-03-24,mobile_app,beauty,1,55.43,8.31,47.12,25.1,22.02,completed,0.4673
O501792,C100508,2023-03-24,mobile_app,beauty,2,44.48,13.34,75.62,37.23,38.39,completed,0.5077
O501792,C100508,2023-03-24,mobile_app,electronics,2,184.41,36.88,331.94,265.56,66.38,completed,0.2
O502694,C100769,2023-03-24,mobile_app,apparel,3,63.45,9.52,180.83,97.35,83.48,completed,0.4616
O502694,C100769,2023-03-24,mobile_app,apparel,1,58.98,8.85,50.13,29.15,20.98,completed,0.4185
O503128,C100874,2023-03-25,mobile_app,accessories,3,42.13,0.0,126.39,55.78,70.61,completed,0.5587
O503128,C100874,2023-03-25,mobile_app,home,3,76.82,34.57,195.89,121.19,74.7,completed,0.3813
O501650,C100477,2023-03-31,marketplace,accessories,1,75.1,0.0,75.1,36.63,38.47,completed,0.5123
O501650,C100477,2023-03-31,marketplace,footwear,2,171.75,0.0,343.5,215.59,127.91,completed,0.3724
O501650,C100477,2023-03-31,marketplace,electronics,2,336.94,101.08,572.8,462.71,110.09,completed,0.1922
O502942,C100827,2023-04-02,web,beauty,1,50.63,0.0,50.63,24.64,25.99,completed,0.5133
O502942,C100827,2023-04-02,web,home,2,80.04,0.0,160.08,88.77,71.31,completed,0.4455
O502942,C100827,2023-04-02,web,beauty,2,43.73,0.0,87.46,40.81,46.65,completed,0.5334
O500702,C100211,2023-04-06,marketplace,electronics,1,275.17,0.0,275.17,226.6,48.57,completed,0.1765
O500702,C100211,2023-04-06,marketplace,beauty,1,31.17,3.12,28.05,13.01,15.04,completed,0.5362
O500702,C100211,2023-04-06,marketplace,apparel,2,58.34,5.83,110.85,67.23,43.62,completed,0.3935
O501793,C100508,2023-04-06,mobile_app,apparel,1,77.01,0.0,77.01,44.49,32.52,completed,0.4223
O503131,C100875,2023-04-08,mobile_app,electronics,2,272.99,81.9,464.08,404.75,59.33,completed,0.1278
O503131,C100875,2023-04-08,mobile_app,footwear,1,160.69,0.0,160.69,99.19,61.5,completed,0.3827
O500071,C100033,2023-04-11,mobile_app,footwear,2,65.89,26.36,105.42,57.19,48.23,completed,0.4575
O500071,C100033,2023-04-11,mobile_app,apparel,3,31.29,0.0,93.87,51.23,42.64,completed,0.4542
O500686,C100204,2023-04-14,marketplace,accessories,1,40.31,4.03,36.28,17.94,18.34,completed,0.5055
O502499,C100713,2023-04-15,web,home,2,58.22,0.0,116.44,70.57,45.87,completed,0.3939
O502499,C100713,2023-04-15,web,beauty,1,40.39,4.04,36.35,17.59,18.76,completed,0.5161
O502499,C100713,2023-04-15,web,electronics,1,136.79,0.0,136.79,110.19,26.6,completed,0.1945
O502943,C100827,2023-04-17,web,beauty,1,62.69,0.0,62.69,31.05,31.64,completed,0.5047
O502943,C100827,2023-04-17,web,beauty,1,54.77,0.0,54.77,27.34,27.43,completed,0.5008
O502943,C100827,2023-04-17,web,apparel,2,114.4,0.0,228.8,131.86,96.94,completed,0.4237
O502769,C100790,2023-04-19,retail_partner,home,3,48.05,21.62,122.53,71.11,51.42,completed,0.4197
O502550,C100727,2023-04-20,mobile_app,accessories,2,33.6,3.36,63.84,33.13,30.71,completed,0.481
O502835,C100804,2023-04-21,web,beauty,3,41.45,24.87,99.48,45.87,53.61,completed,0.5389
O502835,C100804,2023-04-21,web,accessories,3,68.41,41.05,164.18,82.75,81.43,completed,0.496
O501769,C100506,2023-04-24,mobile_app,beauty,2,39.15,7.83,70.47,35.03,35.44,completed,0.5029
O501769,C100506,2023-04-24,mobile_app,beauty,3,54.5,0.0,163.5,83.07,80.43,completed,0.4919
O501769,C100506,2023-04-24,mobile_app,home,2,125.87,50.35,201.39,130.05,71.34,completed,0.3542
O502980,C100837,2023-04-24,marketplace,accessories,1,55.68,11.14,44.54,22.83,21.71,completed,0.4874
O502865,C100813,2023-04-27,web,apparel,3,50.8,0.0,152.4,76.06,76.34,completed,0.5009
O502836,C100804,2023-04-28,web,accessories,3,64.37,0.0,193.11,95.46,97.65,completed,0.5057
O502836,C100804,2023-04-28,web,electronics,1,273.84,27.38,246.46,211.05,35.41,completed,0.1437
O502990,C100839,2023-04-29,mobile_app,beauty,2,34.74,0.0,69.48,31.59,37.89,completed,0.5453
O502990,C100839,2023-04-29,mobile_app,apparel,1,22.38,0.0,22.38,12.27,10.11,completed,0.4517
O501770,C100506,2023-04-30,retail_partner,footwear,2,152.85,15.29,290.41,169.17,121.24,completed,0.4175
O501770,C100506,2023-04-30,retail_partner,apparel,2,63.96,0.0,127.92,71.89,56.03,completed,0.438
O501770,C100506,2023-04-30,retail_partner,home,1,103.72,5.19,98.53,62.73,35.8,completed,0.3633
O501988,C100562,2023-05-01,mobile_app,electronics,1,225.31,22.53,202.78,175.2,27.58,completed,0.136
O502525,C100722,2023-05-01,marketplace,apparel,2,123.36,0.0,246.72,133.43,113.29,completed,0.4592
O502525,C100722,2023-05-01,marketplace,footwear,3,111.03,33.31,299.78,173.46,126.32,completed,0.4214
O502525,C100722,2023-05-01,marketplace,footwear,3,134.73,80.84,323.35,190.75,132.6,completed,0.4101
O501447,C100430,2023-05-02,retail_partner,apparel,3,53.93,0.0,161.79,84.93,76.86,completed,0.4751
O501447,C100430,2023-05-02,retail_partner,beauty,3,29.66,0.0,88.98,41.21,47.77,completed,0.5369
O501447,C100430,2023-05-02,retail_partner,accessories,2,31.24,0.0,62.48,28.69,33.79,completed,0.5408
O502370,C100670,2023-05-03,marketplace,apparel,3,40.89,18.4,104.27,57.67,46.6,completed,0.4469
O501028,C100298,2023-05-04,web,accessories,1,57.72,0.0,57.72,28.85,28.87,completed,0.5002
O502981,C100837,2023-05-04,mobile_app,beauty,1,31.19,0.0,31.19,14.68,16.51,completed,0.5293
O503149,C100876,2023-05-07,marketplace,beauty,1,35.78,5.37,30.41,14.45,15.96,completed,0.5248
O503149,C100876,2023-05-07,marketplace,footwear,1,118.12,17.72,100.4,58.95,41.45,completed,0.4128
O500352,C100114,2023-05-08,marketplace,beauty,3,17.9,0.0,53.7,25.36,28.34,completed,0.5277
O500352,C100114,2023-05-08,marketplace,home,2,70.5,0.0,141.0,84.88,56.12,completed,0.398
O500352,C100114,2023-05-08,marketplace,home,1,61.44,9.22,52.22,31.59,20.63,completed,0.3951
O503132,C100875,2023-05-08,mobile_app,apparel,3,100.83,30.25,272.24,146.93,125.31,completed,0.4603
O503132,C100875,2023-05-08,mobile_app,home,3,132.95,59.83,339.02,230.45,108.57,completed,0.3202
O501657,C100478,2023-05-09,marketplace,beauty,1,49.91,0.0,49.91,26.85,23.06,completed,0.462
O501657,C100478,2023-05-09,marketplace,electronics,3,479.0,0.0,1437.0,1208.04,228.96,completed,0.1593
O501657,C100478,2023-05-09,marketplace,home,1,128.87,0.0,128.87,77.84,51.03,completed,0.396
O501529,C100452,2023-05-10,web,footwear,3,163.61,98.17,392.66,238.19,154.47,completed,0.3934
O501529,C100452,2023-05-10,web,electronics,3,523.82,314.29,1257.17,1018.58,238.59,completed,0.1898
O501529,C100452,2023-05-10,web,apparel,1,100.16,0.0,100.16,55.03,45.13,completed,0.4506
O501029,C100298,2023-05-11,mobile_app,electronics,1,272.51,27.25,245.26,212.0,33.26,completed,0.1356
O501029,C100298,2023-05-11,mobile_app,apparel,2,59.56,5.96,113.16,62.58,50.58,completed,0.447
O501029,C100298,2023-05-11,mobile_app,electronics,3,192.89,0.0,578.67,506.14,72.53,completed,0.1253
O503129,C100874,2023-05-11,web,electronics,1,143.73,0.0,143.73,126.71,17.02,completed,0.1184
O500084,C100039,2023-05-12,marketplace,accessories,1,57.26,2.86,54.4,27.59,26.81,completed,0.4928
O500084,C100039,2023-05-12,marketplace,home,2,98.27,29.48,167.06,110.89,56.17,completed,0.3362
O501251,C100384,2023-05-12,marketplace,footwear,3,97.09,58.25,233.02,138.65,94.37,completed,0.405
O501251,C100384,2023-05-12,marketplace,electronics,2,255.8,76.74,434.86,364.76,70.1,completed,0.1612
O503133,C100875,2023-05-13,web,home,2,86.2,34.48,137.92,85.7,52.22,completed,0.3786
O501509,C100442,2023-05-14,web,accessories,2,26.51,7.95,45.07,22.11,22.96,completed,0.5094
O501530,C100452,2023-05-17,mobile_app,apparel,3,112.23,67.34,269.35,146.61,122.74,completed,0.4557
O502526,C100722,2023-05-17,mobile_app,electronics,2,314.51,94.35,534.67,453.43,81.24,completed,0.1519
O500274,C100087,2023-05-18,mobile_app,beauty,3,31.66,4.75,90.23,42.3,47.93,completed,0.5312
O500274,C100087,2023-05-18,mobile_app,accessories,2,60.32,0.0,120.64,64.15,56.49,completed,0.4683
O500274,C100087,2023-05-18,mobile_app,accessories,3,47.42,14.23,128.03,63.84,64.19,completed,0.5014
O501225,C100372,2023-05-18,marketplace,footwear,3,82.84,37.28,211.24,129.33,81.91,completed,0.3878
O502871,C100814,2023-05-19,web,electronics,2,258.61,51.72,465.5,410.28,55.22,completed,0.1186
O500562,C100176,2023-05-23,mobile_app,home,3,90.03,0.0,270.09,165.9,104.19,completed,0.3858
O500562,C100176,2023-05-23,mobile_app,apparel,3,60.06,0.0,180.18,100.81,79.37,completed,0.4405
O501658,C100478,2023-05-23,marketplace,apparel,1,107.07,5.35,101.72,59.22,42.5,completed,0.4178
O501658,C100478,2023-05-23,marketplace,electronics,3,269.96,121.48,688.4,614.05,74.35,completed,0.108
O501658,C100478,2023-05-23,marketplace,accessories,1,79.16,3.96,75.2,37.16,38.04,completed,0.5059
O502424,C100690,2023-05-23,web,home,2,46.67,4.67,88.67,54.84,33.83,completed,0.3815
O502509,C100716,2023-05-23,retail_partner,accessories,3,36.34,10.9,98.12,50.26,47.86,completed,0.4878
O502509,C100716,2023-05-23,retail_partner,footwear,1,46.9,2.35,44.55,27.82,16.73,completed,0.3755
O503154,C100879,2023-05-24,mobile_app,apparel,1,86.67,8.67,78.0,42.12,35.88,completed,0.46
O503154,C100879,2023-05-24,mobile_app,electronics,2,424.84,84.97,764.71,629.98,134.73,completed,0.1762
O503154,C100879,2023-05-24,mobile_app,beauty,2,44.62,13.39,75.85,34.65,41.2,completed,0.5432
O500739,C100225,2023-05-25,web,home,3,76.58,34.46,195.28,117.97,77.31,completed,0.3959
O500739,C100225,2023-05-25,web,apparel,3,58.16,8.72,165.76,82.61,83.15,completed,0.5016
O500739,C100225,2023-05-25,web,footwear,1,73.97,0.0,73.97,44.96,29.01,completed,0.3922
O502036,C100580,2023-05-25,web,apparel,2,72.26,0.0,144.52,80.04,64.48,completed,0.4462
O500824,C100248,2023-05-26,mobile_app,beauty,2,53.34,5.33,101.35,53.2,48.15,completed,0.4751
O502037,C100580,2023-05-27,mobile_app,accessories,1,50.7,0.0,50.7,24.52,26.18,completed,0.5164
O502037,C100580,2023-05-27,mobile_app,home,1,170.37,17.04,153.33,100.3,53.03,completed,0.3459
O502037,C100580,2023-05-27,mobile_app,footwear,3,120.28,18.04,342.8,202.48,140.32,completed,0.4093
O502645,C100761,2023-05-27,mobile_app,beauty,3,63.53,0.0,190.59,92.38,98.21,completed,0.5153
O502857,C100810,2023-05-29,marketplace,accessories,2,45.4,0.0,90.8,45.84,44.96,completed,0.4952
O501771,C100506,2023-05-30,web,footwear,2,181.97,54.59,309.35,194.48,114.87,completed,0.3713
O501771,C100506,2023-05-30,web,apparel,1,87.98,8.8,79.18,43.89,35.29,completed,0.4457
O502922,C100824,2023-05-31,mobile_app,beauty,2,50.71,20.28,81.14,40.02,41.12,completed,0.5068
O503155,C100879,2023-05-31,mobile_app,accessories,1,85.11,4.26,80.85,38.94,41.91,completed,0.5184
O503155,C100879,2023-05-31,mobile_app,home,1,111.54,5.58,105.96,62.67,43.29,completed,0.4086
O503155,C100879,2023-05-31,mobile_app,accessories,3,74.29,44.57,178.3,86.62,91.68,completed,0.5142
O500897,C100271,2023-06-01,mobile_app,footwear,3,195.38,58.61,527.53,319.05,208.48,completed,0.3952
O500897,C100271,2023-06-01,mobile_app,apparel,3,97.57,43.91,248.8,134.17,114.63,completed,0.4607
O500897,C100271,2023-06-01,mobile_app,home,1,151.1,0.0,151.1,98.35,52.75,completed,0.3491
O502695,C100769,2023-06-01,marketplace,home,2,61.5,12.3,110.7,63.96,46.74,completed,0.4222
O502695,C100769,2023-06-01,marketplace,footwear,1,96.74,4.84,91.9,54.31,37.59,completed,0.409
O502695,C100769,2023-06-01,marketplace,apparel,2,51.38,0.0,102.76,53.3,49.46,completed,0.4813
O500001,C100000,2023-06-02,mobile_app,apparel,3,53.25,7.99,151.76,78.39,73.37,completed,0.4835
O500001,C100000,2023-06-02,mobile_app,footwear,1,75.82,11.37,64.45,37.8,26.65,completed,0.4135
O501524,C100450,2023-06-03,mobile_app,footwear,3,84.01,25.2,226.83,138.85,87.98,completed,0.3879
O501524,C100450,2023-06-03,mobile_app,home,2,39.51,7.9,71.12,46.35,24.77,completed,0.3483
O501524,C100450,2023-06-03,mobile_app,electronics,2,278.95,83.68,474.22,369.7,104.52,completed,0.2204
O501794,C100508,2023-06-03,web,beauty,1,51.5,2.58,48.92,23.27,25.65,completed,0.5243
O502923,C100824,2023-06-03,mobile_app,electronics,1,385.94,57.89,328.05,261.75,66.3,completed,0.2021
O502923,C100824,2023-06-03,mobile_app,apparel,3,32.19,19.31,77.26,41.7,35.56,completed,0.4603
O501158,C100358,2023-06-04,web,accessories,1,49.31,0.0,49.31,25.07,24.24,completed,0.4916
O501158,C100358,2023-06-04,web,footwear,2,64.51,0.0,129.02,89.13,39.89,completed,0.3092
O500304,C100099,2023-06-05,mobile_app,footwear,2,82.04,16.41,147.67,88.19,59.48,completed,0.4028
O500304,C100099,2023-06-05,mobile_app,home,1,64.11,0.0,64.11,41.32,22.79,completed,0.3555
O502038,C100580,2023-06-05,mobile_app,electronics,3,381.3,171.59,972.31,811.49,160.82,completed,0.1654
O502038,C100580,2023-06-05,mobile_app,footwear,1,166.21,0.0,166.21,93.74,72.47,completed,0.436
O502038,C100580,2023-06-05,mobile_app,beauty,2,65.64,6.56,124.72,58.02,66.7,completed,0.5348
O502463,C100703,2023-06-05,web,apparel,3,47.38,7.11,135.03,71.8,63.23,completed,0.4683
O503156,C100879,2023-06-05,marketplace,electronics,3,481.79,0.0,1445.37,1190.47,254.9,completed,0.1764
O503156,C100879,2023-06-05,marketplace,apparel,1,87.67,0.0,87.67,47.04,40.63,completed,0.4634
O500179,C100063,2023-06-07,marketplace,accessories,3,48.53,0.0,145.59,74.42,71.17,completed,0.4888
O500179,C100063,2023-06-07,marketplace,home,1,80.22,0.0,80.22,51.37,28.85,completed,0.3596
O500179,C100063,2023-06-07,marketplace,home,3,80.71,12.11,230.02,131.31,98.71,completed,0.4291
O502924,C100824,2023-06-07,marketplace,home,2,98.52,9.85,187.19,121.35,65.84,completed,0.3517
O502924,C100824,2023-06-07,marketplace,footwear,2,224.78,22.48,427.08,237.72,189.36,completed,0.4434
O502924,C100824,2023-06-07,marketplace,electronics,1,483.46,72.52,410.94,307.11,103.83,completed,0.2527
O500825,C100248,2023-06-08,mobile_app,electronics,2,365.08,0.0,730.16,614.58,115.58,completed,0.1583
O501531,C100452,2023-06-10,mobile_app,apparel,2,79.36,23.81,134.91,81.69,53.22,completed,0.3945
O502872,C100814,2023-06-10,mobile_app,apparel,3,117.21,0.0,351.63,200.7,150.93,completed,0.4292
O502872,C100814,2023-06-10,mobile_app,electronics,3,393.91,0.0,1181.73,998.7,183.03,completed,0.1549
O500523,C100165,2023-06-11,web,apparel,3,52.42,31.45,125.81,75.53,50.28,completed,0.3997
O502527,C100722,2023-06-11,marketplace,beauty,1,58.45,2.92,55.53,25.47,30.06,completed,0.5413
O502527,C100722,2023-06-11,marketplace,accessories,2,111.57,0.0,223.14,111.77,111.37,completed,0.4991
O502527,C100722,2023-06-11,marketplace,accessories,2,79.57,0.0,159.14,73.16,85.98,completed,0.5403
O502858,C100810,2023-06-11,web,home,3,104.54,47.04,266.58,165.95,100.63,completed,0.3775
O502858,C100810,2023-06-11,web,footwear,2,112.9,11.29,214.51,126.27,88.24,completed,0.4114
O500144,C100055,2023-06-12,web,electronics,3,221.9,0.0,665.7,497.8,167.9,completed,0.2522
O500144,C100055,2023-06-12,web,home,2,83.12,8.31,157.93,100.99,56.94,completed,0.3605
O502425,C100690,2023-06-12,marketplace,footwear,2,149.1,0.0,298.2,188.17,110.03,completed,0.369
O502425,C100690,2023-06-12,marketplace,beauty,3,61.84,0.0,185.52,86.73,98.79,completed,0.5325
O501182,C100361,2023-06-14,web,apparel,3,55.81,8.37,159.06,83.9,75.16,completed,0.4725
O501182,C100361,2023-06-14,web,home,2,66.55,0.0,133.1,82.07,51.03,completed,0.3834
O501182,C100361,2023-06-14,web,home,3,118.2,0.0,354.6,206.98,147.62,completed,0.4163
O503157,C100879,2023-06-14,mobile_app,home,3,86.08,25.82,232.42,135.5,96.92,completed,0.417
O503157,C100879,2023-06-14,mobile_app,footwear,1,94.1,0.0,94.1,58.68,35.42,completed,0.3764
O503157,C100879,2023-06-14,mobile_app,accessories,3,74.33,0.0,222.99,118.12,104.87,completed,0.4703
O501659,C100478,2023-06-16,marketplace,home,3,139.36,62.71,355.37,225.92,129.45,completed,0.3643
O501659,C100478,2023-06-16,marketplace,electronics,1,395.2,0.0,395.2,309.25,85.95,completed,0.2175
O501659,C100478,2023-06-16,marketplace,accessories,3,71.71,0.0,215.13,104.76,110.37,completed,0.513
O502837,C100804,2023-06-19,web,accessories,2,70.43,0.0,140.86,68.49,72.37,completed,0.5138
O502837,C100804,2023-06-19,web,footwear,3,142.41,21.36,405.87,233.19,172.68,completed,0.4255
O502837,C100804,2023-06-19,web,apparel,2,113.47,45.39,181.55,99.11,82.44,completed,0.4541
O501431,C100427,2023-06-20,mobile_app,electronics,1,324.81,0.0,324.81,233.75,91.06,completed,0.2803
O501431,C100427,2023-06-20,mobile_app,beauty,3,80.02,12.0,228.06,101.65,126.41,completed,0.5543
O501431,C100427,2023-06-20,mobile_app,apparel,3,70.62,31.78,180.08,103.33,76.75,completed,0.4262
O501735,C100497,2023-06-20,web,footwear,2,170.56,51.17,289.95,167.61,122.34,completed,0.4219
O502944,C100827,2023-06-20,retail_partner,home,1,76.33,0.0,76.33,45.85,30.48,completed,0.3993
O502356,C100660,2023-06-21,mobile_app,electronics,3,194.03,29.1,552.99,436.04,116.95,completed,0.2115
O502356,C100660,2023-06-21,mobile_app,electronics,2,211.92,0.0,423.84,340.68,83.16,completed,0.1962
O502356,C100660,2023-06-21,mobile_app,accessories,3,35.77,10.73,96.58,49.12,47.46,completed,0.4914
O500375,C100125,2023-06-22,web,footwear,2,52.82,0.0,105.64,61.27,44.37,completed,0.42
O500375,C100125,2023-06-22,web,beauty,2,42.1,16.84,67.36,33.15,34.21,completed,0.5079
O500375,C100125,2023-06-22,web,apparel,1,48.17,0.0,48.17,27.81,20.36,completed,0.4227
O501553,C100454,2023-06-22,web,apparel,3,89.86,26.96,242.62,131.51,111.11,completed,0.458
O501553,C100454,2023-06-22,web,footwear,1,121.4,0.0,121.4,66.55,54.85,completed,0.4518
O501553,C100454,2023-06-22,web,footwear,1,148.14,22.22,125.92,79.14,46.78,completed,0.3715
O503134,C100875,2023-06-22,mobile_app,beauty,2,51.79,10.36,93.22,43.11,50.11,completed,0.5375
O500145,C100055,2023-06-23,web,accessories,1,37.95,0.0,37.95,19.51,18.44,completed,0.4859
O502014,C100574,2023-06-24,marketplace,apparel,1,33.97,3.4,30.57,15.9,14.67,completed,0.4799
O502014,C100574,2023-06-24,marketplace,home,1,79.26,3.96,75.3,46.73,28.57,completed,0.3794
O502014,C100574,2023-06-24,marketplace,home,2,67.44,0.0,134.88,82.13,52.75,completed,0.3911
O502766,C100788,2023-06-24,mobile_app,home,1,51.54,7.73,43.81,26.19,17.62,completed,0.4022
O503181,C100883,2023-06-25,mobile_app,accessories,1,37.98,1.9,36.08,17.97,18.11,completed,0.5019
O503181,C100883,2023-06-25,mobile_app,beauty,2,18.82,3.76,33.88,15.21,18.67,completed,0.5511
O503181,C100883,2023-06-25,mobile_app,electronics,1,120.56,12.06,108.5,88.89,19.61,completed,0.1807
O500898,C100271,2023-06-26,marketplace,beauty,2,46.88,18.75,75.01,33.96,41.05,completed,0.5473
O501968,C100552,2023-06-26,marketplace,electronics,2,158.48,0.0,316.96,244.39,72.57,completed,0.229
O501968,C100552,2023-06-26,marketplace,beauty,1,32.02,4.8,27.22,12.28,14.94,completed,0.5489
O502945,C100827,2023-06-28,mobile_app,beauty,1,50.79,10.16,40.63,21.28,19.35,completed,0.4762
O502945,C100827,2023-06-28,mobile_app,footwear,1,134.79,0.0,134.79,74.14,60.65,completed,0.45
O502945,C100827,2023-06-28,mobile_app,apparel,2,68.13,0.0,136.26,71.09,65.17,completed,0.4783
O500356,C100116,2023-06-29,web,accessories,2,27.77,8.33,47.21,22.82,24.39,completed,0.5166
O502964,C100830,2023-06-29,web,beauty,1,29.58,0.0,29.58,14.63,14.95,completed,0.5054
O502964,C100830,2023-06-29,web,electronics,3,183.49,0.0,550.47,494.3,56.17,completed,0.102
O503135,C100875,2023-06-29,marketplace,accessories,2,84.42,0.0,168.84,81.32,87.52,completed,0.5184
O503135,C100875,2023-06-29,marketplace,electronics,3,385.8,0.0,1157.4,987.03,170.37,completed,0.1472
O503152,C100878,2023-06-29,web,electronics,1,188.82,0.0,188.82,152.87,35.95,completed,0.1904
O500433,C100145,2023-06-30,web,footwear,1,169.66,0.0,169.66,102.09,67.57,completed,0.3983
O502500,C100713,2023-06-30,marketplace,home,2,83.48,25.04,141.92,90.65,51.27,completed,0.3613
O502800,C100799,2023-07-01,web,electronics,2,572.75,0.0,1145.5,903.31,242.19,completed,0.2114
O502800,C100799,2023-07-01,web,home,3,101.22,0.0,303.66,194.81,108.85,completed,0.3585
O502800,C100799,2023-07-01,web,electronics,3,341.89,153.85,871.82,781.65,90.17,completed,0.1034
O500703,C100211,2023-07-02,web,apparel,2,52.04,0.0,104.08,60.06,44.02,completed,0.4229
O502528,C100722,2023-07-03,retail_partner,electronics,1,302.09,0.0,302.09,248.1,53.99,completed,0.1787
O502528,C100722,2023-07-03,retail_partner,footwear,2,162.01,0.0,324.02,196.63,127.39,completed,0.3932
O502528,C100722,2023-07-03,retail_partner,accessories,2,64.37,6.44,122.3,64.65,57.65,completed,0.4714
O500473,C100154,2023-07-04,mobile_app,footwear,2,99.59,9.96,189.22,118.79,70.43,completed,0.3722
O500473,C100154,2023-07-04,mobile_app,electronics,1,220.6,22.06,198.54,154.8,43.74,completed,0.2203
O500962,C100278,2023-07-04,mobile_app,footwear,1,57.44,2.87,54.57,28.03,26.54,completed,0.4863
O500962,C100278,2023-07-04,mobile_app,electronics,1,103.59,0.0,103.59,82.71,20.88,completed,0.2016
O501696,C100482,2023-07-04,marketplace,beauty,1,20.88,2.09,18.79,9.64,9.15,completed,0.487
O502381,C100674,2023-07-07,marketplace,electronics,2,219.76,0.0,439.52,349.79,89.73,completed,0.2042
O502381,C100674,2023-07-07,marketplace,apparel,1,41.28,0.0,41.28,21.93,19.35,completed,0.4688
O502381,C100674,2023-07-07,marketplace,accessories,2,47.91,4.79,91.03,48.37,42.66,completed,0.4686
O500267,C100082,2023-07-08,web,electronics,3,198.01,118.81,475.22,355.17,120.05,completed,0.2526
O500267,C100082,2023-07-08,web,accessories,2,26.56,7.97,45.15,23.73,21.42,completed,0.4744
O500267,C100082,2023-07-08,web,accessories,1,29.23,0.0,29.23,14.73,14.5,completed,0.4961
O502017,C100575,2023-07-09,web,apparel,2,72.23,14.45,130.01,73.98,56.03,completed,0.431
O503182,C100884,2023-07-09,web,footwear,1,74.86,11.23,63.63,40.23,23.4,completed,0.3678
O503182,C100884,2023-07-09,web,footwear,1,55.95,2.8,53.15,30.91,22.24,completed,0.4184
O500628,C100193,2023-07-10,web,apparel,1,50.02,0.0,50.02,25.9,24.12,completed,0.4822
O500628,C100193,2023-07-10,web,electronics,3,183.21,0.0,549.63,404.91,144.72,completed,0.2633
O501432,C100427,2023-07-10,web,beauty,1,80.48,16.1,64.38,31.68,32.7,completed,0.5079
O501432,C100427,2023-07-10,web,electronics,2,329.31,32.93,625.69,493.55,132.14,completed,0.2112
O502012,C100573,2023-07-10,mobile_app,footwear,3,60.88,0.0,182.64,112.81,69.83,completed,0.3823
O502012,C100573,2023-07-10,mobile_app,electronics,3,159.3,0.0,477.9,387.55,90.35,completed,0.1891
O502012,C100573,2023-07-10,mobile_app,beauty,3,23.12,6.94,62.42,30.91,31.51,completed,0.5048
O502569,C100733,2023-07-11,mobile_app,home,1,71.09,7.11,63.98,41.31,22.67,completed,0.3543
O502569,C100733,2023-07-11,mobile_app,beauty,2,34.2,3.42,64.98,31.19,33.79,completed,0.52
O501061,C100315,2023-07-12,marketplace,home,2,83.61,33.44,133.78,84.57,49.21,completed,0.3678
O501061,C100315,2023-07-12,marketplace,footwear,3,113.66,0.0,340.98,210.79,130.19,completed,0.3818
O501061,C100315,2023-07-12,marketplace,accessories,3,55.22,0.0,165.66,83.85,81.81,completed,0.4938
O502673,C100768,2023-07-13,retail_partner,apparel,2,81.45,8.15,154.75,79.3,75.45,completed,0.4876
O502673,C100768,2023-07-13,retail_partner,apparel,2,83.58,8.36,158.8,93.01,65.79,completed,0.4143
O501140,C100352,2023-07-15,web,home,3,65.77,0.0,197.31,115.36,81.95,completed,0.4153
O501140,C100352,2023-07-15,web,apparel,3,49.61,7.44,141.39,79.99,61.4,completed,0.4343
O501554,C100454,2023-07-15,web,electronics,2,363.49,0.0,726.98,603.28,123.7,completed,0.1702
O501554,C100454,2023-07-15,web,accessories,3,62.18,37.31,149.23,75.25,73.98,completed,0.4957
O501554,C100454,2023-07-15,web,home,2,134.4,0.0,268.8,154.63,114.17,completed,0.4247
O502674,C100768,2023-07-15,web,home,2,129.1,12.91,245.29,152.42,92.87,completed,0.3786
O502674,C100768,2023-07-15,web,accessories,3,73.06,43.84,175.34,89.67,85.67,completed,0.4886
O501555,C100454,2023-07-16,web,electronics,1,342.3,17.12,325.18,287.5,37.68,completed,0.1159
O501152,C100356,2023-07-18,web,apparel,1,53.54,8.03,45.51,25.17,20.34,completed,0.4469
O503158,C100879,2023-07-18,marketplace,footwear,1,111.49,0.0,111.49,70.91,40.58,completed,0.364
O503158,C100879,2023-07-18,marketplace,footwear,2,188.33,75.33,301.33,179.5,121.83,completed,0.4043
O502873,C100814,2023-07-19,web,home,3,138.01,62.1,351.93,232.06,119.87,completed,0.3406
O500085,C100039,2023-07-21,web,footwear,2,119.64,0.0,239.28,136.44,102.84,completed,0.4298
O501060,C100314,2023-07-22,marketplace,beauty,1,32.35,0.0,32.35,15.0,17.35,completed,0.5363
O500020,C100008,2023-07-23,mobile_app,beauty,1,26.19,0.0,26.19,13.64,12.55,completed,0.4792
O500020,C100008,2023-07-23,mobile_app,electronics,2,205.81,61.74,349.88,290.02,59.86,completed,0.1711
O500427,C100143,2023-07-24,mobile_app,apparel,2,72.41,14.48,130.34,75.14,55.2,completed,0.4235
O500427,C100143,2023-07-24,mobile_app,home,3,90.03,0.0,270.09,167.15,102.94,completed,0.3811
O501159,C100358,2023-07-24,marketplace,home,2,68.13,13.63,122.63,72.93,49.7,completed,0.4053
O501159,C100358,2023-07-24,marketplace,apparel,2,47.88,0.0,95.76,56.16,39.6,completed,0.4135
O500057,C100024,2023-07-25,mobile_app,electronics,1,211.92,31.79,180.13,166.71,13.42,completed,0.0745
O500057,C100024,2023-07-25,mobile_app,accessories,3,31.98,0.0,95.94,46.79,49.15,completed,0.5123
O500057,C100024,2023-07-25,mobile_app,apparel,2,17.26,5.18,29.34,15.79,13.55,completed,0.4618
O501221,C100370,2023-07-25,mobile_app,home,3,61.86,0.0,185.58,112.96,72.62,completed,0.3913
O503159,C100879,2023-07-25,mobile_app,accessories,2,71.28,28.51,114.05,60.98,53.07,completed,0.4653
O503159,C100879,2023-07-25,mobile_app,accessories,1,64.26,3.21,61.05,28.74,32.31,completed,0.5292
O500292,C100095,2023-07-26,mobile_app,accessories,1,64.44,9.67,54.77,26.9,27.87,completed,0.5089
O500292,C100095,2023-07-26,mobile_app,footwear,2,156.97,31.39,282.55,180.45,102.1,completed,0.3614
O500292,C100095,2023-07-26,mobile_app,electronics,2,388.21,38.82,737.6,650.24,87.36,completed,0.1184
O501142,C100353,2023-07-26,web,home,1,125.79,18.87,106.92,67.35,39.57,completed,0.3701
O502501,C100713,2023-07-26,marketplace,accessories,2,33.88,6.78,60.98,32.14,28.84,completed,0.4729
O502501,C100713,2023-07-26,marketplace,electronics,2,185.38,18.54,352.22,276.12,76.1,completed,0.2161
O500293,C100095,2023-07-30,web,footwear,2,145.98,43.79,248.17,160.41,87.76,completed,0.3536
O500293,C100095,2023-07-30,web,electronics,2,329.33,0.0,658.66,560.55,98.11,completed,0.149
O500293,C100095,2023-07-30,web,electronics,2,324.15,32.41,615.89,534.84,81.05,completed,0.1316
O502914,C100822,2023-07-30,web,apparel,3,83.6,25.08,225.72,115.13,110.59,completed,0.4899
O502914,C100822,2023-07-30,web,apparel,3,72.02,0.0,216.06,118.2,97.86,completed,0.4529
O502982,C100837,2023-07-30,marketplace,apparel,2,95.79,28.74,162.84,86.16,76.68,completed,0.4709
O502982,C100837,2023-07-30,marketplace,electronics,1,353.96,70.79,283.17,247.6,35.57,completed,0.1256
O503160,C100879,2023-07-30,retail_partner,beauty,1,47.19,0.0,47.19,21.8,25.39,completed,0.538
O503160,C100879,2023-07-30,retail_partner,footwear,1,221.29,11.06,210.23,136.98,73.25,completed,0.3484
O503160,C100879,2023-07-30,retail_partner,footwear,3,93.35,42.01,238.04,141.77,96.27,completed,0.4044
O500434,C100145,2023-07-31,mobile_app,footwear,2,142.16,56.86,227.46,148.13,79.33,completed,0.3488
O500434,C100145,2023-07-31,mobile_app,home,3,94.09,56.45,225.82,131.19,94.63,completed,0.4191
O500434,C100145,2023-07-31,mobile_app,apparel,1,86.0,0.0,86.0,48.7,37.3,completed,0.4337
O501097,C100330,2023-07-31,mobile_app,beauty,2,20.37,8.15,32.59,15.24,17.35,completed,0.5324
O501097,C100330,2023-07-31,mobile_app,apparel,1,51.84,2.59,49.25,27.21,22.04,completed,0.4475
O501097,C100330,2023-07-31,mobile_app,apparel,3,38.23,0.0,114.69,67.38,47.31,completed,0.4125
O501944,C100549,2023-07-31,marketplace,apparel,1,92.08,0.0,92.08,56.9,35.18,completed,0.3821
O501944,C100549,2023-07-31,marketplace,apparel,1,91.62,18.32,73.3,38.6,34.7,completed,0.4734
O503161,C100879,2023-08-01,web,beauty,1,38.02,0.0,38.02,17.93,20.09,completed,0.5284
O503161,C100879,2023-08-01,web,apparel,3,82.94,24.88,223.94,128.85,95.09,completed,0.4246
O500359,C100117,2023-08-04,mobile_app,footwear,3,48.39,7.26,137.91,81.77,56.14,completed,0.4071
O501866,C100527,2023-08-04,mobile_app,footwear,2,107.68,21.54,193.82,114.78,79.04,completed,0.4078
O501866,C100527,2023-08-04,mobile_app,footwear,1,93.68,0.0,93.68,59.74,33.94,completed,0.3623
O502672,C100767,2023-08-04,mobile_app,electronics,2,232.57,23.26,441.88,360.13,81.75,completed,0.185
O503013,C100847,2023-08-04,marketplace,beauty,3,37.85,17.03,96.52,46.21,50.31,completed,0.5212
O503013,C100847,2023-08-04,marketplace,accessories,2,61.92,0.0,123.84,62.44,61.4,completed,0.4958
O500755,C100233,2023-08-05,mobile_app,accessories,2,78.26,31.3,125.22,64.77,60.45,completed,0.4828
O501532,C100452,2023-08-06,mobile_app,footwear,1,186.16,37.23,148.93,77.98,70.95,completed,0.4764
O501795,C100508,2023-08-06,retail_partner,beauty,1,49.53,9.91,39.62,19.34,20.28,completed,0.5119
O501533,C100452,2023-08-07,mobile_app,footwear,1,154.74,23.21,131.53,78.38,53.15,completed,0.4041
O501353,C100409,2023-08-08,marketplace,electronics,1,217.06,0.0,217.06,184.76,32.3,completed,0.1488
O501353,C100409,2023-08-08,marketplace,beauty,3,33.73,0.0,101.19,49.38,51.81,completed,0.512
O501353,C100409,2023-08-08,marketplace,accessories,1,42.24,0.0,42.24,22.19,20.05,completed,0.4747
O502696,C100769,2023-08-08,retail_partner,electronics,1,216.52,10.83,205.69,173.88,31.81,completed,0.1547
O503186,C100887,2023-08-08,mobile_app,electronics,3,191.34,0.0,574.02,484.28,89.74,completed,0.1563
O503186,C100887,2023-08-08,mobile_app,beauty,1,29.66,4.45,25.21,12.47,12.74,completed,0.5054
O503186,C100887,2023-08-08,mobile_app,electronics,3,164.95,49.48,445.37,355.64,89.73,completed,0.2015
O502983,C100837,2023-08-09,mobile_app,accessories,2,70.72,0.0,141.44,69.48,71.96,completed,0.5088
O502983,C100837,2023-08-09,mobile_app,apparel,3,102.79,61.67,246.7,133.34,113.36,completed,0.4595
O500455,C100148,2023-08-10,mobile_app,accessories,3,50.35,7.55,143.5,72.54,70.96,completed,0.4945
O501997,C100567,2023-08-10,web,electronics,1,141.92,7.1,134.82,116.29,18.53,completed,0.1374
O501997,C100567,2023-08-10,web,electronics,2,220.22,66.07,374.37,300.14,74.23,completed,0.1983
O501997,C100567,2023-08-10,web,apparel,2,39.41,0.0,78.82,44.53,34.29,completed,0.435
O502064,C100587,2023-08-10,marketplace,home,2,60.1,0.0,120.2,75.97,44.23,completed,0.368
O502139,C100613,2023-08-10,web,home,1,49.18,0.0,49.18,28.45,20.73,completed,0.4215
O502139,C100613,2023-08-10,web,apparel,2,38.25,11.47,65.03,35.7,29.33,completed,0.451
O502437,C100695,2023-08-10,web,electronics,2,159.56,0.0,319.12,261.96,57.16,completed,0.1791
O502437,C100695,2023-08-10,web,electronics,1,215.51,10.78,204.73,161.47,43.26,completed,0.2113
O502437,C100695,2023-08-10,web,home,2,60.61,18.18,103.04,68.33,34.71,completed,0.3369
O503176,C100881,2023-08-10,mobile_app,accessories,1,62.36,6.24,56.12,30.69,25.43,completed,0.4531
O503176,C100881,2023-08-10,mobile_app,apparel,3,49.42,7.41,140.85,73.83,67.02,completed,0.4758
O502363,C100664,2023-08-11,marketplace,apparel,2,59.19,5.92,112.46,59.74,52.72,completed,0.4688
O502363,C100664,2023-08-11,marketplace,footwear,3,105.46,31.64,284.74,171.23,113.51,completed,0.3986
O502363,C100664,2023-08-11,marketplace,electronics,2,151.03,0.0,302.06,240.93,61.13,completed,0.2024
O502502,C100713,2023-08-12,mobile_app,apparel,3,28.66,12.9,73.08,41.5,31.58,completed,0.4321
O502502,C100713,2023-08-12,mobile_app,electronics,2,244.65,48.93,440.37,345.57,94.8,completed,0.2153
O502502,C100713,2023-08-12,mobile_app,accessories,1,40.63,0.0,40.63,20.63,20.0,completed,0.4922
O500276,C100088,2023-08-13,mobile_app,electronics,3,228.26,34.24,650.54,496.35,154.19,completed,0.237
O500276,C100088,2023-08-13,mobile_app,beauty,2,21.48,2.15,40.81,17.97,22.84,completed,0.5597
O500276,C100088,2023-08-13,mobile_app,beauty,1,34.66,3.47,31.19,16.4,14.79,completed,0.4742
O501265,C100390,2023-08-13,web,footwear,2,128.79,0.0,257.58,153.0,104.58,completed,0.406
O501265,C100390,2023-08-13,web,beauty,1,45.72,0.0,45.72,21.63,24.09,completed,0.5269
O502529,C100722,2023-08-13,web,electronics,1,538.75,0.0,538.75,460.53,78.22,completed,0.1452
O502529,C100722,2023-08-13,web,apparel,1,87.02,13.05,73.97,37.11,36.86,completed,0.4983
O501374,C100418,2023-08-14,web,electronics,3,194.26,0.0,582.78,477.61,105.17,completed,0.1805
O501374,C100418,2023-08-14,web,footwear,3,117.66,17.65,335.33,226.14,109.19,completed,0.3256
O501374,C100418,2023-08-14,web,apparel,1,74.24,0.0,74.24,43.67,30.57,completed,0.4118
O501609,C100467,2023-08-14,web,accessories,1,43.47,6.52,36.95,17.71,19.24,completed,0.5207
O501609,C100467,2023-08-14,web,footwear,2,74.56,0.0,149.12,97.33,51.79,completed,0.3473
O502093,C100596,2023-08-15,web,electronics,1,380.65,0.0,380.65,315.97,64.68,completed,0.1699
O502530,C100722,2023-08-15,web,home,3,172.9,25.94,492.76,329.45,163.31,completed,0.3314
O502810,C100801,2023-08-16,web,beauty,1,53.01,2.65,50.36,24.7,25.66,completed,0.5095
O502810,C100801,2023-08-16,web,footwear,3,187.29,0.0,561.87,321.9,239.97,completed,0.4271
O502810,C100801,2023-08-16,web,home,2,121.31,24.26,218.36,143.96,74.4,completed,0.3407
O500665,C100200,2023-08-17,web,electronics,1,200.56,20.06,180.5,146.7,33.8,completed,0.1873
O500665,C100200,2023-08-17,web,footwear,3,94.34,42.45,240.57,146.87,93.7,completed,0.3895
O502227,C100634,2023-08-17,mobile_app,electronics,1,408.1,20.41,387.69,311.17,76.52,completed,0.1974
O502227,C100634,2023-08-17,mobile_app,home,3,125.8,0.0,377.4,217.53,159.87,completed,0.4236
O503136,C100875,2023-08-17,retail_partner,accessories,1,56.6,8.49,48.11,23.26,24.85,completed,0.5165
O503136,C100875,2023-08-17,retail_partner,home,2,95.01,0.0,190.02,126.96,63.06,completed,0.3319
O503136,C100875,2023-08-17,retail_partner,accessories,2,108.27,32.48,184.06,94.1,89.96,completed,0.4888
O500617,C100188,2023-08-18,web,footwear,3,100.01,0.0,300.03,187.75,112.28,completed,0.3742
O500617,C100188,2023-08-18,web,accessories,1,36.85,7.37,29.48,15.08,14.4,completed,0.4885
O500617,C100188,2023-08-18,web,home,3,41.25,6.19,117.56,72.38,45.18,completed,0.3843
O502123,C100605,2023-08-19,web,home,1,72.8,0.0,72.8,42.86,29.94,completed,0.4113
O502123,C100605,2023-08-19,web,accessories,2,48.29,4.83,91.75,50.1,41.65,completed,0.454
O502123,C100605,2023-08-19,web,home,3,63.2,37.92,151.68,94.59,57.09,completed,0.3764
O502382,C100674,2023-08-19,mobile_app,beauty,2,35.91,10.77,61.05,28.5,32.55,completed,0.5332
O502382,C100674,2023-08-19,mobile_app,electronics,1,250.53,50.11,200.42,168.42,32.0,completed,0.1597
O502382,C100674,2023-08-19,mobile_app,apparel,1,65.5,3.28,62.22,32.77,29.45,completed,0.4733
O501736,C100497,2023-08-20,web,accessories,2,50.83,10.17,91.49,45.52,45.97,completed,0.5025
O501290,C100395,2023-08-21,mobile_app,beauty,2,21.65,0.0,43.3,21.29,22.01,completed,0.5083
O501290,C100395,2023-08-21,mobile_app,beauty,3,28.23,8.47,76.22,36.12,40.1,completed,0.5261
O501290,C100395,2023-08-21,mobile_app,home,3,44.99,20.25,114.72,72.43,42.29,completed,0.3686
O500277,C100088,2023-08-22,web,apparel,2,38.09,15.24,60.94,31.9,29.04,completed,0.4765
O500610,C100187,2023-08-22,retail_partner,accessories,1,68.95,3.45,65.5,32.71,32.79,completed,0.5006
O500610,C100187,2023-08-22,retail_partner,beauty,3,50.98,22.94,130.0,65.79,64.21,completed,0.4939
O500851,C100251,2023-08-22,retail_partner,apparel,2,48.18,4.82,91.54,51.6,39.94,completed,0.4363
O500244,C100077,2023-08-23,web,apparel,2,61.62,6.16,117.08,61.79,55.29,completed,0.4722
O500244,C100077,2023-08-23,web,electronics,2,274.54,0.0,549.08,434.34,114.74,completed,0.209
O500244,C100077,2023-08-23,web,apparel,1,47.19,0.0,47.19,26.91,20.28,completed,0.4298
O500357,C100116,2023-08-23,web,home,2,132.73,53.09,212.37,133.18,79.19,completed,0.3729
O500357,C100116,2023-08-23,web,electronics,2,219.92,0.0,439.84,362.66,77.18,completed,0.1755
O500357,C100116,2023-08-23,web,accessories,2,46.05,4.6,87.5,44.47,43.03,completed,0.4918
O502801,C100799,2023-08-23,marketplace,beauty,2,50.72,0.0,101.44,44.48,56.96,completed,0.5615
O502801,C100799,2023-08-23,marketplace,beauty,3,51.33,23.1,130.89,63.56,67.33,completed,0.5144
O502251,C100638,2023-08-24,web,apparel,1,59.97,0.0,59.97,31.77,28.2,completed,0.4702
O502251,C100638,2023-08-24,web,accessories,1,49.31,0.0,49.31,23.47,25.84,completed,0.524
O502251,C100638,2023-08-24,web,footwear,2,50.55,20.22,80.88,47.03,33.85,completed,0.4185
O502252,C100638,2023-08-25,web,apparel,3,59.79,26.91,152.46,87.02,65.44,completed,0.4292
O502252,C100638,2023-08-25,web,electronics,2,322.06,0.0,644.12,564.81,79.31,completed,0.1231
O500108,C100047,2023-08-26,retail_partner,home,2,123.27,0.0,246.54,157.29,89.25,completed,0.362
O501737,C100497,2023-08-27,web,footwear,3,120.02,72.01,288.05,172.58,115.47,completed,0.4009
O501813,C100511,2023-08-27,web,apparel,2,51.53,5.15,97.91,55.17,42.74,completed,0.4365
O501813,C100511,2023-08-27,web,apparel,3,46.72,0.0,140.16,81.6,58.56,completed,0.4178
O503014,C100847,2023-08-27,mobile_app,accessories,3,68.29,10.24,194.63,90.18,104.45,completed,0.5367
O503014,C100847,2023-08-27,mobile_app,accessories,2,64.45,19.34,109.56,57.4,52.16,completed,0.4761
O500899,C100271,2023-08-28,web,accessories,3,91.94,0.0,275.82,128.56,147.26,completed,0.5339
O500899,C100271,2023-08-28,web,apparel,2,81.07,8.11,154.03,82.48,71.55,completed,0.4645
O500899,C100271,2023-08-28,web,beauty,1,35.3,0.0,35.3,17.35,17.95,completed,0.5085
O500978,C100280,2023-08-28,web,footwear,1,66.34,0.0,66.34,42.9,23.44,completed,0.3533
O502228,C100634,2023-08-28,mobile_app,electronics,3,391.96,0.0,1175.88,960.4,215.48,completed,0.1832
O502228,C100634,2023-08-28,mobile_app,accessories,3,79.6,35.82,202.98,101.48,101.5,completed,0.5
O502335,C100653,2023-08-28,marketplace,home,1,97.21,0.0,97.21,59.78,37.43,completed,0.385
O502335,C100653,2023-08-28,marketplace,beauty,2,25.18,10.07,40.29,20.04,20.25,completed,0.5026
O502335,C100653,2023-08-28,marketplace,apparel,3,58.75,8.81,167.44,101.88,65.56,completed,0.3915
O501569,C100455,2023-08-30,mobile_app,beauty,2,31.7,0.0,63.4,28.83,34.57,completed,0.5453
O501610,C100467,2023-08-30,mobile_app,beauty,2,34.09,0.0,68.18,32.72,35.46,completed,0.5201
O501610,C100467,2023-08-30,mobile_app,footwear,3,75.5,33.98,192.52,112.37,80.15,completed,0.4163
O501610,C100467,2023-08-30,mobile_app,beauty,2,45.78,0.0,91.56,44.33,47.23,completed,0.5158
O501772,C100506,2023-08-30,mobile_app,electronics,3,303.3,0.0,909.9,709.3,200.6,completed,0.2205
O500379,C100127,2023-08-31,mobile_app,home,3,100.17,0.0,300.51,174.65,125.86,completed,0.4188
O502222,C100632,2023-08-31,mobile_app,accessories,1,33.52,0.0,33.52,15.77,17.75,completed,0.5295
O502222,C100632,2023-08-31,mobile_app,accessories,3,39.74,23.84,95.38,47.75,47.63,completed,0.4994
O502222,C100632,2023-08-31,mobile_app,accessories,3,46.63,20.98,118.91,64.25,54.66,completed,0.4597
O500756,C100233,2023-09-01,web,electronics,3,462.58,0.0,1387.74,1204.93,182.81,completed,0.1317
O500756,C100233,2023-09-01,web,footwear,2,210.97,0.0,421.94,270.51,151.43,completed,0.3589
O500756,C100233,2023-09-01,web,accessories,1,63.06,0.0,63.06,32.42,30.64,completed,0.4859
O502937,C100826,2023-09-01,mobile_app,electronics,3,179.89,107.93,431.74,339.58,92.16,completed,0.2135
O502937,C100826,2023-09-01,mobile_app,beauty,3,26.76,0.0,80.28,39.18,41.1,completed,0.512
O503162,C100879,2023-09-03,web,apparel,3,89.42,26.83,241.43,141.05,100.38,completed,0.4158
O503162,C100879,2023-09-03,web,beauty,3,40.39,0.0,121.17,56.9,64.27,completed,0.5304
O503162,C100879,2023-09-03,web,accessories,3,73.68,0.0,221.04,111.39,109.65,completed,0.4961
O500826,C100248,2023-09-04,mobile_app,electronics,1,312.1,31.21,280.89,236.41,44.48,completed,0.1584
O500826,C100248,2023-09-04,mobile_app,apparel,2,81.02,0.0,162.04,86.6,75.44,completed,0.4656
O501796,C100508,2023-09-04,web,electronics,1,299.44,0.0,299.44,254.82,44.62,completed,0.149
O501796,C100508,2023-09-04,web,footwear,1,136.96,13.7,123.26,78.59,44.67,completed,0.3624
O502570,C100733,2023-09-04,marketplace,beauty,1,25.17,1.26,23.91,10.78,13.13,completed,0.5491
O502570,C100733,2023-09-04,marketplace,apparel,2,52.63,0.0,105.26,60.99,44.27,completed,0.4206
O502708,C100774,2023-09-04,marketplace,accessories,3,25.24,11.36,64.36,32.51,31.85,completed,0.4949
O502708,C100774,2023-09-04,marketplace,footwear,1,75.36,7.54,67.82,40.81,27.01,completed,0.3983
O500268,C100082,2023-09-05,web,footwear,3,41.91,25.15,100.58,63.73,36.85,completed,0.3664
O501738,C100497,2023-09-06,web,accessories,1,85.63,0.0,85.63,42.98,42.65,completed,0.4981
O502802,C100799,2023-09-06,marketplace,home,1,100.19,0.0,100.19,60.95,39.24,completed,0.3917
O502802,C100799,2023-09-06,marketplace,accessories,1,92.47,4.62,87.85,44.47,43.38,completed,0.4938
O500142,C100054,2023-09-07,web,accessories,3,28.8,4.32,82.08,40.76,41.32,completed,0.5034
O500142,C100054,2023-09-07,web,electronics,2,145.93,14.59,277.27,257.73,19.54,completed,0.0705
O500142,C100054,2023-09-07,web,apparel,2,29.9,2.99,56.81,31.16,25.65,completed,0.4515
O500524,C100165,2023-09-08,retail_partner,home,3,74.17,11.13,211.38,122.08,89.3,completed,0.4225
O500524,C100165,2023-09-08,retail_partner,apparel,2,63.18,0.0,126.36,73.0,53.36,completed,0.4223
O501739,C100497,2023-09-09,web,home,1,113.38,22.68,90.7,54.43,36.27,completed,0.3999
O501739,C100497,2023-09-09,web,electronics,2,455.73,0.0,911.46,702.77,208.69,completed,0.229
O501739,C100497,2023-09-09,web,apparel,3,115.14,0.0,345.42,184.14,161.28,completed,0.4669
O502646,C100761,2023-09-09,web,electronics,3,370.76,0.0,1112.28,941.87,170.41,completed,0.1532
O502646,C100761,2023-09-09,web,electronics,1,344.85,0.0,344.85,270.0,74.85,completed,0.2171
O502646,C100761,2023-09-09,web,apparel,2,101.06,0.0,202.12,106.72,95.4,completed,0.472
O500137,C100052,2023-09-11,web,apparel,2,64.18,19.25,109.11,56.13,52.98,completed,0.4856
O500137,C100052,2023-09-11,web,electronics,3,231.38,0.0,694.14,603.79,90.35,completed,0.1302
O502158,C100615,2023-09-11,web,electronics,2,151.16,0.0,302.32,261.0,41.32,completed,0.1367
O502158,C100615,2023-09-11,web,footwear,1,69.93,10.49,59.44,36.97,22.47,completed,0.378
O502559,C100730,2023-09-11,web,accessories,2,42.58,12.77,72.39,37.96,34.43,completed,0.4756
O502559,C100730,2023-09-11,web,electronics,3,179.22,0.0,537.66,452.02,85.64,completed,0.1593
O500435,C100145,2023-09-12,web,apparel,1,74.6,0.0,74.6,40.99,33.61,completed,0.4505
O500435,C100145,2023-09-12,web,beauty,2,38.12,0.0,76.24,34.54,41.7,completed,0.547
O500435,C100145,2023-09-12,web,apparel,1,92.75,0.0,92.75,46.32,46.43,completed,0.5006
O502415,C100685,2023-09-12,web,beauty,1,28.87,5.77,23.1,11.56,11.54,completed,0.4996
O502415,C100685,2023-09-12,web,home,2,82.57,0.0,165.14,99.95,65.19,completed,0.3948
O502094,C100596,2023-09-13,web,electronics,3,337.81,101.34,912.09,724.99,187.1,completed,0.2051
O502094,C100596,2023-09-13,web,footwear,2,125.21,12.52,237.9,145.04,92.86,completed,0.3903
O501038,C100302,2023-09-14,marketplace,apparel,1,46.86,2.34,44.52,23.96,20.56,completed,0.4618
O501316,C100402,2023-09-14,web,home,3,84.65,0.0,253.95,160.62,93.33,completed,0.3675
O501316,C100402,2023-09-14,web,accessories,2,46.37,13.91,78.83,37.84,40.99,completed,0.52
O502087,C100595,2023-09-14,web,electronics,2,147.57,0.0,295.14,242.48,52.66,completed,0.1784
O502087,C100595,2023-09-14,web,apparel,3,45.55,20.5,116.15,68.55,47.6,completed,0.4098
O502087,C100595,2023-09-14,web,beauty,2,41.48,16.59,66.37,30.71,35.66,completed,0.5373
O502655,C100762,2023-09-15,web,footwear,1,119.63,0.0,119.63,66.4,53.23,completed,0.445
O502655,C100762,2023-09-15,web,apparel,3,60.01,27.0,153.03,78.63,74.4,completed,0.4862
O502655,C100762,2023-09-15,web,home,3,107.16,48.22,273.26,173.03,100.23,completed,0.3668
O502664,C100765,2023-09-15,marketplace,beauty,3,29.9,13.45,76.25,39.75,36.5,completed,0.4787
O502664,C100765,2023-09-15,marketplace,electronics,1,122.14,0.0,122.14,104.37,17.77,completed,0.1455
O502675,C100768,2023-09-15,web,home,2,143.06,42.92,243.2,155.27,87.93,completed,0.3616
O502675,C100768,2023-09-15,web,accessories,2,86.57,17.31,155.83,74.53,81.3,completed,0.5217
O501364,C100413,2023-09-16,mobile_app,electronics,2,190.74,57.22,324.26,297.87,26.39,completed,0.0814
O501364,C100413,2023-09-16,mobile_app,footwear,3,104.07,31.22,280.99,187.07,93.92,completed,0.3342
O501364,C100413,2023-09-16,mobile_app,accessories,1,34.2,3.42,30.78,13.73,17.05,completed,0.5539
O501465,C100436,2023-09-16,web,footwear,2,182.69,0.0,365.38,213.59,151.79,completed,0.4154
O501705,C100488,2023-09-16,marketplace,apparel,1,46.8,0.0,46.8,26.86,19.94,completed,0.4261
O501705,C100488,2023-09-16,marketplace,footwear,3,103.79,46.71,264.66,150.2,114.46,completed,0.4325
O501705,C100488,2023-09-16,marketplace,home,3,51.99,31.19,124.78,74.81,49.97,completed,0.4005
O502665,C100765,2023-09-16,mobile_app,electronics,1,184.93,27.74,157.19,132.66,24.53,completed,0.1561
O502665,C100765,2023-09-16,mobile_app,apparel,2,42.49,8.5,76.48,44.61,31.87,completed,0.4167
O502665,C100765,2023-09-16,mobile_app,footwear,3,94.69,0.0,284.07,152.52,131.55,completed,0.4631
O501291,C100395,2023-09-17,web,electronics,2,220.62,44.12,397.12,333.46,63.66,completed,0.1603
O501291,C100395,2023-09-17,web,accessories,3,61.22,0.0,183.66,91.34,92.32,completed,0.5027
O501291,C100395,2023-09-17,web,footwear,3,96.02,0.0,288.06,173.23,114.83,completed,0.3986
O501679,C100481,2023-09-17,marketplace,accessories,2,87.18,26.15,148.21,75.81,72.4,completed,0.4885
O502638,C100755,2023-09-17,marketplace,footwear,2,59.52,11.9,107.14,61.99,45.15,completed,0.4214
O502638,C100755,2023-09-17,marketplace,apparel,2,65.8,26.32,105.28,57.23,48.05,completed,0.4564
O502638,C100755,2023-09-17,marketplace,beauty,3,22.63,0.0,67.89,30.71,37.18,completed,0.5477
O501611,C100467,2023-09-18,web,footwear,2,94.52,0.0,189.04,127.62,61.42,completed,0.3249
O501611,C100467,2023-09-18,web,accessories,2,48.58,14.57,82.59,35.61,46.98,completed,0.5688
O501611,C100467,2023-09-18,web,accessories,3,68.57,10.29,195.42,100.62,94.8,completed,0.4851
O502988,C100838,2023-09-18,web,footwear,1,63.01,0.0,63.01,36.85,26.16,completed,0.4152
O500827,C100248,2023-09-19,marketplace,beauty,1,34.27,0.0,34.27,15.39,18.88,completed,0.5509
O500827,C100248,2023-09-19,marketplace,apparel,3,61.38,9.21,174.93,103.99,70.94,completed,0.4055
O502493,C100712,2023-09-19,web,electronics,3,314.82,141.67,802.79,620.72,182.07,completed,0.2268
O502493,C100712,2023-09-19,web,footwear,1,109.16,21.83,87.33,54.25,33.08,completed,0.3788
O502493,C100712,2023-09-19,web,home,1,88.14,0.0,88.14,55.03,33.11,completed,0.3757
O500828,C100248,2023-09-20,web,accessories,1,75.92,3.8,72.12,37.34,34.78,completed,0.4823
O501202,C100363,2023-09-20,web,footwear,1,63.25,0.0,63.25,39.07,24.18,completed,0.3823
O501945,C100549,2023-09-21,web,electronics,2,399.58,0.0,799.16,612.13,187.03,completed,0.234
O501945,C100549,2023-09-21,web,home,2,93.01,37.2,148.82,88.74,60.08,completed,0.4037
O500353,C100114,2023-09-22,web,footwear,3,77.88,0.0,233.64,134.85,98.79,completed,0.4228
O500353,C100114,2023-09-22,web,home,2,45.64,18.26,73.02,48.96,24.06,completed,0.3295
O502095,C100596,2023-09-22,mobile_app,accessories,3,77.65,0.0,232.95,111.67,121.28,completed,0.5206
O502229,C100634,2023-09-22,marketplace,accessories,2,80.49,32.2,128.78,65.06,63.72,completed,0.4948
O502229,C100634,2023-09-22,marketplace,electronics,3,274.28,0.0,822.84,669.34,153.5,completed,0.1865
O501797,C100508,2023-09-23,web,accessories,3,85.73,0.0,257.19,127.9,129.29,completed,0.5027
O502811,C100801,2023-09-23,web,electronics,3,301.58,180.95,723.79,639.45,84.34,completed,0.1165
O502811,C100801,2023-09-23,web,home,2,92.21,36.88,147.54,88.02,59.52,completed,0.4034
O501595,C100464,2023-09-24,web,apparel,1,92.81,0.0,92.81,53.88,38.93,completed,0.4195
O501612,C100467,2023-09-24,web,apparel,1,41.58,4.16,37.42,20.99,16.43,completed,0.4391
O501612,C100467,2023-09-24,web,electronics,2,219.5,87.8,351.2,301.52,49.68,completed,0.1415
O501612,C100467,2023-09-24,web,beauty,1,34.17,5.13,29.04,14.08,14.96,completed,0.5152
O501798,C100508,2023-09-24,web,home,1,118.22,5.91,112.31,67.64,44.67,completed,0.3977
O501798,C100508,2023-09-24,web,home,2,128.83,0.0,257.66,147.85,109.81,completed,0.4262
O500245,C100077,2023-09-25,retail_partner,accessories,2,44.13,0.0,88.26,46.36,41.9,completed,0.4747
O502641,C100757,2023-09-26,web,accessories,2,30.22,0.0,60.44,31.03,29.41,completed,0.4866
O501703,C100487,2023-09-27,web,home,1,79.04,7.9,71.14,46.09,25.05,completed,0.3521
O501703,C100487,2023-09-27,web,beauty,2,24.73,0.0,49.46,22.71,26.75,completed,0.5408
O502096,C100596,2023-09-27,marketplace,electronics,1,342.02,51.3,290.72,244.6,46.12,completed,0.1586
O500161,C100060,2023-09-28,mobile_app,home,1,89.49,8.95,80.54,50.1,30.44,completed,0.3779
O500161,C100060,2023-09-28,mobile_app,apparel,3,64.99,38.99,155.98,82.33,73.65,completed,0.4722
O501596,C100464,2023-09-28,marketplace,footwear,3,105.09,0.0,315.27,183.67,131.6,completed,0.4174
O501596,C100464,2023-09-28,marketplace,footwear,2,207.05,82.82,331.28,205.7,125.58,completed,0.3791
O502551,C100727,2023-09-28,web,footwear,1,93.44,0.0,93.44,62.45,30.99,completed,0.3317
O500118,C100049,2023-09-29,web,footwear,2,79.75,0.0,159.5,92.62,66.88,completed,0.4193
O502866,C100813,2023-09-29,marketplace,beauty,2,37.58,0.0,75.16,35.98,39.18,completed,0.5213
O500618,C100188,2023-09-30,mobile_app,home,3,53.08,31.85,127.39,78.72,48.67,completed,0.3821
O500618,C100188,2023-09-30,mobile_app,footwear,3,83.52,0.0,250.56,142.01,108.55,completed,0.4332
O502039,C100580,2023-09-30,mobile_app,electronics,3,411.47,0.0,1234.41,1068.68,165.73,completed,0.1343
O502039,C100580,2023-09-30,mobile_app,accessories,1,58.14,0.0,58.14,30.26,27.88,completed,0.4795
O502383,C100674,2023-09-30,mobile_app,footwear,2,95.81,0.0,191.62,115.29,76.33,completed,0.3983
O502383,C100674,2023-09-30,mobile_app,beauty,1,30.63,0.0,30.63,15.83,14.8,completed,0.4832
O502859,C100810,2023-10-01,mobile_app,beauty,2,25.0,0.0,50.0,23.16,26.84,completed,0.5368
O502859,C100810,2023-10-01,mobile_app,electronics,2,222.44,22.24,422.64,369.84,52.8,completed,0.1249
O501512,C100444,2023-10-03,mobile_app,electronics,1,269.09,53.82,215.27,159.99,55.28,completed,0.2568
O501512,C100444,2023-10-03,mobile_app,beauty,3,31.82,4.77,90.69,39.1,51.59,completed,0.5689
O501512,C100444,2023-10-03,mobile_app,home,3,103.86,0.0,311.58,189.06,122.52,completed,0.3932
O501613,C100467,2023-10-03,web,footwear,1,134.16,20.12,114.04,72.23,41.81,completed,0.3666
O502838,C100804,2023-10-03,web,home,3,103.68,62.21,248.83,154.13,94.7,completed,0.3806
O502838,C100804,2023-10-03,web,home,3,89.6,13.44,255.36,144.76,110.6,completed,0.4331
O502838,C100804,2023-10-03,web,beauty,2,47.99,0.0,95.98,46.68,49.3,completed,0.5136
O502244,C100635,2023-10-04,retail_partner,beauty,3,31.17,9.35,84.16,41.33,42.83,completed,0.5089
O502874,C100814,2023-10-04,web,accessories,1,58.7,0.0,58.7,28.68,30.02,completed,0.5114
O502874,C100814,2023-10-04,web,electronics,3,431.69,64.75,1230.32,1072.48,157.84,completed,0.1283
O502874,C100814,2023-10-04,web,accessories,2,66.4,0.0,132.8,66.75,66.05,completed,0.4974
O503150,C100876,2023-10-04,web,footwear,1,67.0,3.35,63.65,37.58,26.07,completed,0.4096
O503150,C100876,2023-10-04,web,accessories,1,38.58,0.0,38.58,18.54,20.04,completed,0.5194
O502384,C100674,2023-10-05,retail_partner,accessories,1,53.81,0.0,53.81,26.64,27.17,completed,0.5049
O502384,C100674,2023-10-05,retail_partner,footwear,3,58.58,0.0,175.74,105.38,70.36,completed,0.4004
O502456,C100701,2023-10-05,marketplace,electronics,3,206.57,92.96,526.75,395.68,131.07,completed,0.2488
O502456,C100701,2023-10-05,marketplace,home,1,47.92,9.58,38.34,26.06,12.28,completed,0.3203
O502456,C100701,2023-10-05,marketplace,accessories,1,29.51,0.0,29.51,15.13,14.38,completed,0.4873
O500520,C100163,2023-10-06,web,electronics,1,166.39,0.0,166.39,139.43,26.96,completed,0.162
O500520,C100163,2023-10-06,web,home,1,72.78,3.64,69.14,40.54,28.6,completed,0.4137
O500299,C100096,2023-10-07,web,beauty,1,31.19,1.56,29.63,14.53,15.1,completed,0.5096
O500299,C100096,2023-10-07,web,apparel,2,45.41,9.08,81.74,43.01,38.73,completed,0.4738
O500002,C100000,2023-10-08,marketplace,footwear,2,130.66,0.0,261.32,159.12,102.2,completed,0.3911
O500002,C100000,2023-10-08,marketplace,beauty,3,33.48,5.02,95.42,43.23,52.19,completed,0.547
O500002,C100000,2023-10-08,marketplace,footwear,3,111.91,0.0,335.73,176.9,158.83,completed,0.4731
O500146,C100055,2023-10-09,web,apparel,1,46.25,4.62,41.63,22.49,19.14,completed,0.4598
O502135,C100610,2023-10-09,marketplace,footwear,3,78.69,35.41,200.66,118.54,82.12,completed,0.4092
O502135,C100610,2023-10-09,marketplace,home,3,69.0,0.0,207.0,121.06,85.94,completed,0.4152
O502135,C100610,2023-10-09,marketplace,home,1,60.09,0.0,60.09,36.7,23.39,completed,0.3892
O502709,C100774,2023-10-09,retail_partner,footwear,3,74.49,22.35,201.12,126.85,74.27,completed,0.3693
O500428,C100143,2023-10-10,retail_partner,home,2,54.4,0.0,108.8,64.62,44.18,completed,0.4061
O500428,C100143,2023-10-10,retail_partner,home,3,93.72,0.0,281.16,184.23,96.93,completed,0.3448
O500428,C100143,2023-10-10,retail_partner,home,3,101.11,45.5,257.83,169.49,88.34,completed,0.3426
O501375,C100418,2023-10-10,mobile_app,beauty,2,25.59,10.24,40.94,19.65,21.29,completed,0.52
O501556,C100454,2023-10-10,mobile_app,home,2,144.28,0.0,288.56,176.32,112.24,completed,0.389
O501799,C100508,2023-10-10,marketplace,home,3,186.06,83.73,474.45,296.26,178.19,completed,0.3756
O502065,C100587,2023-10-10,web,footwear,3,77.5,46.5,186.0,111.72,74.28,completed,0.3994
O502065,C100587,2023-10-10,web,accessories,1,45.11,0.0,45.11,23.24,21.87,completed,0.4848
O502521,C100720,2023-10-10,retail_partner,beauty,3,32.95,19.77,79.08,36.79,42.29,completed,0.5348
O502521,C100720,2023-10-10,retail_partner,electronics,2,133.17,39.95,226.39,199.97,26.42,completed,0.1167
O502521,C100720,2023-10-10,retail_partner,footwear,1,78.26,15.65,62.61,32.51,30.1,completed,0.4808
O501310,C100400,2023-10-11,mobile_app,home,3,107.02,64.21,256.85,157.62,99.23,completed,0.3863
O501660,C100478,2023-10-12,marketplace,beauty,3,67.11,40.27,161.06,72.23,88.83,completed,0.5515
O501660,C100478,2023-10-12,marketplace,home,2,119.84,0.0,239.68,146.83,92.85,completed,0.3874
O502030,C100577,2023-10-12,marketplace,accessories,1,43.3,8.66,34.64,18.25,16.39,completed,0.4732
O502030,C100577,2023-10-12,marketplace,electronics,1,221.59,33.24,188.35,148.15,40.2,completed,0.2134
O502676,C100768,2023-10-12,web,footwear,3,146.67,0.0,440.01,270.23,169.78,completed,0.3859
O502677,C100768,2023-10-12,mobile_app,beauty,1,62.06,9.31,52.75,25.42,27.33,completed,0.5181
O502677,C100768,2023-10-12,mobile_app,beauty,3,45.14,13.54,121.88,54.01,67.87,completed,0.5569
O502079,C100592,2023-10-13,mobile_app,beauty,3,24.07,0.0,72.21,33.83,38.38,completed,0.5315
O502079,C100592,2023-10-13,mobile_app,electronics,2,111.71,0.0,223.42,188.49,34.93,completed,0.1563
O502079,C100592,2023-10-13,mobile_app,home,2,63.89,0.0,127.78,78.22,49.56,completed,0.3879
O501143,C100353,2023-10-14,web,accessories,3,43.03,6.45,122.64,59.55,63.09,completed,0.5144
O501143,C100353,2023-10-14,web,beauty,1,20.2,0.0,20.2,9.07,11.13,completed,0.551
O501143,C100353,2023-10-14,web,accessories,3,58.38,0.0,175.14,85.93,89.21,completed,0.5094
O502867,C100813,2023-10-14,web,beauty,3,25.44,7.63,68.69,31.66,37.03,completed,0.5391
O502867,C100813,2023-10-14,web,accessories,2,48.67,9.73,87.61,44.3,43.31,completed,0.4943
O502867,C100813,2023-10-14,web,footwear,2,76.59,30.64,122.54,72.91,49.63,completed,0.405
O502230,C100634,2023-10-15,mobile_app,electronics,2,471.79,47.18,896.4,732.07,164.33,completed,0.1833
O502230,C100634,2023-10-15,mobile_app,electronics,2,409.38,0.0,818.76,626.5,192.26,completed,0.2348
O502230,C100634,2023-10-15,mobile_app,electronics,3,389.42,116.83,1051.43,814.9,236.53,completed,0.225
O501013,C100293,2023-10-16,mobile_app,accessories,2,30.78,6.16,55.4,26.41,28.99,completed,0.5233
O501661,C100478,2023-10-16,web,electronics,1,389.43,38.94,350.49,321.08,29.41,completed,0.0839
O501661,C100478,2023-10-16,web,accessories,3,88.65,0.0,265.95,129.12,136.83,completed,0.5145
O501661,C100478,2023-10-16,web,apparel,1,89.94,0.0,89.94,48.98,40.96,completed,0.4554
O501753,C100498,2023-10-16,mobile_app,accessories,1,28.35,1.42,26.93,12.64,14.29,completed,0.5306
O501753,C100498,2023-10-16,mobile_app,accessories,1,42.96,0.0,42.96,21.2,21.76,completed,0.5065
O501753,C100498,2023-10-16,mobile_app,accessories,1,47.76,9.55,38.21,19.3,18.91,completed,0.4949
O501867,C100527,2023-10-16,retail_partner,home,2,62.53,0.0,125.06,77.75,47.31,completed,0.3783
O502710,C100775,2023-10-16,marketplace,footwear,3,142.29,85.37,341.5,211.57,129.93,completed,0.3805
O502710,C100775,2023-10-16,marketplace,accessories,2,41.74,0.0,83.48,39.6,43.88,completed,0.5256
O500250,C100078,2023-10-17,marketplace,accessories,2,58.02,23.21,92.83,44.68,48.15,completed,0.5187
O500900,C100271,2023-10-17,marketplace,footwear,1,189.69,0.0,189.69,108.1,81.59,completed,0.4301
O500900,C100271,2023-10-17,marketplace,apparel,3,112.24,67.34,269.38,153.12,116.26,completed,0.4316
O502001,C100569,2023-10-17,mobile_app,footwear,3,117.15,52.72,298.73,182.16,116.57,completed,0.3902
O502984,C100837,2023-10-17,marketplace,footwear,3,194.77,0.0,584.31,326.74,257.57,completed,0.4408
O502984,C100837,2023-10-17,marketplace,home,2,113.7,34.11,193.29,112.66,80.63,completed,0.4171
O500497,C100159,2023-10-18,web,home,1,105.65,0.0,105.65,66.32,39.33,completed,0.3723
O500497,C100159,2023-10-18,web,accessories,2,35.06,0.0,70.12,32.01,38.11,completed,0.5435
O500497,C100159,2023-10-18,web,accessories,2,44.53,0.0,89.06,43.32,45.74,completed,0.5136
O502894,C100817,2023-10-18,mobile_app,home,2,56.21,0.0,112.42,73.29,39.13,completed,0.3481
O502910,C100821,2023-10-18,web,home,3,74.8,22.44,201.96,115.83,86.13,completed,0.4265
O500226,C100070,2023-10-19,mobile_app,apparel,2,47.12,0.0,94.24,52.41,41.83,completed,0.4439
O500226,C100070,2023-10-19,mobile_app,footwear,1,101.75,5.09,96.66,54.8,41.86,completed,0.4331
O500226,C100070,2023-10-19,mobile_app,apparel,1,55.15,2.76,52.39,30.09,22.3,completed,0.4257
O501762,C100503,2023-10-19,web,footwear,1,42.09,0.0,42.09,25.45,16.64,completed,0.3953
O501762,C100503,2023-10-19,web,accessories,1,57.24,0.0,57.24,28.85,28.39,completed,0.496
O502426,C100690,2023-10-19,web,accessories,3,77.04,34.67,196.45,92.92,103.53,completed,0.527
O502426,C100690,2023-10-19,web,apparel,3,84.36,50.62,202.46,113.86,88.6,completed,0.4376
O502426,C100690,2023-10-19,web,accessories,3,71.89,43.13,172.54,87.6,84.94,completed,0.4923
O502832,C100803,2023-10-20,web,beauty,2,29.4,0.0,58.8,29.86,28.94,completed,0.4922
O502832,C100803,2023-10-20,web,footwear,2,107.5,43.0,172.0,104.99,67.01,completed,0.3896
O501557,C100454,2023-10-21,marketplace,home,1,133.56,0.0,133.56,82.89,50.67,completed,0.3794
O501557,C100454,2023-10-21,marketplace,electronics,1,372.5,18.62,353.88,275.88,78.0,completed,0.2204
O501557,C100454,2023-10-21,marketplace,accessories,2,106.37,31.91,180.83,99.2,81.63,completed,0.4514
O501800,C100508,2023-10-22,web,accessories,3,37.28,0.0,111.84,55.18,56.66,completed,0.5066
O502018,C100575,2023-10-22,web,beauty,3,51.54,7.73,146.89,75.46,71.43,completed,0.4863
O502253,C100638,2023-10-25,mobile_app,electronics,1,237.58,0.0,237.58,185.35,52.23,completed,0.2198
O502253,C100638,2023-10-25,mobile_app,electronics,1,115.1,23.02,92.08,79.53,12.55,completed,0.1363
O502253,C100638,2023-10-25,mobile_app,apparel,2,53.84,0.0,107.68,60.05,47.63,completed,0.4423
O502434,C100693,2023-10-25,web,beauty,1,29.77,0.0,29.77,12.93,16.84,completed,0.5657
O502434,C100693,2023-10-25,web,accessories,1,40.39,8.08,32.31,16.94,15.37,completed,0.4757
O502434,C100693,2023-10-25,web,electronics,2,157.6,0.0,315.2,254.63,60.57,completed,0.1922
O502851,C100809,2023-10-25,retail_partner,footwear,3,126.76,0.0,380.28,242.2,138.08,completed,0.3631
O502851,C100809,2023-10-25,retail_partner,home,3,53.33,0.0,159.99,94.2,65.79,completed,0.4112
O501223,C100371,2023-10-26,mobile_app,electronics,2,190.58,38.12,343.04,292.86,50.18,completed,0.1463
O501223,C100371,2023-10-26,mobile_app,accessories,1,34.0,5.1,28.9,13.11,15.79,completed,0.5464
O501223,C100371,2023-10-26,mobile_app,home,3,62.62,37.57,150.29,88.27,62.02,completed,0.4127
O501817,C100513,2023-10-26,mobile_app,electronics,1,377.64,0.0,377.64,304.51,73.13,completed,0.1937
O501817,C100513,2023-10-26,mobile_app,accessories,1,96.31,9.63,86.68,41.83,44.85,completed,0.5174
O501817,C100513,2023-10-26,mobile_app,footwear,1,144.63,28.93,115.7,70.25,45.45,completed,0.3928
O502097,C100596,2023-10-26,marketplace,home,1,110.02,0.0,110.02,70.21,39.81,completed,0.3618
O502639,C100756,2023-10-27,mobile_app,electronics,3,175.01,0.0,525.03,441.67,83.36,completed,0.1588
O501534,C100452,2023-10-28,web,electronics,1,239.34,23.93,215.41,170.54,44.87,completed,0.2083
O501946,C100549,2023-10-28,web,accessories,3,74.34,33.45,189.57,95.52,94.05,completed,0.4961
O501946,C100549,2023-10-28,web,electronics,3,443.69,0.0,1331.07,1146.7,184.37,completed,0.1385
O500032,C100016,2023-10-29,marketplace,accessories,3,59.26,0.0,177.78,80.85,96.93,completed,0.5452
O500032,C100016,2023-10-29,marketplace,footwear,3,160.58,0.0,481.74,278.73,203.01,completed,0.4214
O500032,C100016,2023-10-29,marketplace,apparel,1,82.59,0.0,82.59,44.26,38.33,completed,0.4641
O500090,C100041,2023-10-29,web,electronics,2,335.81,67.16,604.46,469.45,135.01,completed,0.2234
O500090,C100041,2023-10-29,web,electronics,1,227.87,0.0,227.87,179.13,48.74,completed,0.2139
O500046,C100017,2023-10-30,web,electronics,1,169.02,0.0,169.02,137.11,31.91,completed,0.1888
O500711,C100214,2023-10-30,mobile_app,electronics,3,214.51,96.53,547.0,476.09,70.91,completed,0.1296
O500711,C100214,2023-10-30,mobile_app,electronics,1,185.39,18.54,166.85,121.47,45.38,completed,0.272
O502124,C100606,2023-10-30,mobile_app,accessories,1,44.61,4.46,40.15,20.34,19.81,completed,0.4934
O502457,C100701,2023-10-30,marketplace,electronics,2,201.35,80.54,322.16,257.98,64.18,completed,0.1992
O502457,C100701,2023-10-30,marketplace,home,1,71.47,7.15,64.32,42.99,21.33,completed,0.3316
O502542,C100723,2023-10-30,web,footwear,2,82.18,24.65,139.71,82.08,57.63,completed,0.4125
O501229,C100373,2023-10-31,retail_partner,accessories,2,27.91,0.0,55.82,29.96,25.86,completed,0.4633
O501229,C100373,2023-10-31,retail_partner,accessories,2,48.56,0.0,97.12,48.47,48.65,completed,0.5009
O501433,C100427,2023-10-31,marketplace,accessories,2,63.25,6.33,120.17,56.58,63.59,completed,0.5292
O501433,C100427,2023-10-31,marketplace,apparel,2,83.12,8.31,157.93,86.28,71.65,completed,0.4537
O501433,C100427,2023-10-31,marketplace,footwear,2,126.01,25.2,226.82,131.55,95.27,completed,0.42
O501535,C100452,2023-10-31,retail_partner,electronics,2,271.48,27.15,515.81,415.06,100.75,completed,0.1953
O501764,C100504,2023-10-31,web,beauty,3,30.11,4.52,85.81,39.61,46.2,completed,0.5384
O501764,C100504,2023-10-31,web,apparel,1,36.55,5.48,31.07,15.72,15.35,completed,0.494
O501662,C100478,2023-11-01,mobile_app,electronics,3,425.52,63.83,1212.73,943.81,268.92,completed,0.2217
O501818,C100513,2023-11-01,web,home,2,132.2,0.0,264.4,171.53,92.87,completed,0.3512
O501818,C100513,2023-11-01,web,electronics,1,289.63,57.93,231.7,196.88,34.82,completed,0.1503
O500476,C100155,2023-11-03,web,electronics,3,263.31,118.49,671.44,516.13,155.31,completed,0.2313
O500476,C100155,2023-11-03,web,home,3,155.6,23.34,443.46,267.24,176.22,completed,0.3974
O502703,C100772,2023-11-03,marketplace,home,1,69.81,6.98,62.83,40.38,22.45,completed,0.3573
O502703,C100772,2023-11-03,marketplace,beauty,3,30.44,0.0,91.32,45.02,46.3,completed,0.507
O500399,C100133,2023-11-04,web,electronics,2,292.7,87.81,497.59,386.5,111.09,completed,0.2233
O500399,C100133,2023-11-04,web,footwear,1,98.3,0.0,98.3,61.29,37.01,completed,0.3765
O500946,C100276,2023-11-05,marketplace,electronics,3,154.93,0.0,464.79,393.5,71.29,completed,0.1534
O501853,C100522,2023-11-05,mobile_app,electronics,1,95.0,4.75,90.25,77.77,12.48,completed,0.1383
O501853,C100522,2023-11-05,mobile_app,footwear,3,105.77,63.46,253.85,150.58,103.27,completed,0.4068
O501853,C100522,2023-11-05,mobile_app,accessories,2,55.2,11.04,99.36,52.16,47.2,completed,0.475
O500294,C100095,2023-11-06,web,home,2,129.24,0.0,258.48,164.72,93.76,completed,0.3627
O500294,C100095,2023-11-06,web,apparel,1,91.67,4.58,87.09,45.37,41.72,completed,0.479
O500901,C100271,2023-11-06,web,accessories,2,66.48,19.94,113.02,59.79,53.23,completed,0.471
O500901,C100271,2023-11-06,web,electronics,3,260.2,0.0,780.6,681.86,98.74,completed,0.1265
O502293,C100645,2023-11-06,web,electronics,3,156.9,0.0,470.7,399.14,71.56,completed,0.152
O502293,C100645,2023-11-06,web,apparel,3,61.1,36.66,146.64,80.02,66.62,completed,0.4543
O502293,C100645,2023-11-06,web,beauty,1,26.84,2.68,24.16,12.03,12.13,completed,0.5021
O503079,C100859,2023-11-06,retail_partner,beauty,2,35.8,0.0,71.6,33.55,38.05,completed,0.5314
O500477,C100155,2023-11-07,marketplace,accessories,3,54.9,0.0,164.7,86.43,78.27,completed,0.4752
O501266,C100390,2023-11-07,marketplace,electronics,2,280.79,28.08,533.5,412.61,120.89,completed,0.2266
O501266,C100390,2023-11-07,marketplace,footwear,2,165.52,33.1,297.94,190.77,107.17,completed,0.3597
O501842,C100518,2023-11-08,mobile_app,home,3,58.33,0.0,174.99,107.65,67.34,completed,0.3848
O501842,C100518,2023-11-08,mobile_app,accessories,3,47.13,0.0,141.39,71.46,69.93,completed,0.4946
O501842,C100518,2023-11-08,mobile_app,beauty,2,19.81,0.0,39.62,19.12,20.5,completed,0.5174
O502875,C100814,2023-11-08,web,home,2,155.97,31.19,280.75,159.43,121.32,completed,0.4321
O502875,C100814,2023-11-08,web,home,3,90.24,13.54,257.18,168.45,88.73,completed,0.345
O502875,C100814,2023-11-08,web,home,2,81.84,8.18,155.5,94.25,61.25,completed,0.3939
O501347,C100407,2023-11-09,web,accessories,2,46.51,0.0,93.02,45.62,47.4,completed,0.5096
O501347,C100407,2023-11-09,web,apparel,3,56.21,16.86,151.77,84.3,67.47,completed,0.4446
O501354,C100409,2023-11-09,marketplace,accessories,2,40.65,4.07,77.23,35.81,41.42,completed,0.5363
O501354,C100409,2023-11-09,marketplace,home,3,61.46,27.66,156.72,96.2,60.52,completed,0.3862
O501536,C100452,2023-11-09,marketplace,beauty,1,21.79,0.0,21.79,10.11,11.68,completed,0.536
O501536,C100452,2023-11-09,marketplace,beauty,1,40.98,6.15,34.83,17.4,17.43,completed,0.5004
O501536,C100452,2023-11-09,marketplace,accessories,3,87.68,0.0,263.04,121.6,141.44,completed,0.5377
O501680,C100481,2023-11-09,web,apparel,1,55.44,0.0,55.44,32.13,23.31,completed,0.4205
O501680,C100481,2023-11-09,web,apparel,3,79.41,47.65,190.58,104.42,86.16,completed,0.4521
O501358,C100411,2023-11-10,marketplace,accessories,1,35.63,3.56,32.07,17.59,14.48,completed,0.4515
O501358,C100411,2023-11-10,marketplace,home,1,49.42,0.0,49.42,32.49,16.93,completed,0.3426
O501358,C100411,2023-11-10,marketplace,beauty,2,25.65,10.26,41.04,18.72,22.32,completed,0.5439
O501526,C100451,2023-11-10,marketplace,beauty,1,35.02,5.25,29.77,13.36,16.41,completed,0.5512
O502895,C100817,2023-11-10,marketplace,footwear,2,88.71,8.87,168.55,100.91,67.64,completed,0.4013
O502895,C100817,2023-11-10,marketplace,home,2,53.18,21.27,85.09,50.46,34.63,completed,0.407
O502915,C100822,2023-11-10,web,home,3,95.92,28.78,258.98,169.62,89.36,completed,0.345
O502915,C100822,2023-11-10,web,apparel,3,98.38,0.0,295.14,175.29,119.85,completed,0.4061
O500162,C100060,2023-11-11,mobile_app,footwear,2,121.33,0.0,242.66,141.78,100.88,completed,0.4157
O500162,C100060,2023-11-11,mobile_app,footwear,1,98.46,4.92,93.54,49.78,43.76,completed,0.4678
O500162,C100060,2023-11-11,mobile_app,apparel,1,43.77,0.0,43.77,24.66,19.11,completed,0.4366
O500757,C100233,2023-11-11,marketplace,electronics,2,359.55,35.96,683.14,554.95,128.19,completed,0.1876
O501868,C100527,2023-11-11,retail_partner,accessories,3,40.0,0.0,120.0,58.26,61.74,completed,0.5145
O501868,C100527,2023-11-11,retail_partner,beauty,2,26.11,7.83,44.39,22.42,21.97,completed,0.4949
O502647,C100761,2023-11-11,web,home,3,104.84,0.0,314.52,196.74,117.78,completed,0.3745
O502647,C100761,2023-11-11,web,accessories,1,58.85,0.0,58.85,30.19,28.66,completed,0.487
O503015,C100847,2023-11-11,web,beauty,2,58.14,23.26,93.02,44.26,48.76,completed,0.5242
O503015,C100847,2023-11-11,web,electronics,1,305.52,30.55,274.97,220.58,54.39,completed,0.1978
O503015,C100847,2023-11-11,web,home,2,144.24,0.0,288.48,181.57,106.91,completed,0.3706
O503124,C100871,2023-11-11,mobile_app,accessories,1,28.62,0.0,28.62,14.45,14.17,completed,0.4951
O502483,C100710,2023-11-12,web,beauty,3,29.16,4.37,83.11,42.67,40.44,completed,0.4866
O502531,C100722,2023-11-12,retail_partner,accessories,3,83.78,37.7,213.64,110.75,102.89,completed,0.4816
O502531,C100722,2023-11-12,retail_partner,accessories,1,75.04,3.75,71.29,35.18,36.11,completed,0.5065
O502531,C100722,2023-11-12,retail_partner,electronics,3,316.35,189.81,759.24,566.2,193.04,completed,0.2543
O502839,C100804,2023-11-12,mobile_app,apparel,1,90.54,0.0,90.54,50.64,39.9,completed,0.4407
O502839,C100804,2023-11-12,mobile_app,electronics,3,374.47,0.0,1123.41,954.08,169.33,completed,0.1507
O502839,C100804,2023-11-12,mobile_app,accessories,3,67.41,30.33,171.9,86.37,85.53,completed,0.4976
O502852,C100809,2023-11-13,retail_partner,footwear,1,98.48,19.7,78.78,47.59,31.19,completed,0.3959
O502852,C100809,2023-11-13,retail_partner,home,1,90.01,0.0,90.01,55.83,34.18,completed,0.3797
O500033,C100016,2023-11-14,mobile_app,footwear,2,159.07,0.0,318.14,194.61,123.53,completed,0.3883
O500033,C100016,2023-11-14,mobile_app,footwear,1,182.47,9.12,173.35,106.56,66.79,completed,0.3853
O500452,C100146,2023-11-14,web,apparel,3,45.5,6.83,129.67,71.64,58.03,completed,0.4475
O501537,C100452,2023-11-14,mobile_app,home,3,98.55,0.0,295.65,195.05,100.6,completed,0.3403
O501537,C100452,2023-11-14,mobile_app,home,2,156.58,0.0,313.16,184.26,128.9,completed,0.4116
O501537,C100452,2023-11-14,mobile_app,apparel,3,93.14,13.97,265.45,159.21,106.24,completed,0.4002
O503000,C100843,2023-11-14,mobile_app,beauty,2,46.46,9.29,83.63,40.65,42.98,completed,0.5139
O503000,C100843,2023-11-14,mobile_app,accessories,2,44.94,4.49,85.39,41.94,43.45,completed,0.5088
O500525,C100165,2023-11-15,retail_partner,beauty,2,22.37,0.0,44.74,20.64,24.1,completed,0.5387
O500525,C100165,2023-11-15,retail_partner,beauty,2,35.7,10.71,60.69,29.61,31.08,completed,0.5121
O500525,C100165,2023-11-15,retail_partner,apparel,1,62.99,6.3,56.69,30.6,26.09,completed,0.4602
O500563,C100176,2023-11-15,marketplace,apparel,1,66.98,6.7,60.28,35.09,25.19,completed,0.4179
O500563,C100176,2023-11-15,marketplace,electronics,1,147.68,22.15,125.53,103.94,21.59,completed,0.172
O500563,C100176,2023-11-15,marketplace,apparel,2,50.64,20.26,81.02,41.42,39.6,completed,0.4888
O501376,C100418,2023-11-15,marketplace,electronics,3,207.44,62.23,560.09,460.78,99.31,completed,0.1773
O502167,C100618,2023-11-16,mobile_app,electronics,2,295.17,0.0,590.34,482.05,108.29,completed,0.1834
O502167,C100618,2023-11-16,mobile_app,accessories,3,91.54,13.73,260.89,128.41,132.48,completed,0.5078
O502678,C100768,2023-11-16,web,electronics,1,346.51,0.0,346.51,285.08,61.43,completed,0.1773
O501582,C100460,2023-11-17,mobile_app,accessories,2,68.22,0.0,136.44,70.63,65.81,completed,0.4823
O501582,C100460,2023-11-17,mobile_app,beauty,1,23.05,1.15,21.9,10.9,11.0,completed,0.5023
O501582,C100460,2023-11-17,mobile_app,accessories,1,28.96,0.0,28.96,13.81,15.15,completed,0.5231
O500301,C100098,2023-11-18,mobile_app,home,3,84.85,0.0,254.55,168.24,86.31,completed,0.3391
O500301,C100098,2023-11-18,mobile_app,beauty,1,37.62,7.52,30.1,13.66,16.44,completed,0.5462
O501583,C100460,2023-11-18,mobile_app,accessories,3,48.5,29.1,116.4,52.54,63.86,completed,0.5486
O501583,C100460,2023-11-18,mobile_app,home,1,52.4,7.86,44.54,27.9,16.64,completed,0.3736
O500902,C100271,2023-11-19,mobile_app,home,2,151.4,0.0,302.8,192.81,109.99,completed,0.3632
O500902,C100271,2023-11-19,mobile_app,home,3,151.59,0.0,454.77,273.88,180.89,completed,0.3978
O502206,C100627,2023-11-19,web,electronics,1,153.63,7.68,145.95,129.59,16.36,completed,0.1121
O503048,C100851,2023-11-19,mobile_app,home,1,68.78,3.44,65.34,39.57,25.77,completed,0.3944
O503048,C100851,2023-11-19,mobile_app,apparel,2,60.32,0.0,120.64,67.29,53.35,completed,0.4422
O500436,C100145,2023-11-20,web,accessories,3,27.99,0.0,83.97,38.16,45.81,completed,0.5456
O500436,C100145,2023-11-20,web,electronics,1,283.19,42.48,240.71,207.73,32.98,completed,0.137
O500288,C100092,2023-11-22,web,beauty,3,29.49,0.0,88.47,43.04,45.43,completed,0.5135
O500758,C100233,2023-11-22,mobile_app,footwear,2,127.42,0.0,254.84,142.99,111.85,completed,0.4389
O500758,C100233,2023-11-22,mobile_app,home,1,101.52,0.0,101.52,64.36,37.16,completed,0.366
O500478,C100155,2023-11-23,web,accessories,2,44.09,17.64,70.54,34.66,35.88,completed,0.5086
O500478,C100155,2023-11-23,web,apparel,2,59.99,12.0,107.98,63.02,44.96,completed,0.4164
O500478,C100155,2023-11-23,web,beauty,1,54.54,0.0,54.54,26.9,27.64,completed,0.5068
O501224,C100371,2023-11-23,mobile_app,footwear,3,67.84,30.53,172.99,96.98,76.01,completed,0.4394
O501224,C100371,2023-11-23,mobile_app,footwear,3,90.63,13.59,258.3,161.22,97.08,completed,0.3758
O501844,C100519,2023-11-24,mobile_app,electronics,1,226.81,0.0,226.81,171.92,54.89,completed,0.242
O503031,C100849,2023-11-24,marketplace,electronics,1,270.48,27.05,243.43,175.19,68.24,completed,0.2803
O501648,C100476,2023-11-25,mobile_app,beauty,3,26.76,16.06,64.22,29.61,34.61,completed,0.5389
O503179,C100882,2023-11-25,web,accessories,3,33.85,5.08,96.47,48.45,48.02,completed,0.4978
O503179,C100882,2023-11-25,web,beauty,3,31.62,9.49,85.37,42.15,43.22,completed,0.5063
O503179,C100882,2023-11-25,web,apparel,3,40.77,12.23,110.08,60.45,49.63,completed,0.4509
O500704,C100211,2023-11-26,web,home,1,80.62,0.0,80.62,50.51,30.11,completed,0.3735
O500704,C100211,2023-11-26,web,beauty,1,21.8,2.18,19.62,9.44,10.18,completed,0.5189
O502160,C100616,2023-11-26,marketplace,accessories,2,41.5,12.45,70.55,32.45,38.1,completed,0.54
O502160,C100616,2023-11-26,marketplace,beauty,2,36.37,14.55,58.19,26.43,31.76,completed,0.5458
O502160,C100616,2023-11-26,marketplace,electronics,1,200.05,0.0,200.05,171.31,28.74,completed,0.1437
O502464,C100703,2023-11-27,mobile_app,apparel,2,55.78,11.16,100.4,57.17,43.23,completed,0.4306
O502464,C100703,2023-11-27,mobile_app,accessories,3,38.32,0.0,114.96,59.93,55.03,completed,0.4787
O500065,C100030,2023-11-28,mobile_app,footwear,2,85.84,0.0,171.68,108.06,63.62,completed,0.3706
O502488,C100711,2023-11-28,web,beauty,1,42.99,4.3,38.69,17.9,20.79,completed,0.5373
O502488,C100711,2023-11-28,web,home,1,84.31,0.0,84.31,55.49,28.82,completed,0.3418
O502488,C100711,2023-11-28,web,footwear,1,123.81,0.0,123.81,74.62,49.19,completed,0.3973
O500295,C100095,2023-11-29,web,home,3,130.75,58.84,333.41,227.29,106.12,completed,0.3183
O500295,C100095,2023-11-29,web,accessories,2,61.45,0.0,122.9,66.55,56.35,completed,0.4585
O500295,C100095,2023-11-29,web,footwear,2,118.47,0.0,236.94,161.58,75.36,completed,0.3181
O501100,C100333,2023-11-29,mobile_app,beauty,2,20.77,8.31,33.23,15.72,17.51,completed,0.5269
O501100,C100333,2023-11-29,mobile_app,home,1,78.28,0.0,78.28,48.77,29.51,completed,0.377
O501484,C100439,2023-11-29,retail_partner,beauty,1,18.35,0.92,17.43,7.17,10.26,completed,0.5886
O501484,C100439,2023-11-29,retail_partner,home,3,73.24,43.94,175.78,109.52,66.26,completed,0.3769
O500437,C100145,2023-11-30,mobile_app,beauty,1,30.83,6.17,24.66,12.09,12.57,completed,0.5097
O501030,C100298,2023-11-30,mobile_app,accessories,3,45.96,13.79,124.09,58.65,65.44,completed,0.5274
O502168,C100618,2023-11-30,mobile_app,beauty,2,65.37,6.54,124.2,61.74,62.46,completed,0.5029
O502168,C100618,2023-11-30,mobile_app,home,1,159.08,0.0,159.08,98.49,60.59,completed,0.3809
O501076,C100321,2023-12-01,mobile_app,footwear,2,159.85,15.98,303.72,182.06,121.66,completed,0.4006
O501076,C100321,2023-12-01,mobile_app,footwear,1,187.67,37.53,150.14,93.96,56.18,completed,0.3742
O501076,C100321,2023-12-01,mobile_app,beauty,2,83.0,33.2,132.8,59.86,72.94,completed,0.5492
O501267,C100390,2023-12-02,marketplace,footwear,3,201.74,30.26,574.96,380.79,194.17,completed,0.3377
O501267,C100390,2023-12-02,marketplace,beauty,2,41.54,8.31,74.77,37.64,37.13,completed,0.4966
O501267,C100390,2023-12-02,marketplace,footwear,2,149.71,0.0,299.42,177.73,121.69,completed,0.4064
O503016,C100847,2023-12-02,marketplace,apparel,1,75.95,15.19,60.76,34.13,26.63,completed,0.4383
O501896,C100536,2023-12-03,web,beauty,3,38.14,22.88,91.54,43.6,47.94,completed,0.5237
O501896,C100536,2023-12-03,web,accessories,3,44.57,0.0,133.71,63.56,70.15,completed,0.5246
O502169,C100618,2023-12-03,web,accessories,1,64.4,0.0,64.4,33.16,31.24,completed,0.4851
O500008,C100002,2023-12-04,web,apparel,2,36.88,0.0,73.76,37.91,35.85,completed,0.486
O500008,C100002,2023-12-04,web,apparel,1,55.4,11.08,44.32,23.91,20.41,completed,0.4605
O500696,C100208,2023-12-04,marketplace,home,3,79.05,47.43,189.72,120.75,68.97,completed,0.3635
O501144,C100353,2023-12-04,web,beauty,3,20.84,0.0,62.52,31.11,31.41,completed,0.5024
O501558,C100454,2023-12-04,retail_partner,electronics,3,383.41,0.0,1150.23,923.37,226.86,completed,0.1972
O501558,C100454,2023-12-04,retail_partner,accessories,1,39.75,0.0,39.75,20.67,19.08,completed,0.48
O501558,C100454,2023-12-04,retail_partner,beauty,2,48.49,9.7,87.28,43.14,44.14,completed,0.5057
O502040,C100580,2023-12-04,web,accessories,1,86.76,0.0,86.76,44.92,41.84,completed,0.4822
O502040,C100580,2023-12-04,web,footwear,3,60.13,0.0,180.39,116.97,63.42,completed,0.3516
O502098,C100596,2023-12-04,mobile_app,apparel,2,99.96,0.0,199.92,108.74,91.18,completed,0.4561
O502231,C100634,2023-12-04,web,footwear,1,168.14,25.22,142.92,81.45,61.47,completed,0.4301
O502812,C100801,2023-12-04,web,apparel,2,103.84,0.0,207.68,111.28,96.4,completed,0.4642
O502812,C100801,2023-12-04,web,beauty,3,43.7,19.67,111.43,54.96,56.47,completed,0.5068
O502812,C100801,2023-12-04,web,home,2,164.12,0.0,328.24,205.48,122.76,completed,0.374
O503193,C100890,2023-12-04,web,apparel,3,33.16,0.0,99.48,57.32,42.16,completed,0.4238
O503193,C100890,2023-12-04,web,apparel,2,24.84,0.0,49.68,26.62,23.06,completed,0.4642
O501077,C100321,2023-12-05,mobile_app,home,1,141.72,21.26,120.46,77.21,43.25,completed,0.359
O501077,C100321,2023-12-05,mobile_app,beauty,3,69.1,0.0,207.3,105.7,101.6,completed,0.4901
O501077,C100321,2023-12-05,mobile_app,home,3,135.22,0.0,405.66,244.42,161.24,completed,0.3975
O501215,C100368,2023-12-05,mobile_app,accessories,3,26.45,15.87,63.48,30.7,32.78,completed,0.5164
O501215,C100368,2023-12-05,mobile_app,home,2,61.47,0.0,122.94,76.5,46.44,completed,0.3777
O501215,C100368,2023-12-05,mobile_app,accessories,2,54.23,10.85,97.61,53.02,44.59,completed,0.4568
O502165,C100617,2023-12-05,web,home,1,80.41,0.0,80.41,49.59,30.82,completed,0.3833
O502165,C100617,2023-12-05,web,home,2,73.82,0.0,147.64,93.46,54.18,completed,0.367
O500109,C100047,2023-12-06,retail_partner,home,2,98.57,39.43,157.71,94.74,62.97,completed,0.3993
O500109,C100047,2023-12-06,retail_partner,apparel,1,106.9,10.69,96.21,52.51,43.7,completed,0.4542
O500109,C100047,2023-12-06,retail_partner,accessories,1,93.68,18.74,74.94,35.93,39.01,completed,0.5205
O500624,C100191,2023-12-06,retail_partner,footwear,1,66.57,6.66,59.91,38.6,21.31,completed,0.3557
O501156,C100357,2023-12-06,mobile_app,home,1,76.6,11.49,65.11,40.52,24.59,completed,0.3777
O502679,C100768,2023-12-06,mobile_app,electronics,1,349.72,0.0,349.72,325.47,24.25,completed,0.0693
O502679,C100768,2023-12-06,mobile_app,electronics,1,332.96,16.65,316.31,268.37,47.94,completed,0.1516
O502679,C100768,2023-12-06,mobile_app,apparel,1,104.44,20.89,83.55,46.81,36.74,completed,0.4397
O500368,C100121,2023-12-07,mobile_app,electronics,2,157.77,0.0,315.54,253.05,62.49,completed,0.198
O501538,C100452,2023-12-07,web,beauty,3,50.85,0.0,152.55,80.64,71.91,completed,0.4714
O501538,C100452,2023-12-07,web,electronics,1,372.13,55.82,316.31,263.26,53.05,completed,0.1677
O501538,C100452,2023-12-07,web,home,3,116.36,52.36,296.72,176.2,120.52,completed,0.4062
O501841,C100517,2023-12-07,mobile_app,electronics,3,222.78,66.83,601.51,516.59,84.92,completed,0.1412
O501841,C100517,2023-12-07,mobile_app,apparel,1,49.77,9.95,39.82,20.69,19.13,completed,0.4804
O500564,C100176,2023-12-08,marketplace,beauty,1,34.47,1.72,32.75,15.68,17.07,completed,0.5212
O500564,C100176,2023-12-08,marketplace,footwear,2,86.82,26.05,147.59,85.14,62.45,completed,0.4231
O502002,C100569,2023-12-08,web,home,3,92.67,41.7,236.31,147.54,88.77,completed,0.3757
O502925,C100824,2023-12-08,marketplace,electronics,3,164.44,24.67,468.65,378.61,90.04,completed,0.1921
O503153,C100878,2023-12-08,web,beauty,3,31.66,4.75,90.23,42.99,47.24,completed,0.5236
O503153,C100878,2023-12-08,web,home,1,94.82,4.74,90.08,51.42,38.66,completed,0.4292
O500545,C100172,2023-12-10,web,home,3,50.21,0.0,150.63,87.09,63.54,completed,0.4218
O500545,C100172,2023-12-10,web,accessories,1,30.0,6.0,24.0,11.16,12.84,completed,0.535
O500545,C100172,2023-12-10,web,beauty,1,26.25,0.0,26.25,12.72,13.53,completed,0.5154
O500903,C100271,2023-12-10,marketplace,footwear,2,149.24,44.77,253.71,158.67,95.04,completed,0.3746
O500936,C100275,2023-12-10,mobile_app,home,3,151.41,0.0,454.23,276.35,177.88,completed,0.3916
O500936,C100275,2023-12-10,mobile_app,beauty,1,60.56,12.11,48.45,23.88,24.57,completed,0.5071
O500261,C100080,2023-12-12,retail_partner,electronics,3,274.09,41.11,781.16,688.95,92.21,completed,0.118
O500261,C100080,2023-12-12,retail_partner,accessories,2,47.89,19.16,76.62,37.42,39.2,completed,0.5116
O500803,C100243,2023-12-12,mobile_app,apparel,3,43.26,0.0,129.78,67.89,61.89,completed,0.4769
O502041,C100580,2023-12-13,web,accessories,1,44.22,2.21,42.01,22.88,19.13,completed,0.4554
O502968,C100832,2023-12-13,web,beauty,3,22.32,10.04,56.92,27.27,29.65,completed,0.5209
O502968,C100832,2023-12-13,web,beauty,2,36.8,11.04,62.56,33.62,28.94,completed,0.4626
O502968,C100832,2023-12-13,web,beauty,1,19.65,3.93,15.72,7.7,8.02,completed,0.5102
O500759,C100233,2023-12-14,marketplace,electronics,3,295.05,132.77,752.38,636.67,115.71,completed,0.1538
O500759,C100233,2023-12-14,marketplace,accessories,1,92.24,9.22,83.02,42.4,40.62,completed,0.4893
O502946,C100827,2023-12-14,mobile_app,footwear,3,147.15,0.0,441.45,252.3,189.15,completed,0.4285
O500438,C100145,2023-12-15,mobile_app,apparel,2,103.11,10.31,195.91,99.95,95.96,completed,0.4898
O500438,C100145,2023-12-15,mobile_app,electronics,3,320.31,192.19,768.74,680.64,88.1,completed,0.1146
O501700,C100484,2023-12-15,mobile_app,footwear,3,58.59,0.0,175.77,99.13,76.64,completed,0.436
O502073,C100589,2023-12-15,web,accessories,3,28.08,4.21,80.03,41.3,38.73,completed,0.4839
O502073,C100589,2023-12-15,web,electronics,3,108.1,0.0,324.3,279.55,44.75,completed,0.138
O500619,C100188,2023-12-16,web,beauty,3,26.44,0.0,79.32,39.79,39.53,completed,0.4984
O501161,C100359,2023-12-16,retail_partner,apparel,2,73.52,0.0,147.04,83.67,63.37,completed,0.431
O501392,C100424,2023-12-16,retail_partner,apparel,1,123.86,0.0,123.86,69.53,54.33,completed,0.4386
O501392,C100424,2023-12-16,retail_partner,apparel,1,95.89,0.0,95.89,49.04,46.85,completed,0.4886
O501392,C100424,2023-12-16,retail_partner,accessories,3,55.7,16.71,150.39,79.36,71.03,completed,0.4723
O501539,C100452,2023-12-16,web,footwear,2,207.05,62.12,351.98,216.69,135.29,completed,0.3844
O501539,C100452,2023-12-16,web,electronics,2,599.83,0.0,1199.66,930.08,269.58,completed,0.2247
O502431,C100691,2023-12-17,marketplace,home,3,61.91,37.15,148.58,86.05,62.53,completed,0.4209
O502431,C100691,2023-12-17,marketplace,footwear,3,85.5,25.65,230.85,149.17,81.68,completed,0.3538
O500479,C100155,2023-12-18,web,home,3,113.01,50.85,288.18,170.45,117.73,completed,0.4085
O500479,C100155,2023-12-18,web,accessories,3,50.27,22.62,128.19,64.42,63.77,completed,0.4975
O501162,C100359,2023-12-19,mobile_app,apparel,3,88.06,0.0,264.18,141.18,123.0,completed,0.4656
O501162,C100359,2023-12-19,mobile_app,beauty,1,37.96,0.0,37.96,18.38,19.58,completed,0.5158
O501162,C100359,2023-12-19,mobile_app,apparel,2,107.22,0.0,214.44,116.9,97.54,completed,0.4549
O501163,C100359,2023-12-19,web,beauty,1,64.32,12.86,51.46,24.34,27.12,completed,0.527
O503137,C100875,2023-12-19,mobile_app,home,2,152.55,0.0,305.1,202.04,103.06,completed,0.3378
O501065,C100316,2023-12-20,mobile_app,footwear,3,96.46,0.0,289.38,183.21,106.17,completed,0.3669
O501164,C100359,2023-12-20,mobile_app,footwear,3,165.5,0.0,496.5,316.38,180.12,completed,0.3628
O501164,C100359,2023-12-20,mobile_app,home,3,115.53,0.0,346.59,214.35,132.24,completed,0.3815
O502125,C100606,2023-12-20,mobile_app,footwear,3,113.96,51.28,290.6,182.51,108.09,completed,0.372
O500227,C100070,2023-12-21,web,accessories,3,37.52,0.0,112.56,53.31,59.25,completed,0.5264
O502214,C100630,2023-12-21,mobile_app,electronics,2,214.7,64.41,364.99,293.84,71.15,completed,0.1949
O502214,C100630,2023-12-21,mobile_app,home,3,118.32,35.5,319.46,205.14,114.32,completed,0.3579
O502295,C100646,2023-12-21,web,footwear,3,76.12,22.84,205.52,127.4,78.12,completed,0.3801
O502295,C100646,2023-12-21,web,footwear,2,68.66,0.0,137.32,85.62,51.7,completed,0.3765
O502295,C100646,2023-12-21,web,beauty,1,22.44,0.0,22.44,10.36,12.08,completed,0.5383
O500107,C100046,2023-12-22,retail_partner,apparel,3,42.87,0.0,128.61,77.25,51.36,completed,0.3993
O500107,C100046,2023-12-22,retail_partner,beauty,2,16.23,1.62,30.84,14.13,16.71,completed,0.5418
O501935,C100544,2023-12-22,web,footwear,3,105.65,0.0,316.95,196.3,120.65,completed,0.3807
O501935,C100544,2023-12-22,web,beauty,3,22.79,0.0,68.37,34.58,33.79,completed,0.4942
O501935,C100544,2023-12-22,web,accessories,2,17.26,0.0,34.52,17.14,17.38,completed,0.5035
O502725,C100781,2023-12-22,web,home,1,131.21,19.68,111.53,74.82,36.71,completed,0.3291
O502725,C100781,2023-12-22,web,beauty,1,48.14,4.81,43.33,20.46,22.87,completed,0.5278
O502725,C100781,2023-12-22,web,accessories,2,99.16,9.92,188.4,89.2,99.2,completed,0.5265
O502920,C100823,2023-12-22,marketplace,apparel,3,57.67,0.0,173.01,89.28,83.73,completed,0.484
O502920,C100823,2023-12-22,marketplace,accessories,1,27.97,0.0,27.97,14.26,13.71,completed,0.4902
O500251,C100078,2023-12-23,marketplace,electronics,3,378.07,0.0,1134.21,832.4,301.81,completed,0.2661
O501651,C100477,2023-12-23,web,beauty,1,42.8,0.0,42.8,20.76,22.04,completed,0.515
O501651,C100477,2023-12-23,web,beauty,3,46.12,6.92,131.44,61.71,69.73,completed,0.5305
O502298,C100649,2023-12-23,marketplace,apparel,1,66.87,0.0,66.87,37.18,29.69,completed,0.444
O502507,C100715,2023-12-23,web,footwear,2,77.8,0.0,155.6,89.56,66.04,completed,0.4244
O500021,C100008,2023-12-24,web,home,2,66.4,19.92,112.88,70.09,42.79,completed,0.3791
O500086,C100039,2023-12-24,marketplace,beauty,1,22.63,0.0,22.63,11.31,11.32,completed,0.5002
O500086,C100039,2023-12-24,marketplace,home,2,73.1,7.31,138.89,78.12,60.77,completed,0.4375
O500310,C100101,2023-12-24,mobile_app,apparel,3,42.18,25.31,101.23,57.77,43.46,completed,0.4293
O501989,C100562,2023-12-24,marketplace,beauty,3,40.17,0.0,120.51,55.68,64.83,completed,0.538
O501989,C100562,2023-12-24,marketplace,electronics,1,283.38,0.0,283.38,254.13,29.25,completed,0.1032
O501989,C100562,2023-12-24,marketplace,footwear,3,77.95,46.77,187.08,109.35,77.73,completed,0.4155
O501597,C100464,2023-12-25,web,footwear,1,142.65,7.13,135.52,84.48,51.04,completed,0.3766
O501597,C100464,2023-12-25,web,apparel,1,86.68,13.0,73.68,40.12,33.56,completed,0.4555
O501597,C100464,2023-12-25,web,footwear,1,94.43,14.16,80.27,44.1,36.17,completed,0.4506
O502099,C100596,2023-12-25,web,accessories,2,87.04,0.0,174.08,87.64,86.44,completed,0.4966
O502099,C100596,2023-12-25,web,electronics,2,182.5,0.0,365.0,285.58,79.42,completed,0.2176
O502099,C100596,2023-12-25,web,beauty,3,52.49,0.0,157.47,76.17,81.3,completed,0.5163
O502232,C100634,2023-12-25,marketplace,home,1,127.39,0.0,127.39,82.41,44.98,completed,0.3531
O502232,C100634,2023-12-25,marketplace,home,2,204.61,0.0,409.22,258.6,150.62,completed,0.3681
O502745,C100785,2023-12-25,marketplace,accessories,2,80.77,0.0,161.54,78.09,83.45,completed,0.5166
O502745,C100785,2023-12-25,marketplace,home,2,137.56,13.76,261.36,175.18,86.18,completed,0.3297
O502745,C100785,2023-12-25,marketplace,footwear,2,157.98,31.6,284.36,166.46,117.9,completed,0.4146
O500862,C100255,2023-12-26,marketplace,apparel,1,43.56,8.71,34.85,18.98,15.87,completed,0.4554
O500862,C100255,2023-12-26,marketplace,electronics,3,198.03,0.0,594.09,467.45,126.64,completed,0.2132
O500862,C100255,2023-12-26,marketplace,home,1,49.61,2.48,47.13,29.08,18.05,completed,0.383
O501311,C100400,2023-12-26,marketplace,apparel,1,42.49,4.25,38.24,21.48,16.76,completed,0.4383
O502372,C100671,2023-12-26,web,apparel,3,36.23,10.87,97.82,59.95,37.87,completed,0.3871
O502372,C100671,2023-12-26,web,home,3,66.11,9.92,188.41,117.84,70.57,completed,0.3746
O500334,C100111,2023-12-27,mobile_app,accessories,1,78.64,3.93,74.71,38.08,36.63,completed,0.4903
O500334,C100111,2023-12-27,mobile_app,beauty,2,45.63,0.0,91.26,40.39,50.87,completed,0.5574
O500334,C100111,2023-12-27,mobile_app,electronics,3,308.33,138.75,786.24,622.88,163.36,completed,0.2078
O501078,C100321,2023-12-27,mobile_app,apparel,2,67.5,0.0,135.0,74.04,60.96,completed,0.4516
O501078,C100321,2023-12-27,mobile_app,electronics,2,390.36,0.0,780.72,645.01,135.71,completed,0.1738
O501078,C100321,2023-12-27,mobile_app,electronics,1,360.33,0.0,360.33,334.05,26.28,completed,0.0729
O501814,C100511,2023-12-27,mobile_app,accessories,2,43.5,0.0,87.0,44.4,42.6,completed,0.4897
O500829,C100248,2023-12-28,marketplace,electronics,3,316.04,142.22,805.9,649.69,156.21,completed,0.1938
O500829,C100248,2023-12-28,marketplace,apparel,1,87.24,8.72,78.52,43.47,35.05,completed,0.4464
O501947,C100549,2023-12-28,mobile_app,beauty,3,56.85,34.11,136.44,63.94,72.5,completed,0.5314
O501947,C100549,2023-12-28,mobile_app,apparel,2,82.62,33.05,132.19,73.11,59.08,completed,0.4469
O501947,C100549,2023-12-28,mobile_app,footwear,3,171.99,51.6,464.37,276.09,188.28,completed,0.4055
O500034,C100016,2023-12-29,mobile_app,apparel,3,90.08,54.05,216.19,123.5,92.69,completed,0.4287
O500543,C100171,2023-12-29,retail_partner,accessories,3,29.38,0.0,88.14,41.81,46.33,completed,0.5256
O501466,C100436,2023-12-29,web,apparel,3,64.17,9.63,182.88,110.33,72.55,completed,0.3967
O501466,C100436,2023-12-29,web,apparel,3,68.76,0.0,206.28,120.56,85.72,completed,0.4156
O502400,C100679,2023-12-29,marketplace,accessories,3,61.24,18.37,165.35,83.02,82.33,completed,0.4979
O502427,C100690,2023-12-29,retail_partner,accessories,1,66.37,0.0,66.37,33.91,32.46,completed,0.4891
O502427,C100690,2023-12-29,retail_partner,beauty,2,53.23,5.32,101.14,51.6,49.54,completed,0.4898
O502427,C100690,2023-12-29,retail_partner,electronics,2,419.27,0.0,838.54,674.15,164.39,completed,0.196
O502494,C100712,2023-12-29,mobile_app,footwear,1,112.51,11.25,101.26,58.22,43.04,completed,0.425
O502552,C100727,2023-12-29,retail_partner,apparel,1,50.48,5.05,45.43,26.56,18.87,completed,0.4154
O502552,C100727,2023-12-29,retail_partner,electronics,1,192.83,0.0,192.83,159.63,33.2,completed,0.1722
O502552,C100727,2023-12-29,retail_partner,electronics,2,254.52,50.9,458.14,382.17,75.97,completed,0.1658
O503187,C100887,2023-12-29,marketplace,footwear,1,102.5,0.0,102.5,62.18,40.32,completed,0.3934
O503187,C100887,2023-12-29,marketplace,home,2,79.65,23.89,135.41,84.55,50.86,completed,0.3756
O500335,C100111,2023-12-30,retail_partner,beauty,3,59.99,27.0,152.97,73.61,79.36,completed,0.5188
O502478,C100708,2023-12-30,mobile_app,apparel,1,67.05,6.71,60.34,29.95,30.39,completed,0.5036
O503017,C100847,2023-12-30,mobile_app,beauty,3,62.29,0.0,186.87,97.45,89.42,completed,0.4785
O502015,C100574,2023-12-31,marketplace,accessories,3,66.25,19.88,178.87,83.52,95.35,completed,0.5331
O502015,C100574,2023-12-31,marketplace,apparel,3,57.35,25.81,146.24,80.22,66.02,completed,0.4514
O502926,C100824,2023-12-31,mobile_app,home,1,116.39,5.82,110.57,66.54,44.03,completed,0.3982
O502926,C100824,2023-12-31,mobile_app,beauty,2,51.84,0.0,103.68,50.42,53.26,completed,0.5137
O503080,C100859,2023-12-31,web,beauty,1,38.95,0.0,38.95,19.37,19.58,completed,0.5027
O503080,C100859,2023-12-31,web,electronics,3,162.64,0.0,487.92,397.03,90.89,completed,0.1863
O503080,C100859,2023-12-31,web,electronics,2,170.67,68.27,273.07,228.38,44.69,completed,0.1637
O501304,C100398,2024-01-01,mobile_app,electronics,1,149.89,0.0,149.89,127.91,21.98,completed,0.1466
O501652,C100477,2024-01-01,web,footwear,2,153.37,30.67,276.07,156.37,119.7,completed,0.4336
O501652,C100477,2024-01-01,web,home,2,145.17,43.55,246.79,160.87,85.92,completed,0.3482
O502170,C100618,2024-01-01,mobile_app,electronics,2,294.29,0.0,588.58,503.29,85.29,completed,0.1449
O502170,C100618,2024-01-01,mobile_app,footwear,1,201.89,30.28,171.61,103.49,68.12,completed,0.3969
O502170,C100618,2024-01-01,mobile_app,apparel,2,69.64,20.89,118.39,66.36,52.03,completed,0.4395
O500122,C100051,2024-01-02,web,footwear,1,151.08,15.11,135.97,82.82,53.15,completed,0.3909
O500122,C100051,2024-01-02,web,home,1,128.8,0.0,128.8,85.49,43.31,completed,0.3363
O500122,C100051,2024-01-02,web,electronics,1,509.31,50.93,458.38,375.26,83.12,completed,0.1813
O500439,C100145,2024-01-02,web,apparel,2,111.65,22.33,200.97,110.06,90.91,completed,0.4524
O500439,C100145,2024-01-02,web,apparel,2,117.55,0.0,235.1,132.13,102.97,completed,0.438
O500439,C100145,2024-01-02,web,apparel,3,84.13,25.24,227.15,133.08,94.07,completed,0.4141
O500830,C100248,2024-01-02,marketplace,beauty,3,54.25,24.41,138.34,63.83,74.51,completed,0.5386
O500830,C100248,2024-01-02,marketplace,home,3,146.39,0.0,439.17,256.92,182.25,completed,0.415
O501592,C100463,2024-01-02,marketplace,beauty,1,35.11,0.0,35.11,17.24,17.87,completed,0.509
O501592,C100463,2024-01-02,marketplace,home,3,77.71,0.0,233.13,154.6,78.53,completed,0.3369
O501592,C100463,2024-01-02,marketplace,home,3,69.44,20.83,187.49,123.83,63.66,completed,0.3395
O501999,C100568,2024-01-02,web,home,1,49.83,2.49,47.34,27.0,20.34,completed,0.4297
O502171,C100618,2024-01-02,web,home,3,119.42,0.0,358.26,227.78,130.48,completed,0.3642
O502171,C100618,2024-01-02,web,apparel,2,110.18,0.0,220.36,117.36,103.0,completed,0.4674
O502171,C100618,2024-01-02,web,beauty,2,44.04,4.4,83.68,38.6,45.08,completed,0.5387
O500611,C100187,2024-01-03,mobile_app,apparel,1,109.62,0.0,109.62,58.91,50.71,completed,0.4626
O500611,C100187,2024-01-03,mobile_app,electronics,3,276.69,41.5,788.57,710.53,78.04,completed,0.099
O501021,C100296,2024-01-03,web,beauty,2,40.55,8.11,72.99,34.61,38.38,completed,0.5258
O502419,C100687,2024-01-03,web,apparel,1,22.05,2.21,19.84,9.9,9.94,completed,0.501
O502419,C100687,2024-01-03,web,footwear,3,85.96,0.0,257.88,138.95,118.93,completed,0.4612
O502813,C100801,2024-01-03,web,footwear,2,166.72,33.34,300.1,172.56,127.54,completed,0.425
O502813,C100801,2024-01-03,web,apparel,3,113.22,50.95,288.71,158.84,129.87,completed,0.4498
O500480,C100155,2024-01-04,mobile_app,home,1,200.22,0.0,200.22,121.43,78.79,completed,0.3935
O500480,C100155,2024-01-04,mobile_app,electronics,1,370.55,55.58,314.97,276.86,38.11,completed,0.121
O500480,C100155,2024-01-04,mobile_app,apparel,1,83.19,0.0,83.19,42.05,41.14,completed,0.4945
O500571,C100179,2024-01-04,marketplace,home,3,110.57,0.0,331.71,196.34,135.37,completed,0.4081
O500571,C100179,2024-01-04,marketplace,apparel,3,77.76,34.99,198.29,103.21,95.08,completed,0.4795
O500571,C100179,2024-01-04,marketplace,home,1,100.71,20.14,80.57,53.09,27.48,completed,0.3411
O500760,C100233,2024-01-04,marketplace,apparel,2,105.52,0.0,211.04,124.85,86.19,completed,0.4084
O500831,C100248,2024-01-04,mobile_app,footwear,2,248.94,0.0,497.88,290.45,207.43,completed,0.4166
O502560,C100730,2024-01-04,mobile_app,home,2,54.69,10.94,98.44,57.38,41.06,completed,0.4171
O502560,C100730,2024-01-04,mobile_app,beauty,1,21.24,1.06,20.18,9.36,10.82,completed,0.5362
O503215,C100899,2024-01-04,web,electronics,3,180.07,27.01,513.2,410.74,102.46,completed,0.1996
O503215,C100899,2024-01-04,web,beauty,2,38.86,0.0,77.72,37.14,40.58,completed,0.5221
O503215,C100899,2024-01-04,web,home,1,73.31,0.0,73.31,47.48,25.83,completed,0.3523
O502553,C100727,2024-01-05,mobile_app,home,3,55.94,0.0,167.82,109.13,58.69,completed,0.3497
O502553,C100727,2024-01-05,mobile_app,electronics,2,266.66,26.67,506.65,397.75,108.9,completed,0.2149
O502553,C100727,2024-01-05,mobile_app,home,1,91.8,0.0,91.8,57.51,34.29,completed,0.3735
O502035,C100579,2024-01-06,web,accessories,1,42.31,0.0,42.31,20.03,22.28,completed,0.5266
O502035,C100579,2024-01-06,web,beauty,1,24.17,3.63,20.54,9.4,11.14,completed,0.5424
O502364,C100665,2024-01-06,retail_partner,electronics,2,211.36,0.0,422.72,331.72,91.0,completed,0.2153
O502364,C100665,2024-01-06,retail_partner,electronics,1,183.63,27.54,156.09,134.56,21.53,completed,0.1379
O502364,C100665,2024-01-06,retail_partner,apparel,3,30.4,4.56,86.64,45.07,41.57,completed,0.4798
O500440,C100145,2024-01-07,web,electronics,1,308.28,0.0,308.28,235.07,73.21,completed,0.2375
O501701,C100485,2024-01-07,web,accessories,2,50.08,10.02,90.14,46.23,43.91,completed,0.4871
O501701,C100485,2024-01-07,web,apparel,1,38.01,0.0,38.01,21.61,16.4,completed,0.4315
O501701,C100485,2024-01-07,web,beauty,2,30.74,0.0,61.48,30.1,31.38,completed,0.5104
O502190,C100621,2024-01-07,web,accessories,3,23.6,10.62,60.18,31.94,28.24,completed,0.4693
O502190,C100621,2024-01-07,web,beauty,2,31.88,0.0,63.76,34.26,29.5,completed,0.4627
O503001,C100843,2024-01-07,web,accessories,1,44.13,8.83,35.3,17.55,17.75,completed,0.5028
O503001,C100843,2024-01-07,web,home,3,102.49,30.75,276.72,171.75,104.97,completed,0.3793
O503001,C100843,2024-01-07,web,accessories,1,45.33,0.0,45.33,23.01,22.32,completed,0.4924
O500220,C100069,2024-01-08,mobile_app,apparel,1,41.78,4.18,37.6,21.11,16.49,completed,0.4386
O501145,C100353,2024-01-08,web,electronics,1,221.18,33.18,188.0,153.37,34.63,completed,0.1842
O501819,C100513,2024-01-08,mobile_app,electronics,2,344.18,34.42,653.94,533.63,120.31,completed,0.184
O501819,C100513,2024-01-08,mobile_app,beauty,3,39.61,0.0,118.83,60.82,58.01,completed,0.4882
O501819,C100513,2024-01-08,mobile_app,electronics,3,231.69,104.26,590.81,508.76,82.05,completed,0.1389
O502532,C100722,2024-01-08,marketplace,accessories,3,36.5,0.0,109.5,53.83,55.67,completed,0.5084
O502532,C100722,2024-01-08,marketplace,home,3,119.18,71.51,286.03,156.24,129.79,completed,0.4538
O501393,C100424,2024-01-09,mobile_app,apparel,2,89.68,8.97,170.39,98.46,71.93,completed,0.4221
O502927,C100824,2024-01-09,web,accessories,1,82.58,0.0,82.58,41.7,40.88,completed,0.495
O500441,C100145,2024-01-10,web,electronics,1,336.0,67.2,268.8,193.1,75.7,completed,0.2816
O500441,C100145,2024-01-10,web,beauty,1,49.38,0.0,49.38,23.13,26.25,completed,0.5316
O500441,C100145,2024-01-10,web,electronics,1,313.6,47.04,266.56,228.66,37.9,completed,0.1422
O502648,C100761,2024-01-10,marketplace,footwear,2,174.26,0.0,348.52,230.44,118.08,completed,0.3388
O502648,C100761,2024-01-10,marketplace,electronics,1,196.71,19.67,177.04,137.69,39.35,completed,0.2223
O502648,C100761,2024-01-10,marketplace,footwear,3,180.03,81.01,459.08,273.81,185.27,completed,0.4036
O502911,C100821,2024-01-10,marketplace,apparel,3,59.44,26.75,151.57,88.62,62.95,completed,0.4153
O502911,C100821,2024-01-10,marketplace,electronics,2,254.86,25.49,484.23,373.66,110.57,completed,0.2283
O502911,C100821,2024-01-10,marketplace,apparel,1,61.59,0.0,61.59,32.69,28.9,completed,0.4692
O503055,C100853,2024-01-10,web,beauty,1,32.64,0.0,32.64,16.22,16.42,completed,0.5031
O503055,C100853,2024-01-10,web,apparel,2,34.34,0.0,68.68,36.58,32.1,completed,0.4674
O500679,C100202,2024-01-11,web,beauty,3,41.41,6.21,118.02,53.31,64.71,completed,0.5483
O501216,C100368,2024-01-11,mobile_app,home,1,48.18,0.0,48.18,28.84,19.34,completed,0.4014
O501216,C100368,2024-01-11,mobile_app,beauty,1,30.48,0.0,30.48,14.91,15.57,completed,0.5108
O501216,C100368,2024-01-11,mobile_app,accessories,2,32.54,0.0,65.08,34.49,30.59,completed,0.47
O502166,C100617,2024-01-11,mobile_app,beauty,3,28.26,8.48,76.3,38.25,38.05,completed,0.4987
O502166,C100617,2024-01-11,mobile_app,accessories,2,33.77,0.0,67.54,34.21,33.33,completed,0.4935
O502299,C100649,2024-01-11,mobile_app,home,3,60.1,36.06,144.24,88.75,55.49,completed,0.3847
O502299,C100649,2024-01-11,mobile_app,apparel,2,102.0,40.8,163.2,90.84,72.36,completed,0.4434
O502299,C100649,2024-01-11,mobile_app,beauty,1,66.43,3.32,63.11,30.71,32.4,completed,0.5134
O502783,C100795,2024-01-11,mobile_app,beauty,1,30.79,0.0,30.79,15.46,15.33,completed,0.4979
O502783,C100795,2024-01-11,mobile_app,electronics,2,234.47,0.0,468.94,372.77,96.17,completed,0.2051
O502783,C100795,2024-01-11,mobile_app,apparel,3,42.98,12.89,116.05,60.37,55.68,completed,0.4798
O500666,C100200,2024-01-12,marketplace,accessories,3,36.28,0.0,108.84,53.88,54.96,completed,0.505
O500884,C100263,2024-01-12,mobile_app,footwear,2,79.05,31.62,126.48,73.21,53.27,completed,0.4212
O500937,C100275,2024-01-12,mobile_app,electronics,2,375.4,150.16,600.64,460.87,139.77,completed,0.2327
O500937,C100275,2024-01-12,mobile_app,footwear,3,70.22,0.0,210.66,122.69,87.97,completed,0.4176
O500937,C100275,2024-01-12,mobile_app,apparel,1,72.71,10.91,61.8,37.12,24.68,completed,0.3994
O502589,C100739,2024-01-12,mobile_app,home,3,75.06,0.0,225.18,147.23,77.95,completed,0.3462
O502589,C100739,2024-01-12,mobile_app,accessories,1,29.41,2.94,26.47,12.82,13.65,completed,0.5157
O502589,C100739,2024-01-12,mobile_app,accessories,2,49.28,14.78,83.78,38.84,44.94,completed,0.5364
O502598,C100744,2024-01-12,marketplace,apparel,3,103.31,46.49,263.44,155.89,107.55,completed,0.4083
O500123,C100051,2024-01-13,web,beauty,3,44.62,0.0,133.86,64.64,69.22,completed,0.5171
O500123,C100051,2024-01-13,web,home,2,105.92,0.0,211.84,127.33,84.51,completed,0.3989
O500891,C100267,2024-01-13,web,beauty,3,27.64,0.0,82.92,38.84,44.08,completed,0.5316
O501105,C100336,2024-01-13,web,electronics,3,161.95,97.17,388.68,318.92,69.76,completed,0.1795
O501105,C100336,2024-01-13,web,electronics,3,197.59,59.28,533.49,419.43,114.06,completed,0.2138
O501105,C100336,2024-01-13,web,apparel,2,62.67,0.0,125.34,72.04,53.3,completed,0.4252
O501165,C100359,2024-01-13,web,beauty,1,27.23,2.72,24.51,12.93,11.58,completed,0.4725
O501217,C100368,2024-01-13,marketplace,electronics,3,116.03,0.0,348.09,274.93,73.16,completed,0.2102
O501217,C100368,2024-01-13,marketplace,electronics,3,136.98,82.19,328.75,250.18,78.57,completed,0.239
O501348,C100407,2024-01-13,mobile_app,home,2,112.93,0.0,225.86,137.88,87.98,completed,0.3895
O501348,C100407,2024-01-13,mobile_app,apparel,1,46.04,4.6,41.44,20.74,20.7,completed,0.4995
O501671,C100480,2024-01-13,marketplace,beauty,2,48.71,0.0,97.42,47.78,49.64,completed,0.5095
O502814,C100801,2024-01-13,mobile_app,home,3,112.11,33.63,302.7,174.8,127.9,completed,0.4225
O502814,C100801,2024-01-13,mobile_app,electronics,3,362.08,54.31,1031.93,877.61,154.32,completed,0.1495
O502814,C100801,2024-01-13,mobile_app,electronics,1,401.48,0.0,401.48,312.38,89.1,completed,0.2219
O500761,C100233,2024-01-14,retail_partner,home,1,53.34,0.0,53.34,33.88,19.46,completed,0.3648
O500761,C100233,2024-01-14,retail_partner,beauty,3,44.71,26.83,107.3,48.74,58.56,completed,0.5458
O503163,C100879,2024-01-14,marketplace,apparel,2,85.7,34.28,137.12,74.49,62.63,completed,0.4568
O502853,C100809,2024-01-15,marketplace,footwear,2,95.44,28.63,162.25,91.43,70.82,completed,0.4365
O502853,C100809,2024-01-15,marketplace,electronics,1,247.7,0.0,247.7,182.36,65.34,completed,0.2638
O502853,C100809,2024-01-15,marketplace,home,3,58.01,34.81,139.22,94.03,45.19,completed,0.3246
O500496,C100158,2024-01-16,web,apparel,1,40.88,0.0,40.88,22.46,18.42,completed,0.4506
O500496,C100158,2024-01-16,web,electronics,1,181.0,0.0,181.0,150.39,30.61,completed,0.1691
O500496,C100158,2024-01-16,web,footwear,2,91.11,0.0,182.22,114.63,67.59,completed,0.3709
O501146,C100353,2024-01-16,web,footwear,3,97.72,14.66,278.5,160.78,117.72,completed,0.4227
O501146,C100353,2024-01-16,web,footwear,3,55.59,33.35,133.42,84.15,49.27,completed,0.3693
O501312,C100400,2024-01-16,mobile_app,accessories,3,59.46,26.76,151.62,72.78,78.84,completed,0.52
O501312,C100400,2024-01-16,mobile_app,electronics,3,231.04,103.97,589.15,516.06,73.09,completed,0.1241
O502088,C100595,2024-01-16,web,accessories,3,48.26,0.0,144.78,75.86,68.92,completed,0.476
O502089,C100595,2024-01-16,marketplace,footwear,2,66.74,0.0,133.48,82.17,51.31,completed,0.3844
O502089,C100595,2024-01-16,marketplace,accessories,1,44.75,8.95,35.8,19.77,16.03,completed,0.4478
O502089,C100595,2024-01-16,marketplace,electronics,1,228.28,22.83,205.45,158.63,46.82,completed,0.2279
O502484,C100710,2024-01-16,retail_partner,footwear,2,81.86,24.56,139.16,80.35,58.81,completed,0.4226
O500637,C100197,2024-01-17,mobile_app,apparel,1,61.98,9.3,52.68,29.55,23.13,completed,0.4391
O500637,C100197,2024-01-17,mobile_app,beauty,3,36.16,0.0,108.48,55.31,53.17,completed,0.4901
O500637,C100197,2024-01-17,mobile_app,footwear,3,59.63,26.83,152.06,89.46,62.6,completed,0.4117
O501704,C100487,2024-01-17,mobile_app,footwear,3,82.13,24.64,221.75,135.92,85.83,completed,0.3871
O501704,C100487,2024-01-17,mobile_app,apparel,1,33.74,0.0,33.74,17.55,16.19,completed,0.4798
O503138,C100875,2024-01-17,marketplace,electronics,2,292.36,116.94,467.78,377.36,90.42,completed,0.1933
O503138,C100875,2024-01-17,marketplace,beauty,2,37.69,15.08,60.3,29.74,30.56,completed,0.5068
O503138,C100875,2024-01-17,marketplace,apparel,1,89.32,4.47,84.85,45.07,39.78,completed,0.4688
O500856,C100253,2024-01-18,web,electronics,1,199.54,19.95,179.59,146.33,33.26,completed,0.1852
O501598,C100464,2024-01-18,web,beauty,1,50.88,7.63,43.25,21.64,21.61,completed,0.4997
O501598,C100464,2024-01-18,web,electronics,1,353.05,17.65,335.4,294.59,40.81,completed,0.1217
O501598,C100464,2024-01-18,web,electronics,2,375.33,112.6,638.06,518.46,119.6,completed,0.1874
O501773,C100506,2024-01-18,marketplace,home,3,128.37,77.02,308.09,197.97,110.12,completed,0.3574
O502561,C100731,2024-01-18,web,apparel,1,49.06,9.81,39.25,22.06,17.19,completed,0.438
O502561,C100731,2024-01-18,web,footwear,1,99.01,0.0,99.01,59.87,39.14,completed,0.3953
O500110,C100047,2024-01-19,retail_partner,beauty,1,52.62,0.0,52.62,24.13,28.49,completed,0.5414
O500230,C100071,2024-01-19,marketplace,electronics,1,197.97,0.0,197.97,155.81,42.16,completed,0.213
O500230,C100071,2024-01-19,marketplace,home,2,61.62,24.65,98.59,59.24,39.35,completed,0.3991
O500230,C100071,2024-01-19,marketplace,home,2,52.48,0.0,104.96,65.84,39.12,completed,0.3727
O502042,C100580,2024-01-19,retail_partner,accessories,1,84.24,12.64,71.6,37.73,33.87,completed,0.473
O502042,C100580,2024-01-19,retail_partner,beauty,1,39.32,0.0,39.32,19.56,19.76,completed,0.5025
O502042,C100580,2024-01-19,retail_partner,accessories,1,94.47,4.72,89.75,39.29,50.46,completed,0.5622
O502057,C100585,2024-01-19,web,apparel,3,40.65,0.0,121.95,68.48,53.47,completed,0.4385
O502057,C100585,2024-01-19,web,beauty,1,24.32,0.0,24.32,12.15,12.17,completed,0.5004
O502057,C100585,2024-01-19,web,accessories,1,35.08,3.51,31.57,16.37,15.2,completed,0.4815
O500393,C100130,2024-01-20,marketplace,apparel,2,51.86,0.0,103.72,58.98,44.74,completed,0.4314
O500590,C100182,2024-01-20,web,footwear,2,83.74,16.75,150.73,96.54,54.19,completed,0.3595
O501166,C100359,2024-01-20,web,electronics,3,383.22,57.48,1092.18,828.39,263.79,completed,0.2415
O501801,C100508,2024-01-20,web,accessories,1,67.78,0.0,67.78,33.85,33.93,completed,0.5006
O502637,C100754,2024-01-20,mobile_app,footwear,3,91.08,27.32,245.92,145.15,100.77,completed,0.4098
O502637,C100754,2024-01-20,mobile_app,accessories,2,32.89,0.0,65.78,33.33,32.45,completed,0.4933
O502637,C100754,2024-01-20,mobile_app,electronics,3,192.88,0.0,578.64,479.35,99.29,completed,0.1716
O502726,C100781,2024-01-20,web,electronics,3,312.22,187.33,749.33,674.37,74.96,completed,0.1
O502726,C100781,2024-01-20,web,accessories,1,64.94,9.74,55.2,25.69,29.51,completed,0.5346
O503003,C100844,2024-01-20,mobile_app,beauty,2,32.66,3.27,62.05,29.94,32.11,completed,0.5175
O500050,C100019,2024-01-21,web,home,3,62.73,0.0,188.19,114.9,73.29,completed,0.3894
O501219,C100369,2024-01-21,web,apparel,1,49.23,4.92,44.31,22.04,22.27,completed,0.5026
O502680,C100768,2024-01-21,web,footwear,2,85.61,0.0,171.22,107.57,63.65,completed,0.3717
O502680,C100768,2024-01-21,web,home,2,137.81,0.0,275.62,151.2,124.42,completed,0.4514
O502680,C100768,2024-01-21,web,apparel,1,83.04,0.0,83.04,41.8,41.24,completed,0.4966
O502916,C100822,2024-01-21,retail_partner,electronics,2,324.84,0.0,649.68,569.68,80.0,completed,0.1231
O502916,C100822,2024-01-21,retail_partner,accessories,3,100.03,0.0,300.09,163.94,136.15,completed,0.4537
O502916,C100822,2024-01-21,retail_partner,accessories,3,50.33,30.2,120.79,58.49,62.3,completed,0.5158
O501268,C100390,2024-01-22,marketplace,apparel,1,128.86,6.44,122.42,72.35,50.07,completed,0.409
O501268,C100390,2024-01-22,marketplace,beauty,1,47.97,2.4,45.57,21.29,24.28,completed,0.5328
O501620,C100472,2024-01-22,marketplace,accessories,2,34.51,10.35,58.67,29.07,29.6,completed,0.5045
O501620,C100472,2024-01-22,marketplace,footwear,2,67.43,13.49,121.37,77.06,44.31,completed,0.3651
O502373,C100671,2024-01-22,web,footwear,3,68.6,0.0,205.8,130.16,75.64,completed,0.3675
O502373,C100671,2024-01-22,web,apparel,2,50.54,20.22,80.86,46.83,34.03,completed,0.4209
O500822,C100247,2024-01-23,marketplace,home,2,85.74,17.15,154.33,100.26,54.07,completed,0.3504
O501448,C100430,2024-01-23,web,electronics,3,189.17,85.13,482.38,380.49,101.89,completed,0.2112
O501448,C100430,2024-01-23,web,home,1,69.08,0.0,69.08,42.82,26.26,completed,0.3801
O501681,C100481,2024-01-23,marketplace,apparel,2,82.4,8.24,156.56,89.16,67.4,completed,0.4305
O501740,C100497,2024-01-23,web,apparel,1,104.78,10.48,94.3,52.52,41.78,completed,0.4431
O501740,C100497,2024-01-23,web,home,1,83.93,0.0,83.93,52.42,31.51,completed,0.3754
O501740,C100497,2024-01-23,web,beauty,2,58.58,17.57,99.59,49.92,49.67,completed,0.4987
O502172,C100618,2024-01-23,web,electronics,2,374.72,0.0,749.44,630.1,119.34,completed,0.1592
O502366,C100667,2024-01-23,web,home,1,79.11,15.82,63.29,43.55,19.74,completed,0.3119
O502366,C100667,2024-01-23,web,home,2,80.46,32.18,128.74,81.42,47.32,completed,0.3676
O502567,C100732,2024-01-23,web,home,3,41.92,6.29,119.47,77.24,42.23,completed,0.3535
O503018,C100847,2024-01-23,web,footwear,1,159.91,0.0,159.91,102.43,57.48,completed,0.3595
O503018,C100847,2024-01-23,web,home,2,150.94,0.0,301.88,180.72,121.16,completed,0.4014
O503177,C100881,2024-01-23,mobile_app,beauty,2,34.14,10.24,58.04,27.17,30.87,completed,0.5319
O503177,C100881,2024-01-23,mobile_app,electronics,1,112.88,0.0,112.88,92.95,19.93,completed,0.1766
O503177,C100881,2024-01-23,mobile_app,accessories,1,50.14,2.51,47.63,24.38,23.25,completed,0.4881
O501845,C100519,2024-01-24,marketplace,footwear,1,119.77,0.0,119.77,70.12,49.65,completed,0.4145
O502300,C100649,2024-01-24,web,accessories,1,53.22,0.0,53.22,26.11,27.11,completed,0.5094
O502300,C100649,2024-01-24,web,footwear,1,130.18,0.0,130.18,79.45,50.73,completed,0.3897
O503019,C100847,2024-01-24,mobile_app,electronics,1,215.99,10.8,205.19,176.86,28.33,completed,0.1381
O503019,C100847,2024-01-24,mobile_app,home,2,143.9,14.39,273.41,167.27,106.14,completed,0.3882
O503019,C100847,2024-01-24,mobile_app,footwear,3,128.31,57.74,327.19,196.66,130.53,completed,0.3989
O500019,C100007,2024-01-25,mobile_app,electronics,3,211.16,95.02,538.46,435.22,103.24,completed,0.1917
O500019,C100007,2024-01-25,mobile_app,footwear,1,78.75,0.0,78.75,45.74,33.01,completed,0.4192
O500019,C100007,2024-01-25,mobile_app,electronics,1,166.86,0.0,166.86,140.14,26.72,completed,0.1601
O501203,C100363,2024-01-25,mobile_app,beauty,3,23.43,10.54,59.75,28.18,31.57,completed,0.5284
O501203,C100363,2024-01-25,mobile_app,footwear,1,93.27,9.33,83.94,55.41,28.53,completed,0.3399
O502013,C100573,2024-01-25,mobile_app,footwear,1,94.13,18.83,75.3,48.5,26.8,completed,0.3559
O502013,C100573,2024-01-25,mobile_app,apparel,3,55.98,25.19,142.75,74.11,68.64,completed,0.4808
O501083,C100323,2024-01-26,web,apparel,2,40.24,0.0,80.48,41.46,39.02,completed,0.4848
O501083,C100323,2024-01-26,web,beauty,3,26.78,4.02,76.32,35.62,40.7,completed,0.5333
O501449,C100430,2024-01-26,mobile_app,footwear,3,98.09,58.85,235.42,139.96,95.46,completed,0.4055
O502489,C100711,2024-01-26,web,footwear,1,85.79,4.29,81.5,46.27,35.23,completed,0.4323
O502975,C100834,2024-01-26,marketplace,beauty,2,35.71,3.57,67.85,34.11,33.74,completed,0.4973
O500124,C100051,2024-01-27,web,electronics,3,471.66,212.25,1202.73,999.02,203.71,completed,0.1694
O500124,C100051,2024-01-27,web,beauty,2,46.16,9.23,83.09,40.3,42.79,completed,0.515
O500150,C100057,2024-01-27,web,home,1,90.83,18.17,72.66,44.04,28.62,completed,0.3939
O500150,C100057,2024-01-27,web,apparel,2,41.99,8.4,75.58,43.38,32.2,completed,0.426
O500150,C100057,2024-01-27,web,accessories,3,50.4,22.68,128.52,66.64,61.88,completed,0.4815
O500746,C100229,2024-01-27,web,apparel,3,40.82,24.49,97.97,56.72,41.25,completed,0.421
O500746,C100229,2024-01-27,web,accessories,1,46.7,2.34,44.36,23.68,20.68,completed,0.4662
O500746,C100229,2024-01-27,web,apparel,2,19.59,3.92,35.26,20.48,14.78,completed,0.4192
O501373,C100417,2024-01-27,marketplace,electronics,2,151.13,0.0,302.26,229.03,73.23,completed,0.2423
O501373,C100417,2024-01-27,marketplace,electronics,2,202.67,40.53,364.81,305.26,59.55,completed,0.1632
O501373,C100417,2024-01-27,marketplace,accessories,2,45.02,18.01,72.03,35.0,37.03,completed,0.5141
O501766,C100505,2024-01-27,mobile_app,home,1,80.0,0.0,80.0,55.63,24.37,completed,0.3046
O501766,C100505,2024-01-27,mobile_app,accessories,1,34.98,0.0,34.98,17.41,17.57,completed,0.5023
O503077,C100858,2024-01-27,mobile_app,home,3,56.66,0.0,169.98,110.09,59.89,completed,0.3523
O503114,C100867,2024-01-28,mobile_app,electronics,3,251.0,0.0,753.0,655.12,97.88,completed,0.13
O500474,C100154,2024-01-29,mobile_app,accessories,3,41.81,0.0,125.43,62.88,62.55,completed,0.4987
O500474,C100154,2024-01-29,mobile_app,apparel,1,60.19,0.0,60.19,34.98,25.21,completed,0.4188
O500474,C100154,2024-01-29,mobile_app,footwear,1,90.76,9.08,81.68,44.04,37.64,completed,0.4608
O501305,C100398,2024-01-29,retail_partner,beauty,3,24.32,10.94,62.02,31.64,30.38,completed,0.4898
O501305,C100398,2024-01-29,retail_partner,accessories,3,36.28,10.88,97.96,50.64,47.32,completed,0.4831
O501467,C100436,2024-01-29,web,beauty,1,40.93,0.0,40.93,18.98,21.95,completed,0.5363
O501540,C100452,2024-01-29,mobile_app,electronics,3,251.78,151.07,604.27,522.91,81.36,completed,0.1346
O501540,C100452,2024-01-29,mobile_app,accessories,2,70.25,14.05,126.45,66.62,59.83,completed,0.4732
O501702,C100486,2024-01-29,mobile_app,home,2,74.31,0.0,148.62,91.04,57.58,completed,0.3874
O501948,C100549,2024-01-29,mobile_app,footwear,2,172.61,34.52,310.7,183.01,127.69,completed,0.411
O501948,C100549,2024-01-29,mobile_app,footwear,2,167.29,0.0,334.58,176.17,158.41,completed,0.4735
O501948,C100549,2024-01-29,mobile_app,home,3,127.9,57.56,326.14,224.16,101.98,completed,0.3127
O502173,C100618,2024-01-29,mobile_app,beauty,1,53.35,5.34,48.01,23.7,24.31,completed,0.5064
O500762,C100233,2024-01-30,mobile_app,apparel,3,74.78,0.0,224.34,121.72,102.62,completed,0.4574
O500762,C100233,2024-01-30,mobile_app,apparel,2,124.28,0.0,248.56,134.01,114.55,completed,0.4609
O501103,C100335,2024-01-30,mobile_app,beauty,3,32.94,14.82,84.0,44.74,39.26,completed,0.4674
O501103,C100335,2024-01-30,mobile_app,electronics,3,297.7,178.62,714.48,635.5,78.98,completed,0.1105
O501113,C100339,2024-01-30,web,apparel,1,44.12,0.0,44.12,22.44,21.68,completed,0.4914
O501113,C100339,2024-01-30,web,apparel,1,50.23,7.53,42.7,24.94,17.76,completed,0.4159
O501113,C100339,2024-01-30,web,beauty,3,20.58,6.17,55.57,27.48,28.09,completed,0.5055
O501593,C100463,2024-01-30,web,apparel,1,44.98,0.0,44.98,25.94,19.04,completed,0.4233
O501593,C100463,2024-01-30,web,footwear,1,83.59,8.36,75.23,42.69,32.54,completed,0.4325
O501949,C100549,2024-01-30,retail_partner,beauty,3,40.78,0.0,122.34,60.54,61.8,completed,0.5051
O501949,C100549,2024-01-30,retail_partner,apparel,2,88.63,0.0,177.26,102.17,75.09,completed,0.4236
O501949,C100549,2024-01-30,retail_partner,beauty,3,52.78,0.0,158.34,71.82,86.52,completed,0.5464
O503115,C100867,2024-01-30,web,home,1,83.32,0.0,83.32,45.69,37.63,completed,0.4516
O503115,C100867,2024-01-30,web,electronics,3,269.29,0.0,807.87,664.84,143.03,completed,0.177
O500275,C100087,2024-01-31,web,apparel,1,64.03,0.0,64.03,33.89,30.14,completed,0.4707
O500275,C100087,2024-01-31,web,beauty,3,25.9,11.65,66.05,32.2,33.85,completed,0.5125
O500319,C100106,2024-01-31,retail_partner,electronics,3,147.57,0.0,442.71,326.45,116.26,completed,0.2626
O500319,C100106,2024-01-31,retail_partner,apparel,2,55.62,0.0,111.24,61.76,49.48,completed,0.4448
O501053,C100309,2024-01-31,mobile_app,apparel,1,47.6,0.0,47.6,25.43,22.17,completed,0.4658
O501053,C100309,2024-01-31,mobile_app,accessories,2,33.74,10.12,57.36,28.49,28.87,completed,0.5033
O502174,C100618,2024-01-31,marketplace,beauty,3,53.68,32.21,128.83,63.02,65.81,completed,0.5108
O500612,C100187,2024-02-01,web,beauty,3,52.53,0.0,157.59,75.47,82.12,completed,0.5211
O502000,C100568,2024-02-01,web,accessories,1,28.41,0.0,28.41,13.6,14.81,completed,0.5213
O502000,C100568,2024-02-01,web,accessories,3,35.36,10.61,95.47,47.0,48.47,completed,0.5077
O502649,C100761,2024-02-01,retail_partner,accessories,2,83.83,25.15,142.51,68.24,74.27,completed,0.5212
O501653,C100477,2024-02-02,web,apparel,2,78.27,0.0,156.54,82.14,74.4,completed,0.4753
O501653,C100477,2024-02-02,web,accessories,1,60.87,12.17,48.7,23.83,24.87,completed,0.5107
O501653,C100477,2024-02-02,web,footwear,1,139.78,20.97,118.81,75.72,43.09,completed,0.3627
O502249,C100637,2024-02-02,marketplace,electronics,3,196.11,29.42,558.91,449.75,109.16,completed,0.1953
O502249,C100637,2024-02-02,marketplace,apparel,1,40.01,4.0,36.01,20.27,15.74,completed,0.4371
O502249,C100637,2024-02-02,marketplace,footwear,1,70.38,7.04,63.34,37.74,25.6,completed,0.4042
O502746,C100785,2024-02-02,mobile_app,home,3,123.5,74.1,296.4,179.16,117.24,completed,0.3955
O500938,C100275,2024-02-03,web,accessories,1,64.56,0.0,64.56,33.42,31.14,completed,0.4823
O500938,C100275,2024-02-03,web,beauty,1,29.05,5.81,23.24,11.21,12.03,completed,0.5176
O500328,C100109,2024-02-04,web,beauty,1,40.43,4.04,36.39,17.56,18.83,completed,0.5174
O500328,C100109,2024-02-04,web,accessories,1,44.49,8.9,35.59,18.66,16.93,completed,0.4757
O500328,C100109,2024-02-04,web,accessories,1,53.2,0.0,53.2,26.85,26.35,completed,0.4953
O500481,C100155,2024-02-04,mobile_app,accessories,3,50.42,0.0,151.26,75.74,75.52,completed,0.4993
O500481,C100155,2024-02-04,mobile_app,beauty,3,41.69,18.76,106.31,52.62,53.69,completed,0.505
O502204,C100626,2024-02-04,web,footwear,1,55.91,8.39,47.52,31.03,16.49,completed,0.347
O502815,C100801,2024-02-04,mobile_app,beauty,3,62.11,0.0,186.33,92.51,93.82,completed,0.5035
O502815,C100801,2024-02-04,mobile_app,beauty,2,59.19,0.0,118.38,58.55,59.83,completed,0.5054
O500565,C100177,2024-02-05,mobile_app,accessories,2,37.37,7.47,67.27,39.17,28.1,completed,0.4177
O501452,C100431,2024-02-05,web,home,1,78.0,3.9,74.1,42.23,31.87,completed,0.4301
O501452,C100431,2024-02-05,web,home,3,68.95,41.37,165.48,102.46,63.02,completed,0.3808
O501452,C100431,2024-02-05,web,apparel,3,62.78,37.67,150.67,84.02,66.65,completed,0.4424
O501706,C100488,2024-02-05,web,footwear,1,109.16,5.46,103.7,71.54,32.16,completed,0.3101
O501706,C100488,2024-02-05,web,accessories,3,54.68,0.0,164.04,83.35,80.69,completed,0.4919
O501706,C100488,2024-02-05,web,home,2,59.37,0.0,118.74,74.7,44.04,completed,0.3709
O501434,C100427,2024-02-06,mobile_app,electronics,2,333.29,0.0,666.58,567.04,99.54,completed,0.1493
O502100,C100596,2024-02-06,mobile_app,apparel,2,123.03,12.3,233.76,126.3,107.46,completed,0.4597
O502100,C100596,2024-02-06,mobile_app,accessories,1,61.14,12.23,48.91,23.81,25.1,completed,0.5132
O502656,C100762,2024-02-06,mobile_app,home,1,75.22,0.0,75.22,49.78,25.44,completed,0.3382
O502656,C100762,2024-02-06,mobile_app,beauty,2,46.82,0.0,93.64,45.57,48.07,completed,0.5133
O502656,C100762,2024-02-06,mobile_app,accessories,3,60.16,0.0,180.48,94.3,86.18,completed,0.4775
O502110,C100600,2024-02-07,marketplace,beauty,3,27.58,12.41,70.33,36.3,34.03,completed,0.4839
O502110,C100600,2024-02-07,marketplace,accessories,1,51.54,5.15,46.39,23.29,23.1,completed,0.498
O502333,C100652,2024-02-07,web,home,3,85.38,0.0,256.14,148.28,107.86,completed,0.4211
O502333,C100652,2024-02-07,web,electronics,1,283.94,0.0,283.94,243.14,40.8,completed,0.1437
O502681,C100768,2024-02-07,mobile_app,accessories,1,72.78,14.56,58.22,32.11,26.11,completed,0.4485
O502681,C100768,2024-02-07,mobile_app,accessories,3,69.22,0.0,207.66,113.18,94.48,completed,0.455
O502681,C100768,2024-02-07,mobile_app,beauty,1,27.78,1.39,26.39,13.18,13.21,completed,0.5006
O500111,C100047,2024-02-08,mobile_app,electronics,3,291.33,43.7,830.29,643.87,186.42,completed,0.2245
O500111,C100047,2024-02-08,mobile_app,home,2,142.37,28.47,256.27,171.04,85.23,completed,0.3326
O500111,C100047,2024-02-08,mobile_app,accessories,3,81.06,36.48,206.7,99.85,106.85,completed,0.5169
O500361,C100118,2024-02-08,web,footwear,3,107.57,32.27,290.44,182.33,108.11,completed,0.3722
O500361,C100118,2024-02-08,web,accessories,3,58.4,0.0,175.2,92.03,83.17,completed,0.4747
O502270,C100641,2024-02-08,marketplace,home,2,141.85,56.74,226.96,128.79,98.17,completed,0.4325
O502599,C100744,2024-02-08,web,footwear,2,223.5,22.35,424.65,254.01,170.64,completed,0.4018
O502599,C100744,2024-02-08,web,apparel,2,74.33,22.3,126.36,66.19,60.17,completed,0.4762
O503032,C100849,2024-02-08,mobile_app,home,2,112.56,0.0,225.12,132.33,92.79,completed,0.4122
O503032,C100849,2024-02-08,mobile_app,beauty,2,50.99,20.4,81.58,40.62,40.96,completed,0.5021
O501239,C100379,2024-02-09,web,accessories,1,43.22,0.0,43.22,20.56,22.66,completed,0.5243
O501774,C100506,2024-02-09,mobile_app,accessories,3,73.56,44.14,176.54,84.79,91.75,completed,0.5197
O501774,C100506,2024-02-09,mobile_app,accessories,3,60.89,27.4,155.27,78.19,77.08,completed,0.4964
O501774,C100506,2024-02-09,mobile_app,footwear,1,177.48,0.0,177.48,113.2,64.28,completed,0.3622
O502600,C100744,2024-02-09,mobile_app,accessories,3,42.54,19.14,108.48,60.17,48.31,completed,0.4453
O502600,C100744,2024-02-09,mobile_app,electronics,2,382.01,38.2,725.82,583.31,142.51,completed,0.1963
O502682,C100768,2024-02-09,marketplace,footwear,1,127.69,0.0,127.69,71.86,55.83,completed,0.4372
O502711,C100775,2024-02-09,mobile_app,home,2,66.14,26.46,105.82,65.09,40.73,completed,0.3849
O502711,C100775,2024-02-09,mobile_app,apparel,2,55.22,0.0,110.44,58.64,51.8,completed,0.469
O502917,C100822,2024-02-09,retail_partner,accessories,1,100.58,15.09,85.49,41.99,43.5,completed,0.5088
O500252,C100078,2024-02-10,web,accessories,3,49.55,0.0,148.65,83.08,65.57,completed,0.4411
O500252,C100078,2024-02-10,web,accessories,1,78.09,15.62,62.47,30.66,31.81,completed,0.5092
O500572,C100179,2024-02-10,mobile_app,beauty,1,39.8,7.96,31.84,15.93,15.91,completed,0.4997
O500572,C100179,2024-02-10,mobile_app,footwear,2,169.97,0.0,339.94,204.71,135.23,completed,0.3978
O501627,C100474,2024-02-11,web,home,3,165.72,24.86,472.3,295.61,176.69,completed,0.3741
O501627,C100474,2024-02-11,web,home,1,174.54,0.0,174.54,113.64,60.9,completed,0.3489
O501627,C100474,2024-02-11,web,beauty,1,35.7,0.0,35.7,17.89,17.81,completed,0.4989
O501672,C100480,2024-02-11,web,electronics,1,315.76,15.79,299.97,248.36,51.61,completed,0.1721
O501672,C100480,2024-02-11,web,apparel,2,80.03,8.0,152.06,83.91,68.15,completed,0.4482
O501672,C100480,2024-02-11,web,apparel,2,93.39,0.0,186.78,110.04,76.74,completed,0.4109
O500024,C100010,2024-02-12,web,apparel,3,45.54,27.32,109.3,60.03,49.27,completed,0.4508
O500904,C100271,2024-02-12,mobile_app,apparel,2,60.84,12.17,109.51,58.12,51.39,completed,0.4693
O500904,C100271,2024-02-12,mobile_app,apparel,2,78.58,0.0,157.16,94.09,63.07,completed,0.4013
O502233,C100634,2024-02-13,marketplace,accessories,3,39.57,0.0,118.71,61.7,57.01,completed,0.4802
O502233,C100634,2024-02-13,marketplace,home,1,153.42,0.0,153.42,95.73,57.69,completed,0.376
O502233,C100634,2024-02-13,marketplace,beauty,2,66.81,0.0,133.62,68.02,65.6,completed,0.4909
O502618,C100748,2024-02-13,mobile_app,beauty,2,24.96,0.0,49.92,24.89,25.03,completed,0.5014
O502618,C100748,2024-02-13,mobile_app,home,3,85.11,25.53,229.8,141.85,87.95,completed,0.3827
O502618,C100748,2024-02-13,mobile_app,footwear,1,105.86,0.0,105.86,62.91,42.95,completed,0.4057
O502775,C100793,2024-02-13,web,apparel,3,97.21,0.0,291.63,154.94,136.69,completed,0.4687
O502775,C100793,2024-02-13,web,accessories,2,80.13,24.04,136.22,66.91,69.31,completed,0.5088
O503020,C100847,2024-02-13,web,footwear,1,69.04,13.81,55.23,33.89,21.34,completed,0.3864
O503020,C100847,2024-02-13,web,beauty,2,37.3,11.19,63.41,29.82,33.59,completed,0.5297
O503112,C100866,2024-02-13,mobile_app,home,2,61.74,18.52,104.96,64.03,40.93,completed,0.39
O500482,C100155,2024-02-14,web,beauty,3,55.19,16.56,149.01,70.68,78.33,completed,0.5257
O500482,C100155,2024-02-14,web,accessories,1,72.14,0.0,72.14,34.6,37.54,completed,0.5204
O500482,C100155,2024-02-14,web,apparel,2,76.78,23.03,130.53,77.38,53.15,completed,0.4072
O500546,C100172,2024-02-14,mobile_app,accessories,1,31.66,1.58,30.08,14.9,15.18,completed,0.5047
O500546,C100172,2024-02-14,mobile_app,beauty,2,20.92,8.37,33.47,15.62,17.85,completed,0.5333
O500546,C100172,2024-02-14,mobile_app,electronics,3,181.28,0.0,543.84,472.7,71.14,completed,0.1308
O501218,C100368,2024-02-14,mobile_app,apparel,1,57.25,0.0,57.25,31.1,26.15,completed,0.4568
O501218,C100368,2024-02-14,mobile_app,home,3,50.0,30.0,120.0,75.05,44.95,completed,0.3746
O501218,C100368,2024-02-14,mobile_app,electronics,3,224.61,0.0,673.83,573.8,100.03,completed,0.1484
O501559,C100454,2024-02-14,marketplace,apparel,2,69.68,27.87,111.49,56.61,54.88,completed,0.4922
O501559,C100454,2024-02-14,marketplace,home,3,100.61,15.09,286.74,175.0,111.74,completed,0.3897
O501741,C100497,2024-02-14,mobile_app,electronics,1,440.83,88.17,352.66,318.59,34.07,completed,0.0966
O501741,C100497,2024-02-14,mobile_app,home,2,149.67,0.0,299.34,176.58,122.76,completed,0.4101
O501742,C100497,2024-02-14,mobile_app,electronics,2,341.72,136.69,546.75,443.89,102.86,completed,0.1881
O502291,C100644,2024-02-14,marketplace,beauty,1,40.69,0.0,40.69,18.98,21.71,completed,0.5335
O503113,C100866,2024-02-14,mobile_app,beauty,1,22.01,4.4,17.61,8.26,9.35,completed,0.5309
O503113,C100866,2024-02-14,mobile_app,footwear,3,90.08,40.54,229.7,147.91,81.79,completed,0.3561
O500404,C100134,2024-02-15,mobile_app,home,1,71.47,7.15,64.32,40.68,23.64,completed,0.3675
O501468,C100436,2024-02-15,marketplace,electronics,3,297.17,0.0,891.51,734.31,157.2,completed,0.1763
O501468,C100436,2024-02-15,marketplace,electronics,1,385.98,38.6,347.38,284.83,62.55,completed,0.1801
O501468,C100436,2024-02-15,marketplace,footwear,3,140.62,84.37,337.49,195.71,141.78,completed,0.4201
O501869,C100527,2024-02-15,marketplace,footwear,3,112.88,0.0,338.64,188.93,149.71,completed,0.4421
O502562,C100731,2024-02-15,mobile_app,beauty,2,23.39,7.02,39.76,19.74,20.02,completed,0.5035
O502747,C100785,2024-02-15,marketplace,beauty,2,52.21,0.0,104.42,49.81,54.61,completed,0.523
O502747,C100785,2024-02-15,marketplace,apparel,2,58.88,0.0,117.76,60.74,57.02,completed,0.4842
O500810,C100246,2024-02-16,web,beauty,1,59.01,0.0,59.01,30.95,28.06,completed,0.4755
O500810,C100246,2024-02-16,web,apparel,3,67.46,40.48,161.9,80.05,81.85,completed,0.5056
O501435,C100427,2024-02-16,web,beauty,1,69.21,0.0,69.21,32.57,36.64,completed,0.5294
O501435,C100427,2024-02-16,web,accessories,1,88.23,0.0,88.23,44.37,43.86,completed,0.4971
O501435,C100427,2024-02-16,web,home,2,131.24,52.5,209.98,129.82,80.16,completed,0.3818
O502043,C100580,2024-02-16,web,beauty,3,56.95,0.0,170.85,81.86,88.99,completed,0.5209
O502043,C100580,2024-02-16,web,beauty,2,50.23,15.07,85.39,45.47,39.92,completed,0.4675
O502417,C100686,2024-02-16,mobile_app,footwear,2,75.06,22.52,127.6,81.98,45.62,completed,0.3575
O502417,C100686,2024-02-16,mobile_app,accessories,3,31.55,18.93,75.72,41.45,34.27,completed,0.4526
O502902,C100819,2024-02-16,retail_partner,footwear,2,137.79,0.0,275.58,162.12,113.46,completed,0.4117
O501040,C100303,2024-02-17,marketplace,apparel,2,30.05,0.0,60.1,34.98,25.12,completed,0.418
O501040,C100303,2024-02-17,marketplace,footwear,2,73.88,29.55,118.21,64.4,53.81,completed,0.4552
O501062,C100315,2024-02-17,marketplace,apparel,3,50.44,15.13,136.19,82.46,53.73,completed,0.3945
O501062,C100315,2024-02-17,marketplace,accessories,1,60.26,9.04,51.22,23.64,27.58,completed,0.5385
O501090,C100327,2024-02-17,marketplace,accessories,2,38.86,7.77,69.95,34.99,34.96,completed,0.4998
O501090,C100327,2024-02-17,marketplace,apparel,1,61.44,0.0,61.44,33.64,27.8,completed,0.4525
O503021,C100847,2024-02-17,mobile_app,electronics,1,360.18,0.0,360.18,299.22,60.96,completed,0.1692
O503021,C100847,2024-02-17,mobile_app,accessories,2,56.37,0.0,112.74,58.96,53.78,completed,0.477
O500112,C100047,2024-02-18,web,footwear,1,155.91,0.0,155.91,87.36,68.55,completed,0.4397
O500112,C100047,2024-02-18,web,footwear,1,124.2,18.63,105.57,64.6,40.97,completed,0.3881
O500163,C100060,2024-02-18,web,footwear,1,101.33,0.0,101.33,61.18,40.15,completed,0.3962
O500253,C100078,2024-02-18,web,beauty,3,62.5,0.0,187.5,92.59,94.91,completed,0.5062
O500573,C100179,2024-02-18,retail_partner,apparel,2,102.81,0.0,205.62,109.17,96.45,completed,0.4691
O500808,C100245,2024-02-18,marketplace,home,1,61.38,0.0,61.38,36.62,24.76,completed,0.4034
O500808,C100245,2024-02-18,marketplace,home,2,73.2,21.96,124.44,73.15,51.29,completed,0.4122
O500808,C100245,2024-02-18,marketplace,home,2,79.97,0.0,159.94,97.83,62.11,completed,0.3883
O501820,C100513,2024-02-18,web,footwear,2,206.77,0.0,413.54,237.42,176.12,completed,0.4259
O501820,C100513,2024-02-18,web,apparel,1,84.55,0.0,84.55,44.83,39.72,completed,0.4698
O501820,C100513,2024-02-18,web,accessories,2,85.22,0.0,170.44,92.57,77.87,completed,0.4569
O502019,C100575,2024-02-18,mobile_app,home,3,131.27,59.07,334.74,200.2,134.54,completed,0.4019
O502019,C100575,2024-02-18,mobile_app,electronics,1,408.94,40.89,368.05,317.41,50.64,completed,0.1376
O502019,C100575,2024-02-18,mobile_app,home,1,108.99,16.35,92.64,58.77,33.87,completed,0.3656
O502215,C100630,2024-02-18,web,apparel,2,93.78,37.51,150.05,84.62,65.43,completed,0.4361
O502215,C100630,2024-02-18,web,beauty,1,42.73,8.55,34.18,16.82,17.36,completed,0.5079
O502215,C100630,2024-02-18,web,footwear,3,150.34,0.0,451.02,268.88,182.14,completed,0.4038
O500069,C100032,2024-02-19,web,footwear,3,59.98,17.99,161.95,89.03,72.92,completed,0.4503
O500069,C100032,2024-02-19,web,apparel,3,46.68,28.01,112.03,64.68,47.35,completed,0.4227
O500069,C100032,2024-02-19,web,footwear,3,77.17,23.15,208.36,118.94,89.42,completed,0.4292
O500254,C100078,2024-02-19,web,accessories,2,58.64,0.0,117.28,53.83,63.45,completed,0.541
O500367,C100120,2024-02-19,retail_partner,electronics,2,171.94,51.58,292.3,215.68,76.62,completed,0.2621
O500367,C100120,2024-02-19,retail_partner,footwear,1,63.41,3.17,60.24,37.72,22.52,completed,0.3738
O500586,C100180,2024-02-19,web,home,2,75.12,15.02,135.22,79.11,56.11,completed,0.415
O500586,C100180,2024-02-19,web,accessories,3,53.22,23.95,135.71,72.33,63.38,completed,0.467
O500586,C100180,2024-02-19,web,apparel,2,63.14,0.0,126.28,65.85,60.43,completed,0.4785
O501231,C100375,2024-02-19,marketplace,home,1,52.31,5.23,47.08,28.9,18.18,completed,0.3862
O501905,C100539,2024-02-19,retail_partner,home,3,67.71,0.0,203.13,133.79,69.34,completed,0.3414
O502727,C100781,2024-02-19,retail_partner,beauty,2,57.06,5.71,108.41,52.43,55.98,completed,0.5164
O502770,C100791,2024-02-19,mobile_app,footwear,1,69.92,0.0,69.92,44.66,25.26,completed,0.3613
O502770,C100791,2024-02-19,mobile_app,apparel,2,40.73,0.0,81.46,42.81,38.65,completed,0.4745
O500006,C100001,2024-02-20,mobile_app,footwear,1,84.09,16.82,67.27,39.84,27.43,completed,0.4078
O500006,C100001,2024-02-20,mobile_app,accessories,3,42.09,0.0,126.27,65.17,61.1,completed,0.4839
O500006,C100001,2024-02-20,mobile_app,electronics,3,202.09,90.94,515.33,440.75,74.58,completed,0.1447
O500180,C100063,2024-02-20,web,electronics,1,238.62,0.0,238.62,180.6,58.02,completed,0.2431
O500348,C100112,2024-02-20,marketplace,electronics,2,124.11,0.0,248.22,208.72,39.5,completed,0.1591
O500348,C100112,2024-02-20,marketplace,home,2,79.15,0.0,158.3,109.49,48.81,completed,0.3083
O500348,C100112,2024-02-20,marketplace,home,2,49.61,4.96,94.26,63.13,31.13,completed,0.3303
O502868,C100813,2024-02-20,mobile_app,home,1,86.18,0.0,86.18,54.27,31.91,completed,0.3703
O502868,C100813,2024-02-20,mobile_app,accessories,3,40.98,0.0,122.94,64.8,58.14,completed,0.4729
O502868,C100813,2024-02-20,mobile_app,footwear,3,101.87,15.28,290.33,172.83,117.5,completed,0.4047
O503120,C100869,2024-02-20,web,beauty,2,32.88,6.58,59.18,27.89,31.29,completed,0.5287
O503120,C100869,2024-02-20,web,footwear,3,69.6,0.0,208.8,128.4,80.4,completed,0.3851
O503139,C100875,2024-02-20,web,apparel,1,69.94,0.0,69.94,38.04,31.9,completed,0.4561
O503139,C100875,2024-02-20,web,home,2,92.19,9.22,175.16,117.67,57.49,completed,0.3282
O500125,C100051,2024-02-21,web,electronics,1,401.62,40.16,361.46,320.52,40.94,completed,0.1133
O500125,C100051,2024-02-21,web,apparel,3,134.27,0.0,402.81,213.06,189.75,completed,0.4711
O500219,C100068,2024-02-21,web,apparel,3,36.82,0.0,110.46,56.64,53.82,completed,0.4872
O500219,C100068,2024-02-21,web,accessories,1,36.72,0.0,36.72,17.31,19.41,completed,0.5286
O500442,C100145,2024-02-21,web,footwear,1,119.69,11.97,107.72,65.36,42.36,completed,0.3932
O500857,C100254,2024-02-21,web,electronics,3,215.3,129.18,516.72,422.47,94.25,completed,0.1824
O500857,C100254,2024-02-21,web,apparel,2,40.07,12.02,68.12,37.01,31.11,completed,0.4567
O501599,C100464,2024-02-21,retail_partner,beauty,2,48.2,9.64,86.76,44.55,42.21,completed,0.4865
O501682,C100481,2024-02-21,mobile_app,electronics,3,297.38,178.43,713.71,553.42,160.29,completed,0.2246
O501682,C100481,2024-02-21,mobile_app,apparel,1,82.45,0.0,82.45,44.61,37.84,completed,0.4589
O502683,C100768,2024-02-21,web,accessories,1,100.03,5.0,95.03,48.68,46.35,completed,0.4877
O501488,C100441,2024-02-22,web,home,1,133.42,26.68,106.74,63.51,43.23,completed,0.405
O501488,C100441,2024-02-22,web,footwear,1,100.09,0.0,100.09,61.38,38.71,completed,0.3868
O503216,C100899,2024-02-22,mobile_app,apparel,1,74.6,3.73,70.87,37.51,33.36,completed,0.4707
O503216,C100899,2024-02-22,mobile_app,accessories,3,50.56,0.0,151.68,75.57,76.11,completed,0.5018
O501489,C100441,2024-02-23,web,home,3,101.12,45.5,257.86,150.84,107.02,completed,0.415
O501489,C100441,2024-02-23,web,electronics,2,292.48,0.0,584.96,483.39,101.57,completed,0.1736
O501489,C100441,2024-02-23,web,beauty,2,49.8,0.0,99.6,46.13,53.47,completed,0.5368
O502059,C100586,2024-02-23,web,home,1,91.36,13.7,77.66,48.55,29.11,completed,0.3748
O502090,C100595,2024-02-23,web,accessories,1,38.27,0.0,38.27,19.08,19.19,completed,0.5014
O502090,C100595,2024-02-23,web,apparel,3,75.14,33.81,191.61,102.62,88.99,completed,0.4644
O502271,C100641,2024-02-23,marketplace,apparel,3,52.4,0.0,157.2,91.16,66.04,completed,0.4201
O502271,C100641,2024-02-23,marketplace,home,1,129.68,6.48,123.2,78.57,44.63,completed,0.3623
O502699,C100770,2024-02-23,mobile_app,footwear,2,56.19,0.0,112.38,68.45,43.93,completed,0.3909
O500014,C100004,2024-02-24,web,apparel,3,38.63,5.79,110.1,62.38,47.72,completed,0.4334
O500014,C100004,2024-02-24,web,electronics,2,199.97,0.0,399.94,308.91,91.03,completed,0.2276
O501585,C100462,2024-02-24,marketplace,home,1,139.73,13.97,125.76,78.51,47.25,completed,0.3757
O501585,C100462,2024-02-24,marketplace,accessories,3,53.42,32.05,128.21,64.31,63.9,completed,0.4984
O501585,C100462,2024-02-24,marketplace,accessories,1,51.81,10.36,41.45,22.4,19.05,completed,0.4596
O501628,C100474,2024-02-24,web,footwear,2,142.98,0.0,285.96,166.57,119.39,completed,0.4175
O502044,C100580,2024-02-24,mobile_app,accessories,3,65.42,19.63,176.63,86.65,89.98,completed,0.5094
O502601,C100744,2024-02-24,web,accessories,3,89.76,0.0,269.28,134.31,134.97,completed,0.5012
O502999,C100842,2024-02-24,marketplace,beauty,3,34.63,15.58,88.31,42.59,45.72,completed,0.5177
O500047,C100017,2024-02-25,web,accessories,2,34.6,0.0,69.2,35.65,33.55,completed,0.4848
O500047,C100017,2024-02-25,web,home,1,59.86,11.97,47.89,29.01,18.88,completed,0.3942
O500362,C100118,2024-02-25,marketplace,home,3,75.15,22.55,202.9,123.84,79.06,completed,0.3897
O500362,C100118,2024-02-25,marketplace,beauty,1,20.83,4.17,16.66,7.78,8.88,completed,0.533
O501673,C100480,2024-02-25,mobile_app,beauty,2,68.81,20.64,116.98,52.91,64.07,completed,0.5477
O501673,C100480,2024-02-25,mobile_app,home,3,162.31,0.0,486.93,290.26,196.67,completed,0.4039
O501673,C100480,2024-02-25,mobile_app,electronics,2,357.82,0.0,715.64,641.02,74.62,completed,0.1043
O501629,C100474,2024-02-26,mobile_app,home,2,121.55,36.46,206.64,118.93,87.71,completed,0.4245
O501629,C100474,2024-02-26,mobile_app,accessories,2,55.38,16.61,94.15,46.7,47.45,completed,0.504
O501743,C100497,2024-02-26,web,home,2,100.58,10.06,191.1,121.76,69.34,completed,0.3628
O502495,C100712,2024-02-26,mobile_app,apparel,1,66.25,9.94,56.31,31.88,24.43,completed,0.4338
O502495,C100712,2024-02-26,mobile_app,electronics,1,181.08,27.16,153.92,126.11,27.81,completed,0.1807
O502495,C100712,2024-02-26,mobile_app,electronics,1,273.59,13.68,259.91,208.9,51.01,completed,0.1963
O502985,C100837,2024-02-26,retail_partner,beauty,1,44.36,6.65,37.71,18.09,19.62,completed,0.5203
O500278,C100088,2024-02-27,web,footwear,1,73.68,0.0,73.68,44.43,29.25,completed,0.397
O500278,C100088,2024-02-27,web,electronics,1,240.53,0.0,240.53,211.04,29.49,completed,0.1226
O500278,C100088,2024-02-27,web,apparel,2,45.7,0.0,91.4,49.65,41.75,completed,0.4568
O500302,C100098,2024-02-27,marketplace,beauty,3,27.61,0.0,82.83,38.47,44.36,completed,0.5356
O501314,C100401,2024-02-27,retail_partner,accessories,3,40.17,24.1,96.41,48.53,47.88,completed,0.4966
O502413,C100684,2024-02-27,marketplace,accessories,3,46.15,20.77,117.68,60.27,57.41,completed,0.4878
O502413,C100684,2024-02-27,marketplace,footwear,3,74.93,0.0,224.79,134.11,90.68,completed,0.4034
O502413,C100684,2024-02-27,marketplace,apparel,3,47.71,7.16,135.97,70.39,65.58,completed,0.4823
O502556,C100728,2024-02-27,mobile_app,accessories,3,55.68,16.7,150.34,71.26,79.08,completed,0.526
O502556,C100728,2024-02-27,mobile_app,apparel,2,43.99,13.2,74.78,42.24,32.54,completed,0.4351
O502556,C100728,2024-02-27,mobile_app,footwear,2,60.47,0.0,120.94,70.35,50.59,completed,0.4183
O500832,C100248,2024-02-28,marketplace,beauty,1,35.79,0.0,35.79,17.04,18.75,completed,0.5239
O500832,C100248,2024-02-28,marketplace,apparel,3,88.46,53.08,212.3,123.45,88.85,completed,0.4185
O500832,C100248,2024-02-28,marketplace,home,1,79.93,0.0,79.93,44.49,35.44,completed,0.4434
O500905,C100271,2024-02-28,mobile_app,accessories,1,44.73,2.24,42.49,20.68,21.81,completed,0.5133
O500905,C100271,2024-02-28,mobile_app,apparel,1,83.66,0.0,83.66,45.8,37.86,completed,0.4525
O501971,C100554,2024-02-28,web,accessories,3,38.88,17.5,99.14,52.94,46.2,completed,0.466
O501971,C100554,2024-02-28,web,electronics,1,233.22,46.64,186.58,144.16,42.42,completed,0.2274
O501971,C100554,2024-02-28,web,footwear,3,122.06,54.93,311.25,180.43,130.82,completed,0.4203
O502136,C100611,2024-02-28,mobile_app,home,2,68.26,0.0,136.52,84.12,52.4,completed,0.3838
O502136,C100611,2024-02-28,mobile_app,beauty,2,25.4,5.08,45.72,21.09,24.63,completed,0.5387
O502136,C100611,2024-02-28,mobile_app,beauty,1,22.88,3.43,19.45,8.37,11.08,completed,0.5697
O502272,C100641,2024-02-28,web,home,1,116.85,11.69,105.16,62.39,42.77,completed,0.4067
O502776,C100793,2024-02-28,retail_partner,footwear,2,168.67,0.0,337.34,214.21,123.13,completed,0.365
O502776,C100793,2024-02-28,retail_partner,footwear,1,130.53,13.05,117.48,67.43,50.05,completed,0.426
O502776,C100793,2024-02-28,retail_partner,home,1,154.48,0.0,154.48,98.1,56.38,completed,0.365
O502816,C100801,2024-02-28,web,footwear,3,134.42,0.0,403.26,221.61,181.65,completed,0.4505
O502816,C100801,2024-02-28,web,apparel,2,80.14,0.0,160.28,85.33,74.95,completed,0.4676
O502816,C100801,2024-02-28,web,accessories,3,54.17,32.5,130.01,60.61,69.4,completed,0.5338
O500015,C100005,2024-02-29,retail_partner,electronics,2,197.37,0.0,394.74,342.95,51.79,completed,0.1312
O500015,C100005,2024-02-29,retail_partner,footwear,3,65.7,19.71,177.39,111.89,65.5,completed,0.3692
O500015,C100005,2024-02-29,retail_partner,beauty,1,17.34,1.73,15.61,7.88,7.73,completed,0.4952
O500483,C100155,2024-02-29,web,footwear,1,190.35,9.52,180.83,103.94,76.89,completed,0.4252
O500566,C100177,2024-02-29,retail_partner,apparel,2,65.2,0.0,130.4,74.98,55.42,completed,0.425
O501054,C100309,2024-02-29,mobile_app,apparel,1,71.12,0.0,71.12,40.38,30.74,completed,0.4322
O501054,C100309,2024-02-29,mobile_app,accessories,1,40.43,0.0,40.43,20.55,19.88,completed,0.4917
O501054,C100309,2024-02-29,mobile_app,accessories,3,59.48,35.69,142.75,68.29,74.46,completed,0.5216
O501226,C100372,2024-02-29,mobile_app,electronics,2,230.19,0.0,460.38,388.38,72.0,completed,0.1564
O501775,C100506,2024-02-29,web,home,3,87.68,26.3,236.74,153.61,83.13,completed,0.3511
O501775,C100506,2024-02-29,web,electronics,1,472.5,0.0,472.5,348.77,123.73,completed,0.2619
O501775,C100506,2024-02-29,web,home,2,143.64,14.36,272.92,179.8,93.12,completed,0.3412
O503022,C100847,2024-02-29,mobile_app,beauty,1,69.7,6.97,62.73,28.84,33.89,completed,0.5403
O503022,C100847,2024-02-29,mobile_app,home,2,132.96,0.0,265.92,153.02,112.9,completed,0.4246
O501490,C100441,2024-03-01,mobile_app,apparel,3,116.65,69.99,279.96,153.04,126.92,completed,0.4534
O501490,C100441,2024-03-01,mobile_app,accessories,1,91.43,18.29,73.14,37.83,35.31,completed,0.4828
O501490,C100441,2024-03-01,mobile_app,home,2,126.2,50.48,201.92,123.66,78.26,completed,0.3876
O502216,C100630,2024-03-01,web,beauty,2,44.04,4.4,83.68,40.05,43.63,completed,0.5214
O502216,C100630,2024-03-01,web,beauty,2,74.41,22.32,126.5,61.6,64.9,completed,0.513
O502216,C100630,2024-03-01,web,footwear,3,198.83,119.3,477.19,274.7,202.49,completed,0.4243
O502268,C100640,2024-03-01,web,electronics,1,156.13,31.23,124.9,96.28,28.62,completed,0.2291
O502831,C100802,2024-03-01,web,home,2,59.07,0.0,118.14,72.08,46.06,completed,0.3899
O502831,C100802,2024-03-01,web,footwear,1,83.27,4.16,79.11,50.17,28.94,completed,0.3658
O502831,C100802,2024-03-01,web,footwear,2,72.81,21.84,123.78,71.79,51.99,completed,0.42
O500035,C100016,2024-03-02,web,accessories,2,59.18,5.92,112.44,56.14,56.3,completed,0.5007
O500035,C100016,2024-03-02,web,electronics,1,522.87,0.0,522.87,417.52,105.35,completed,0.2015
O500035,C100016,2024-03-02,web,beauty,2,63.24,25.3,101.18,54.24,46.94,completed,0.4639
O500073,C100034,2024-03-02,retail_partner,beauty,1,31.75,4.76,26.99,12.89,14.1,completed,0.5224
O500073,C100034,2024-03-02,retail_partner,accessories,2,46.06,0.0,92.12,49.23,42.89,completed,0.4656
O500073,C100034,2024-03-02,retail_partner,home,3,84.04,0.0,252.12,156.3,95.82,completed,0.3801
O501242,C100381,2024-03-02,marketplace,apparel,3,44.47,26.68,106.73,56.97,49.76,completed,0.4662
O501242,C100381,2024-03-02,marketplace,electronics,2,145.85,0.0,291.7,239.63,52.07,completed,0.1785
O501560,C100454,2024-03-02,web,apparel,1,100.27,0.0,100.27,52.7,47.57,completed,0.4744
O501560,C100454,2024-03-02,web,footwear,3,164.19,98.51,394.06,236.64,157.42,completed,0.3995
O501560,C100454,2024-03-02,web,accessories,1,78.19,11.73,66.46,34.09,32.37,completed,0.4871
O501950,C100549,2024-03-02,marketplace,beauty,2,60.98,0.0,121.96,59.39,62.57,completed,0.513
O501950,C100549,2024-03-02,marketplace,accessories,1,54.05,10.81,43.24,20.34,22.9,completed,0.5296
O501950,C100549,2024-03-02,marketplace,apparel,2,91.49,9.15,173.83,87.13,86.7,completed,0.4988
O502045,C100580,2024-03-02,marketplace,electronics,2,245.03,98.01,392.05,331.74,60.31,completed,0.1538
O502045,C100580,2024-03-02,marketplace,accessories,3,79.72,0.0,239.16,125.26,113.9,completed,0.4763
O502045,C100580,2024-03-02,marketplace,home,2,118.24,0.0,236.48,151.02,85.46,completed,0.3614
O500350,C100113,2024-03-03,mobile_app,accessories,2,52.87,10.57,95.17,51.5,43.67,completed,0.4589
O500350,C100113,2024-03-03,mobile_app,accessories,2,52.95,0.0,105.9,51.08,54.82,completed,0.5177
O500350,C100113,2024-03-03,mobile_app,apparel,1,57.07,0.0,57.07,29.16,27.91,completed,0.489
O500804,C100243,2024-03-03,mobile_app,home,1,64.27,3.21,61.06,39.74,21.32,completed,0.3492
O500842,C100249,2024-03-03,web,home,1,79.92,11.99,67.93,44.61,23.32,completed,0.3433
O500842,C100249,2024-03-03,web,home,1,71.34,0.0,71.34,44.77,26.57,completed,0.3724
O501491,C100441,2024-03-03,mobile_app,footwear,1,179.61,35.92,143.69,85.71,57.98,completed,0.4035
O501491,C100441,2024-03-03,mobile_app,beauty,3,35.68,0.0,107.04,45.02,62.02,completed,0.5794
O501491,C100441,2024-03-03,mobile_app,apparel,2,118.97,23.79,214.15,113.23,100.92,completed,0.4713
O502571,C100733,2024-03-03,web,footwear,1,85.72,0.0,85.72,50.8,34.92,completed,0.4074
O502571,C100733,2024-03-03,web,electronics,3,144.01,0.0,432.03,354.9,77.13,completed,0.1785
O502777,C100793,2024-03-03,web,home,3,154.01,0.0,462.03,322.32,139.71,completed,0.3024
O502777,C100793,2024-03-03,web,accessories,2,91.85,0.0,183.7,88.23,95.47,completed,0.5197
O502777,C100793,2024-03-03,web,footwear,2,137.07,0.0,274.14,151.3,122.84,completed,0.4481
O503110,C100865,2024-03-03,web,footwear,2,79.27,15.85,142.69,76.58,66.11,completed,0.4633
O503110,C100865,2024-03-03,web,electronics,3,175.35,78.91,447.14,358.97,88.17,completed,0.1972
O503110,C100865,2024-03-03,web,beauty,3,28.58,0.0,85.74,40.48,45.26,completed,0.5279
O500151,C100057,2024-03-04,web,electronics,3,273.9,0.0,821.7,682.54,139.16,completed,0.1694
O500151,C100057,2024-03-04,web,apparel,1,60.87,0.0,60.87,34.04,26.83,completed,0.4408
O502111,C100600,2024-03-04,marketplace,electronics,3,181.14,81.51,461.91,389.65,72.26,completed,0.1564
O502684,C100768,2024-03-04,mobile_app,footwear,3,160.51,48.15,433.38,267.23,166.15,completed,0.3834
O502921,C100823,2024-03-04,mobile_app,apparel,3,53.72,8.06,153.1,74.0,79.1,completed,0.5167
O500152,C100057,2024-03-05,marketplace,beauty,1,33.31,5.0,28.31,14.37,13.94,completed,0.4924
O500152,C100057,2024-03-05,marketplace,footwear,2,65.63,0.0,131.26,77.3,53.96,completed,0.4111
O500484,C100155,2024-03-05,web,footwear,1,143.35,0.0,143.35,86.16,57.19,completed,0.399
O501776,C100506,2024-03-05,marketplace,beauty,3,39.61,0.0,118.83,58.56,60.27,completed,0.5072
O501776,C100506,2024-03-05,marketplace,apparel,2,116.56,0.0,233.12,131.85,101.27,completed,0.4344
O501776,C100506,2024-03-05,marketplace,home,3,122.18,0.0,366.54,216.74,149.8,completed,0.4087
O502728,C100781,2024-03-05,marketplace,home,1,118.12,17.72,100.4,61.47,38.93,completed,0.3877
O502728,C100781,2024-03-05,marketplace,beauty,3,29.53,0.0,88.59,40.68,47.91,completed,0.5408
O502728,C100781,2024-03-05,marketplace,accessories,2,47.27,4.73,89.81,44.1,45.71,completed,0.509
O503140,C100875,2024-03-05,mobile_app,apparel,3,88.22,13.23,251.43,146.42,105.01,completed,0.4177
O503140,C100875,2024-03-05,mobile_app,beauty,3,69.68,20.9,188.14,90.14,98.0,completed,0.5209
O503140,C100875,2024-03-05,mobile_app,electronics,3,406.52,60.98,1158.58,952.07,206.51,completed,0.1782
O500061,C100028,2024-03-06,mobile_app,beauty,1,25.39,3.81,21.58,10.46,11.12,completed,0.5153
O500061,C100028,2024-03-06,mobile_app,home,3,33.21,4.98,94.65,59.63,35.02,completed,0.37
O501342,C100406,2024-03-06,web,electronics,3,268.16,160.9,643.58,517.54,126.04,completed,0.1958
O501342,C100406,2024-03-06,web,apparel,3,49.65,0.0,148.95,81.67,67.28,completed,0.4517
O501455,C100432,2024-03-06,web,apparel,2,50.3,0.0,100.6,52.71,47.89,completed,0.476
O501630,C100474,2024-03-06,mobile_app,footwear,2,139.73,0.0,279.46,165.34,114.12,completed,0.4084
O501561,C100454,2024-03-07,web,home,3,151.63,45.49,409.4,255.21,154.19,completed,0.3766
O501561,C100454,2024-03-07,web,electronics,3,158.08,47.42,426.82,354.07,72.75,completed,0.1704
O500823,C100247,2024-03-08,web,accessories,3,43.8,0.0,131.4,65.14,66.26,completed,0.5043
O500823,C100247,2024-03-08,web,footwear,2,87.1,0.0,174.2,108.6,65.6,completed,0.3766
O501111,C100338,2024-03-08,mobile_app,electronics,2,208.79,62.64,354.94,281.62,73.32,completed,0.2066
O502003,C100569,2024-03-08,mobile_app,home,3,111.05,49.97,283.18,181.86,101.32,completed,0.3578
O502563,C100731,2024-03-08,mobile_app,beauty,1,29.72,0.0,29.72,14.54,15.18,completed,0.5108
O502563,C100731,2024-03-08,mobile_app,footwear,2,149.49,0.0,298.98,171.13,127.85,completed,0.4276
O502743,C100784,2024-03-08,web,footwear,2,85.16,8.52,161.8,97.13,64.67,completed,0.3997
O502743,C100784,2024-03-08,web,electronics,3,228.24,34.24,650.48,507.68,142.8,completed,0.2195
O502743,C100784,2024-03-08,web,beauty,3,18.95,8.53,48.32,24.58,23.74,completed,0.4913
O503164,C100879,2024-03-08,mobile_app,electronics,1,279.01,0.0,279.01,227.39,51.62,completed,0.185
O503164,C100879,2024-03-08,mobile_app,accessories,3,71.47,21.44,192.97,90.14,102.83,completed,0.5329
O503164,C100879,2024-03-08,mobile_app,electronics,1,305.99,30.6,275.39,212.82,62.57,completed,0.2272
O500329,C100109,2024-03-09,web,footwear,2,120.0,0.0,240.0,146.32,93.68,completed,0.3903
O500811,C100246,2024-03-09,mobile_app,accessories,1,71.84,0.0,71.84,37.6,34.24,completed,0.4766
O500811,C100246,2024-03-09,mobile_app,accessories,3,69.15,0.0,207.45,109.46,97.99,completed,0.4724
O500811,C100246,2024-03-09,mobile_app,home,2,98.23,0.0,196.46,131.69,64.77,completed,0.3297
O501821,C100513,2024-03-09,mobile_app,beauty,1,66.42,0.0,66.42,32.74,33.68,completed,0.5071
O502336,C100653,2024-03-09,web,accessories,2,41.67,0.0,83.34,43.68,39.66,completed,0.4759
O502336,C100653,2024-03-09,web,footwear,1,50.93,0.0,50.93,31.34,19.59,completed,0.3846
O502336,C100653,2024-03-09,web,electronics,2,255.91,25.59,486.23,417.51,68.72,completed,0.1413
O500380,C100127,2024-03-10,web,electronics,2,297.65,0.0,595.3,453.42,141.88,completed,0.2383
O500380,C100127,2024-03-10,web,electronics,1,189.07,9.45,179.62,149.4,30.22,completed,0.1682
O501744,C100497,2024-03-10,web,accessories,1,93.02,9.3,83.72,39.75,43.97,completed,0.5252
O502207,C100627,2024-03-11,retail_partner,electronics,2,204.39,0.0,408.78,339.99,68.79,completed,0.1683
O502719,C100778,2024-03-11,mobile_app,footwear,2,74.91,14.98,134.84,82.79,52.05,completed,0.386
O502719,C100778,2024-03-11,mobile_app,apparel,1,35.63,5.34,30.29,16.76,13.53,completed,0.4467
O503033,C100849,2024-03-11,web,home,2,90.46,0.0,180.92,110.53,70.39,completed,0.3891
O503033,C100849,2024-03-11,web,beauty,1,51.74,0.0,51.74,22.59,29.15,completed,0.5634
O501745,C100497,2024-03-12,marketplace,apparel,2,70.84,14.17,127.51,73.95,53.56,completed,0.42
O503126,C100873,2024-03-12,web,home,2,64.63,19.39,109.87,69.43,40.44,completed,0.3681
O503126,C100873,2024-03-12,web,electronics,3,177.12,0.0,531.36,457.22,74.14,completed,0.1395
O503126,C100873,2024-03-12,web,footwear,1,85.46,17.09,68.37,40.52,27.85,completed,0.4073
O503023,C100847,2024-03-13,web,electronics,3,309.14,185.48,741.94,561.42,180.52,completed,0.2433
O503023,C100847,2024-03-13,web,accessories,1,70.92,3.55,67.37,33.92,33.45,completed,0.4965
O503023,C100847,2024-03-13,web,electronics,3,459.81,0.0,1379.43,1201.49,177.94,completed,0.129
O503141,C100875,2024-03-13,mobile_app,beauty,1,48.06,0.0,48.06,22.6,25.46,completed,0.5298
O501492,C100441,2024-03-14,web,accessories,1,49.3,4.93,44.37,25.01,19.36,completed,0.4363
O501492,C100441,2024-03-14,web,electronics,1,268.12,0.0,268.12,217.96,50.16,completed,0.1871
O501492,C100441,2024-03-14,web,beauty,1,65.87,0.0,65.87,31.49,34.38,completed,0.5219
O502479,C100708,2024-03-14,web,electronics,2,172.83,69.13,276.53,226.35,50.18,completed,0.1815
O500214,C100067,2024-03-15,web,accessories,3,39.78,0.0,119.34,63.1,56.24,completed,0.4713
O501746,C100497,2024-03-15,web,accessories,3,79.02,35.56,201.5,94.35,107.15,completed,0.5318
O501746,C100497,2024-03-15,web,home,3,161.52,0.0,484.56,287.89,196.67,completed,0.4059
O502554,C100727,2024-03-15,marketplace,electronics,3,201.37,30.21,573.9,460.59,113.31,completed,0.1974
O502729,C100781,2024-03-15,mobile_app,apparel,3,95.92,28.78,258.98,150.56,108.42,completed,0.4186
O502729,C100781,2024-03-15,mobile_app,apparel,2,88.02,8.8,167.24,87.86,79.38,completed,0.4746
O502846,C100806,2024-03-15,marketplace,home,3,65.08,0.0,195.24,116.64,78.6,completed,0.4026
O502846,C100806,2024-03-15,marketplace,apparel,2,46.13,4.61,87.65,51.06,36.59,completed,0.4175
O502846,C100806,2024-03-15,marketplace,footwear,3,69.41,10.41,197.82,108.81,89.01,completed,0.45
O501232,C100376,2024-03-16,retail_partner,apparel,3,55.85,16.76,150.79,84.29,66.5,completed,0.441
O501232,C100376,2024-03-16,retail_partner,accessories,2,38.84,11.65,66.03,33.91,32.12,completed,0.4864
O501787,C100507,2024-03-16,mobile_app,home,3,72.06,32.43,183.75,117.45,66.3,completed,0.3608
O501787,C100507,2024-03-16,mobile_app,beauty,1,27.96,5.59,22.37,10.84,11.53,completed,0.5154
O501787,C100507,2024-03-16,mobile_app,apparel,3,64.78,0.0,194.34,107.23,87.11,completed,0.4482
O500336,C100111,2024-03-17,mobile_app,electronics,1,298.05,14.9,283.15,237.16,45.99,completed,0.1624
O500336,C100111,2024-03-17,mobile_app,beauty,1,33.28,0.0,33.28,16.31,16.97,completed,0.5099
O500620,C100188,2024-03-17,mobile_app,footwear,1,117.46,11.75,105.71,63.0,42.71,completed,0.404
O500620,C100188,2024-03-17,mobile_app,accessories,3,54.17,0.0,162.51,82.11,80.4,completed,0.4947
O500620,C100188,2024-03-17,mobile_app,electronics,1,270.15,40.52,229.63,182.59,47.04,completed,0.2049
O500697,C100208,2024-03-17,web,beauty,2,40.46,0.0,80.92,39.0,41.92,completed,0.518
O500697,C100208,2024-03-17,web,accessories,2,38.05,0.0,76.1,38.64,37.46,completed,0.4922
O500697,C100208,2024-03-17,web,apparel,2,64.07,25.63,102.51,53.25,49.26,completed,0.4805
O501586,C100462,2024-03-17,marketplace,home,1,157.09,7.85,149.24,81.64,67.6,completed,0.453
O501822,C100513,2024-03-17,web,footwear,1,120.78,24.16,96.62,61.96,34.66,completed,0.3587
O501822,C100513,2024-03-17,web,apparel,3,76.13,11.42,216.97,117.8,99.17,completed,0.4571
O502485,C100710,2024-03-17,mobile_app,home,2,64.58,19.37,109.79,61.46,48.33,completed,0.4402
O501394,C100424,2024-03-18,mobile_app,electronics,1,246.41,49.28,197.13,160.79,36.34,completed,0.1843
O501394,C100424,2024-03-18,mobile_app,accessories,3,68.58,20.57,185.17,92.28,92.89,completed,0.5016
O501469,C100436,2024-03-18,web,apparel,2,96.45,9.65,183.25,106.81,76.44,completed,0.4171
O502619,C100748,2024-03-18,marketplace,electronics,3,295.08,177.05,708.19,626.64,81.55,completed,0.1152
O502619,C100748,2024-03-18,marketplace,electronics,1,173.05,34.61,138.44,108.52,29.92,completed,0.2161
O502771,C100791,2024-03-18,web,footwear,1,90.36,18.07,72.29,44.02,28.27,completed,0.3911
O502771,C100791,2024-03-18,web,apparel,3,84.16,0.0,252.48,134.76,117.72,completed,0.4663
O502771,C100791,2024-03-18,web,apparel,3,65.0,0.0,195.0,108.14,86.86,completed,0.4454
O500241,C100075,2024-03-19,mobile_app,footwear,3,62.21,0.0,186.63,109.29,77.34,completed,0.4144
O500241,C100075,2024-03-19,mobile_app,footwear,3,67.47,30.36,172.05,108.95,63.1,completed,0.3668
O501377,C100419,2024-03-19,mobile_app,beauty,1,26.88,2.69,24.19,11.61,12.58,completed,0.52
O501674,C100480,2024-03-19,mobile_app,accessories,3,74.29,0.0,222.87,124.05,98.82,completed,0.4434
O501674,C100480,2024-03-19,mobile_app,accessories,2,73.6,7.36,139.84,69.51,70.33,completed,0.5029
O501674,C100480,2024-03-19,mobile_app,electronics,3,382.37,229.42,917.69,720.69,197.0,completed,0.2147
O501969,C100553,2024-03-19,mobile_app,footwear,2,76.14,15.23,137.05,84.71,52.34,completed,0.3819
O501969,C100553,2024-03-19,mobile_app,footwear,3,110.89,0.0,332.67,210.57,122.1,completed,0.367
O501969,C100553,2024-03-19,mobile_app,home,3,73.1,0.0,219.3,123.7,95.6,completed,0.4359
O502175,C100618,2024-03-19,marketplace,apparel,1,103.53,15.53,88.0,44.71,43.29,completed,0.4919
O502175,C100618,2024-03-19,marketplace,home,3,133.39,20.01,380.16,226.05,154.11,completed,0.4054
O502582,C100737,2024-03-19,web,apparel,1,50.77,10.15,40.62,22.18,18.44,completed,0.454
O502582,C100737,2024-03-19,web,home,1,90.96,0.0,90.96,55.75,35.21,completed,0.3871
O502912,C100821,2024-03-19,web,home,2,87.57,35.03,140.11,85.56,54.55,completed,0.3893
O502912,C100821,2024-03-19,web,home,1,94.01,4.7,89.31,52.83,36.48,completed,0.4085
O502912,C100821,2024-03-19,web,accessories,3,55.37,0.0,166.11,83.8,82.31,completed,0.4955
O500833,C100248,2024-03-20,marketplace,home,1,144.31,7.22,137.09,87.63,49.46,completed,0.3608
O500833,C100248,2024-03-20,marketplace,beauty,1,44.57,0.0,44.57,21.82,22.75,completed,0.5104
O500981,C100282,2024-03-20,mobile_app,beauty,3,42.09,12.63,113.64,51.16,62.48,completed,0.5498
O500981,C100282,2024-03-20,mobile_app,footwear,1,95.05,9.51,85.54,48.61,36.93,completed,0.4317
O501269,C100390,2024-03-20,mobile_app,apparel,1,62.64,3.13,59.51,31.07,28.44,completed,0.4779
O501269,C100390,2024-03-20,mobile_app,accessories,1,84.75,4.24,80.51,39.15,41.36,completed,0.5137
O501587,C100462,2024-03-20,web,home,2,148.84,14.88,282.8,172.97,109.83,completed,0.3884
O502117,C100604,2024-03-20,mobile_app,apparel,1,51.34,0.0,51.34,25.51,25.83,completed,0.5031
O502117,C100604,2024-03-20,mobile_app,accessories,3,43.86,19.74,111.84,58.93,52.91,completed,0.4731
O502533,C100722,2024-03-20,web,footwear,2,109.81,10.98,208.64,133.31,75.33,completed,0.3611
O502533,C100722,2024-03-20,web,footwear,3,136.17,61.28,347.23,210.21,137.02,completed,0.3946
O502685,C100768,2024-03-20,mobile_app,beauty,3,50.04,0.0,150.12,74.56,75.56,completed,0.5033
O502685,C100768,2024-03-20,mobile_app,footwear,3,135.83,20.37,387.12,228.2,158.92,completed,0.4105
O502685,C100768,2024-03-20,mobile_app,beauty,2,30.87,6.17,55.57,27.73,27.84,completed,0.501
O502697,C100769,2024-03-20,retail_partner,home,2,73.02,0.0,146.04,77.94,68.1,completed,0.4663
O502697,C100769,2024-03-20,retail_partner,home,3,87.57,0.0,262.71,178.14,84.57,completed,0.3219
O502697,C100769,2024-03-20,retail_partner,electronics,2,199.67,0.0,399.34,298.02,101.32,completed,0.2537
O502781,C100794,2024-03-20,marketplace,home,3,82.18,49.31,197.23,122.73,74.5,completed,0.3777
O502781,C100794,2024-03-20,marketplace,apparel,2,52.03,0.0,104.06,55.47,48.59,completed,0.4669
O502817,C100801,2024-03-20,mobile_app,footwear,2,158.64,0.0,317.28,195.37,121.91,completed,0.3842
O502817,C100801,2024-03-20,mobile_app,accessories,2,58.9,0.0,117.8,60.84,56.96,completed,0.4835
O503070,C100856,2024-03-20,web,accessories,1,54.87,0.0,54.87,25.01,29.86,completed,0.5442
O503070,C100856,2024-03-20,web,home,1,99.33,0.0,99.33,62.91,36.42,completed,0.3667
O503070,C100856,2024-03-20,web,home,1,88.01,4.4,83.61,54.33,29.28,completed,0.3502
O501296,C100396,2024-03-21,marketplace,home,1,62.77,0.0,62.77,41.69,21.08,completed,0.3358
O501296,C100396,2024-03-21,marketplace,accessories,2,41.7,0.0,83.4,40.61,42.79,completed,0.5131
O501296,C100396,2024-03-21,marketplace,electronics,2,248.63,74.59,422.67,336.47,86.2,completed,0.2039
O502058,C100585,2024-03-21,web,apparel,3,51.63,0.0,154.89,80.41,74.48,completed,0.4809
O502058,C100585,2024-03-21,web,electronics,1,224.68,11.23,213.45,185.37,28.08,completed,0.1316
O502058,C100585,2024-03-21,web,electronics,2,256.12,102.45,409.79,341.75,68.04,completed,0.166
O500242,C100075,2024-03-22,retail_partner,beauty,3,31.38,18.83,75.31,36.11,39.2,completed,0.5205
O500242,C100075,2024-03-22,retail_partner,footwear,3,47.3,7.09,134.81,83.94,50.87,completed,0.3773
O500242,C100075,2024-03-22,retail_partner,footwear,2,77.03,0.0,154.06,88.9,65.16,completed,0.423
O501160,C100358,2024-03-22,web,footwear,2,110.66,11.07,210.25,122.55,87.7,completed,0.4171
O501160,C100358,2024-03-22,web,footwear,2,103.4,10.34,196.46,119.37,77.09,completed,0.3924
O502234,C100634,2024-03-22,web,beauty,3,40.22,0.0,120.66,53.41,67.25,completed,0.5574
O502234,C100634,2024-03-22,web,apparel,2,111.59,0.0,223.18,125.23,97.95,completed,0.4389
O500363,C100118,2024-03-23,web,accessories,2,36.26,7.25,65.27,33.18,32.09,completed,0.4917
O501063,C100315,2024-03-23,retail_partner,apparel,1,52.6,5.26,47.34,23.9,23.44,completed,0.4951
O501119,C100340,2024-03-23,web,beauty,3,28.33,17.0,67.99,33.75,34.24,completed,0.5036
O501167,C100359,2024-03-23,mobile_app,footwear,2,204.09,81.64,326.54,184.67,141.87,completed,0.4345
O501395,C100424,2024-03-23,web,beauty,3,46.79,21.06,119.31,51.66,67.65,completed,0.567
O501396,C100424,2024-03-23,web,apparel,2,76.05,0.0,152.1,78.69,73.41,completed,0.4826
O501396,C100424,2024-03-23,web,footwear,1,247.26,37.09,210.17,135.27,74.9,completed,0.3564
O501396,C100424,2024-03-23,web,electronics,1,418.48,62.77,355.71,268.74,86.97,completed,0.2445
O502701,C100771,2024-03-23,marketplace,home,3,59.54,0.0,178.62,112.27,66.35,completed,0.3715
O502818,C100801,2024-03-23,marketplace,home,3,80.35,12.05,229.0,156.11,72.89,completed,0.3183
O502903,C100819,2024-03-23,marketplace,home,3,72.59,43.55,174.22,107.96,66.26,completed,0.3803
O500126,C100051,2024-03-24,web,apparel,3,103.86,0.0,311.58,182.07,129.51,completed,0.4157
O500126,C100051,2024-03-24,web,apparel,1,126.06,18.91,107.15,54.37,52.78,completed,0.4926
O500360,C100117,2024-03-24,marketplace,electronics,2,124.27,0.0,248.54,207.67,40.87,completed,0.1644
O501121,C100341,2024-03-24,mobile_app,beauty,1,21.14,0.0,21.14,11.51,9.63,completed,0.4555
O501470,C100436,2024-03-24,mobile_app,beauty,2,65.08,0.0,130.16,69.62,60.54,completed,0.4651
O501470,C100436,2024-03-24,mobile_app,home,2,140.89,0.0,281.78,181.84,99.94,completed,0.3547
O501600,C100464,2024-03-24,web,electronics,1,353.69,35.37,318.32,259.13,59.19,completed,0.1859
O501600,C100464,2024-03-24,web,apparel,2,76.61,7.66,145.56,80.09,65.47,completed,0.4498
O501600,C100464,2024-03-24,web,apparel,2,94.78,0.0,189.56,106.35,83.21,completed,0.439
O501777,C100506,2024-03-24,mobile_app,beauty,3,63.72,0.0,191.16,88.17,102.99,completed,0.5388
O502730,C100781,2024-03-24,mobile_app,accessories,2,62.51,0.0,125.02,63.49,61.53,completed,0.4922
O502863,C100812,2024-03-24,marketplace,accessories,2,37.96,3.8,72.12,36.53,35.59,completed,0.4935
O503081,C100859,2024-03-24,mobile_app,accessories,3,60.23,0.0,180.69,90.29,90.4,completed,0.5003
O501778,C100506,2024-03-25,mobile_app,footwear,1,77.17,0.0,77.17,51.15,26.02,completed,0.3372
O501778,C100506,2024-03-25,mobile_app,apparel,2,33.9,3.39,64.41,33.87,30.54,completed,0.4741
O501802,C100508,2024-03-25,mobile_app,beauty,3,59.27,35.56,142.25,74.66,67.59,completed,0.4751
O501802,C100508,2024-03-25,mobile_app,footwear,3,180.22,0.0,540.66,337.89,202.77,completed,0.375
O500400,C100133,2024-03-26,marketplace,footwear,3,96.37,43.37,245.74,154.33,91.41,completed,0.372
O500752,C100231,2024-03-26,web,footwear,3,30.58,4.59,87.15,51.12,36.03,completed,0.4134
O500752,C100231,2024-03-26,web,accessories,3,36.06,21.64,86.54,39.72,46.82,completed,0.541
O501368,C100416,2024-03-26,web,apparel,3,50.21,15.06,135.57,75.48,60.09,completed,0.4432
O503071,C100856,2024-03-26,mobile_app,electronics,3,254.95,0.0,764.85,587.9,176.95,completed,0.2314
O503071,C100856,2024-03-26,mobile_app,apparel,1,49.69,4.97,44.72,23.42,21.3,completed,0.4763
O503071,C100856,2024-03-26,mobile_app,apparel,1,59.45,0.0,59.45,33.93,25.52,completed,0.4293
O500613,C100187,2024-03-27,web,electronics,2,268.15,26.81,509.49,437.11,72.38,completed,0.1421
O501270,C100390,2024-03-27,mobile_app,accessories,3,59.38,0.0,178.14,91.11,87.03,completed,0.4885
O502721,C100779,2024-03-27,web,accessories,1,35.96,3.6,32.36,15.45,16.91,completed,0.5226
O502721,C100779,2024-03-27,web,footwear,3,70.77,21.23,191.08,121.29,69.79,completed,0.3652
O502721,C100779,2024-03-27,web,beauty,1,22.39,0.0,22.39,10.67,11.72,completed,0.5234
O502974,C100833,2024-03-27,web,apparel,3,59.68,17.9,161.14,91.08,70.06,completed,0.4348
O503069,C100855,2024-03-27,web,footwear,3,79.98,0.0,239.94,150.27,89.67,completed,0.3737
O501261,C100388,2024-03-28,web,accessories,3,38.81,23.29,93.14,52.0,41.14,completed,0.4417
O501643,C100475,2024-03-28,marketplace,home,2,85.05,17.01,153.09,85.21,67.88,completed,0.4434
O502118,C100604,2024-03-28,marketplace,home,2,85.16,25.55,144.77,92.22,52.55,completed,0.363
O502534,C100722,2024-03-28,web,footwear,3,133.65,0.0,400.95,246.41,154.54,completed,0.3854
O502918,C100822,2024-03-28,marketplace,home,2,124.89,49.96,199.82,138.63,61.19,completed,0.3062
O502918,C100822,2024-03-28,marketplace,electronics,3,400.41,240.25,960.98,751.26,209.72,completed,0.2182
O500127,C100051,2024-03-29,marketplace,home,1,157.86,15.79,142.07,86.89,55.18,completed,0.3884
O500127,C100051,2024-03-29,marketplace,electronics,1,534.74,0.0,534.74,429.25,105.49,completed,0.1973
O500349,C100112,2024-03-29,mobile_app,footwear,1,76.61,0.0,76.61,48.01,28.6,completed,0.3733
O500733,C100224,2024-03-29,mobile_app,electronics,2,215.72,0.0,431.44,350.73,80.71,completed,0.1871
O500733,C100224,2024-03-29,mobile_app,accessories,2,52.4,0.0,104.8,53.5,51.3,completed,0.4895
O501951,C100549,2024-03-29,web,home,3,143.04,0.0,429.12,264.98,164.14,completed,0.3825
O502443,C100697,2024-03-29,web,footwear,2,78.27,0.0,156.54,97.17,59.37,completed,0.3793
O502443,C100697,2024-03-29,web,electronics,3,209.03,0.0,627.09,524.07,103.02,completed,0.1643
O502443,C100697,2024-03-29,web,home,3,69.73,10.46,198.73,115.94,82.79,completed,0.4166
O503049,C100851,2024-03-29,marketplace,accessories,1,38.15,1.91,36.24,15.79,20.45,completed,0.5643
O503049,C100851,2024-03-29,marketplace,electronics,1,299.11,0.0,299.11,213.43,85.68,completed,0.2864
O503049,C100851,2024-03-29,marketplace,apparel,3,61.59,27.72,157.05,88.63,68.42,completed,0.4357
O503151,C100877,2024-03-30,retail_partner,beauty,3,24.01,0.0,72.03,36.91,35.12,completed,0.4876
O503151,C100877,2024-03-30,retail_partner,electronics,3,195.05,0.0,585.15,480.69,104.46,completed,0.1785
O501349,C100407,2024-03-31,marketplace,electronics,2,277.14,0.0,554.28,467.78,86.5,completed,0.1561
O501349,C100407,2024-03-31,marketplace,apparel,2,65.71,6.57,124.85,73.44,51.41,completed,0.4118
O501614,C100468,2024-03-31,web,accessories,2,33.07,0.0,66.14,34.5,31.64,completed,0.4784
O501614,C100468,2024-03-31,web,electronics,3,149.71,0.0,449.13,354.24,94.89,completed,0.2113
O502254,C100638,2024-03-31,web,home,3,85.4,25.62,230.58,149.95,80.63,completed,0.3497
O501124,C100343,2024-04-01,mobile_app,beauty,3,30.85,0.0,92.55,42.05,50.5,completed,0.5457
O501271,C100390,2024-04-01,mobile_app,home,3,139.2,0.0,417.6,265.35,152.25,completed,0.3646
O501456,C100432,2024-04-01,mobile_app,home,2,79.48,0.0,158.96,98.71,60.25,completed,0.379
O501456,C100432,2024-04-01,mobile_app,home,2,59.22,0.0,118.44,73.03,45.41,completed,0.3834
O501456,C100432,2024-04-01,mobile_app,footwear,1,104.2,0.0,104.2,62.11,42.09,completed,0.4039
O501570,C100455,2024-04-01,web,apparel,3,39.71,17.87,101.26,54.28,46.98,completed,0.464
O501570,C100455,2024-04-01,web,beauty,1,28.52,0.0,28.52,13.21,15.31,completed,0.5368
O501570,C100455,2024-04-01,web,accessories,3,39.71,0.0,119.13,58.93,60.2,completed,0.5053
O501747,C100497,2024-04-01,web,home,2,136.35,0.0,272.7,172.3,100.4,completed,0.3682
O501747,C100497,2024-04-01,web,electronics,1,293.13,58.63,234.5,191.28,43.22,completed,0.1843
O501747,C100497,2024-04-01,web,beauty,3,56.04,25.22,142.9,72.37,70.53,completed,0.4936
O502444,C100697,2024-04-01,web,beauty,1,22.4,1.12,21.28,9.95,11.33,completed,0.5324
O500321,C100107,2024-04-02,mobile_app,accessories,1,34.41,3.44,30.97,14.12,16.85,completed,0.5441
O500321,C100107,2024-04-02,mobile_app,footwear,2,96.26,0.0,192.52,107.05,85.47,completed,0.444
O500587,C100180,2024-04-02,mobile_app,accessories,2,69.69,6.97,132.41,72.74,59.67,completed,0.4506
O500939,C100275,2024-04-02,marketplace,accessories,1,66.1,3.3,62.8,34.52,28.28,completed,0.4503
O500939,C100275,2024-04-02,marketplace,footwear,2,176.06,0.0,352.12,218.56,133.56,completed,0.3793
O501079,C100321,2024-04-02,mobile_app,home,3,44.24,26.54,106.18,66.04,40.14,completed,0.378
O501079,C100321,2024-04-02,mobile_app,beauty,3,49.15,29.49,117.96,55.87,62.09,completed,0.5264
O501079,C100321,2024-04-02,mobile_app,apparel,2,65.77,26.31,105.23,61.32,43.91,completed,0.4173
O501748,C100497,2024-04-02,mobile_app,footwear,3,126.29,56.83,322.04,180.23,141.81,completed,0.4403
O501748,C100497,2024-04-02,mobile_app,accessories,3,75.84,0.0,227.52,124.33,103.19,completed,0.4535
O502235,C100634,2024-04-02,mobile_app,electronics,3,436.8,262.08,1048.32,815.45,232.87,completed,0.2221
O502235,C100634,2024-04-02,mobile_app,beauty,1,61.63,9.24,52.39,23.72,28.67,completed,0.5472
O502301,C100649,2024-04-02,web,beauty,3,52.59,0.0,157.77,78.44,79.33,completed,0.5028
O502301,C100649,2024-04-02,web,accessories,3,85.84,38.63,218.89,106.69,112.2,completed,0.5126
O502748,C100785,2024-04-02,mobile_app,footwear,2,140.89,0.0,281.78,182.92,98.86,completed,0.3508
O502748,C100785,2024-04-02,mobile_app,home,2,140.38,0.0,280.76,164.43,116.33,completed,0.4143
O502947,C100827,2024-04-02,web,accessories,1,70.6,7.06,63.54,31.19,32.35,completed,0.5091
O502947,C100827,2024-04-02,web,accessories,2,40.69,0.0,81.38,36.5,44.88,completed,0.5515
O502947,C100827,2024-04-02,web,footwear,2,187.01,56.1,317.92,211.21,106.71,completed,0.3357
O500485,C100155,2024-04-03,web,electronics,2,274.23,109.69,438.77,342.84,95.93,completed,0.2186
O500753,C100232,2024-04-03,web,apparel,1,41.13,0.0,41.13,23.96,17.17,completed,0.4175
O500753,C100232,2024-04-03,web,footwear,3,105.11,47.3,268.03,140.45,127.58,completed,0.476
O500940,C100275,2024-04-03,mobile_app,beauty,2,37.59,0.0,75.18,38.34,36.84,completed,0.49
O500940,C100275,2024-04-03,mobile_app,footwear,2,176.02,52.81,299.23,193.16,106.07,completed,0.3545
O500453,C100146,2024-04-04,mobile_app,footwear,1,81.91,8.19,73.72,45.82,27.9,completed,0.3785
O500453,C100146,2024-04-04,mobile_app,beauty,2,20.17,0.0,40.34,18.31,22.03,completed,0.5461
O500453,C100146,2024-04-04,mobile_app,footwear,1,89.3,0.0,89.3,53.79,35.51,completed,0.3976
O500456,C100149,2024-04-04,web,apparel,1,35.84,7.17,28.67,16.56,12.11,completed,0.4224
O500456,C100149,2024-04-04,web,electronics,2,163.43,0.0,326.86,260.52,66.34,completed,0.203
O500458,C100150,2024-04-04,web,apparel,2,48.25,9.65,86.85,51.24,35.61,completed,0.41
O500458,C100150,2024-04-04,web,electronics,1,132.32,6.62,125.7,100.82,24.88,completed,0.1979
O500745,C100228,2024-04-04,mobile_app,apparel,2,50.68,10.14,91.22,50.17,41.05,completed,0.45
O501050,C100307,2024-04-04,web,home,1,98.82,0.0,98.82,64.6,34.22,completed,0.3463
O501397,C100424,2024-04-04,web,footwear,2,188.6,37.72,339.48,205.66,133.82,completed,0.3942
O501397,C100424,2024-04-04,web,beauty,2,49.72,4.97,94.47,45.18,49.29,completed,0.5218
O501397,C100424,2024-04-04,web,home,3,135.88,0.0,407.64,247.18,160.46,completed,0.3936
O500574,C100179,2024-04-05,web,apparel,2,91.44,0.0,182.88,98.49,84.39,completed,0.4615
O500574,C100179,2024-04-05,web,apparel,1,59.36,11.87,47.49,25.63,21.86,completed,0.4603
O501343,C100406,2024-04-05,mobile_app,electronics,3,184.87,27.73,526.88,454.59,72.29,completed,0.1372
O501382,C100421,2024-04-05,web,footwear,1,58.46,11.69,46.77,28.08,18.69,completed,0.3996
O501382,C100421,2024-04-05,web,electronics,1,131.43,0.0,131.43,113.77,17.66,completed,0.1344
O501398,C100424,2024-04-05,mobile_app,footwear,3,174.65,52.4,471.55,284.34,187.21,completed,0.397
O501398,C100424,2024-04-05,mobile_app,electronics,2,359.48,0.0,718.96,562.8,156.16,completed,0.2172
O501398,C100424,2024-04-05,mobile_app,footwear,2,178.19,71.28,285.1,180.06,105.04,completed,0.3684
O501493,C100441,2024-04-05,mobile_app,footwear,3,186.18,83.78,474.76,301.88,172.88,completed,0.3641
O501749,C100497,2024-04-05,mobile_app,footwear,1,175.91,26.39,149.52,88.1,61.42,completed,0.4108
O501749,C100497,2024-04-05,mobile_app,beauty,1,46.14,4.61,41.53,19.92,21.61,completed,0.5203
O502132,C100609,2024-04-05,mobile_app,accessories,2,47.27,9.45,85.09,43.34,41.75,completed,0.4907
O502137,C100611,2024-04-05,mobile_app,electronics,1,138.09,20.71,117.38,97.45,19.93,completed,0.1698
O502137,C100611,2024-04-05,mobile_app,footwear,2,90.3,18.06,162.54,102.32,60.22,completed,0.3705
O500221,C100069,2024-04-06,web,home,2,80.31,0.0,160.62,94.47,66.15,completed,0.4118
O500377,C100126,2024-04-06,mobile_app,footwear,1,66.8,3.34,63.46,38.09,25.37,completed,0.3998
O500721,C100219,2024-04-06,web,footwear,1,71.02,0.0,71.02,41.66,29.36,completed,0.4134
O501631,C100474,2024-04-06,mobile_app,home,2,140.25,0.0,280.5,173.31,107.19,completed,0.3821
O502640,C100756,2024-04-06,web,accessories,3,40.11,0.0,120.33,65.93,54.4,completed,0.4521
O502640,C100756,2024-04-06,web,electronics,1,104.22,0.0,104.22,81.09,23.13,completed,0.2219
O503056,C100853,2024-04-06,web,electronics,3,196.09,117.65,470.62,393.19,77.43,completed,0.1645
O503056,C100853,2024-04-06,web,footwear,2,91.27,0.0,182.54,119.22,63.32,completed,0.3469
O503056,C100853,2024-04-06,web,electronics,3,196.17,88.28,500.23,423.92,76.31,completed,0.1525
O501049,C100306,2024-04-07,mobile_app,footwear,2,55.74,22.3,89.18,51.8,37.38,completed,0.4192
O501049,C100306,2024-04-07,mobile_app,apparel,2,44.34,0.0,88.68,42.51,46.17,completed,0.5206
O501049,C100306,2024-04-07,mobile_app,home,3,62.73,0.0,188.19,125.51,62.68,completed,0.3331
O501601,C100464,2024-04-07,web,beauty,2,68.87,27.55,110.19,54.01,56.18,completed,0.5098
O501601,C100464,2024-04-07,web,electronics,2,355.86,35.59,676.13,534.3,141.83,completed,0.2098
O501601,C100464,2024-04-07,web,footwear,2,128.45,0.0,256.9,157.65,99.25,completed,0.3863
O501663,C100478,2024-04-07,retail_partner,accessories,2,39.15,7.83,70.47,36.48,33.99,completed,0.4823
O502091,C100595,2024-04-07,mobile_app,apparel,3,49.04,22.07,125.05,64.87,60.18,completed,0.4812
O502091,C100595,2024-04-07,mobile_app,apparel,2,56.97,17.09,96.85,52.56,44.29,completed,0.4573
O503165,C100879,2024-04-07,marketplace,electronics,3,403.66,242.2,968.78,783.06,185.72,completed,0.1917
O500128,C100051,2024-04-08,marketplace,beauty,1,44.82,2.24,42.58,21.52,21.06,completed,0.4946
O500128,C100051,2024-04-08,marketplace,home,3,70.42,42.25,169.01,98.37,70.64,completed,0.418
O500575,C100179,2024-04-08,web,beauty,1,58.53,0.0,58.53,28.9,29.63,completed,0.5062
O500575,C100179,2024-04-08,web,electronics,3,291.05,43.66,829.49,684.06,145.43,completed,0.1753
O500575,C100179,2024-04-08,web,apparel,3,98.44,59.06,236.26,135.91,100.35,completed,0.4247
O500556,C100175,2024-04-09,web,electronics,2,199.42,0.0,398.84,329.36,69.48,completed,0.1742
O500778,C100236,2024-04-09,mobile_app,accessories,1,32.76,1.64,31.12,15.53,15.59,completed,0.501
O500778,C100236,2024-04-09,mobile_app,electronics,2,140.37,0.0,280.74,221.34,59.4,completed,0.2116
O500778,C100236,2024-04-09,mobile_app,beauty,2,21.0,4.2,37.8,17.1,20.7,completed,0.5476
O500834,C100248,2024-04-09,web,accessories,2,99.23,9.92,188.54,91.77,96.77,completed,0.5133
O500997,C100288,2024-04-09,mobile_app,accessories,1,41.79,0.0,41.79,19.55,22.24,completed,0.5322
O501803,C100508,2024-04-09,mobile_app,accessories,3,84.8,0.0,254.4,123.57,130.83,completed,0.5143
O502119,C100604,2024-04-09,mobile_app,electronics,2,224.43,0.0,448.86,349.45,99.41,completed,0.2215
O502273,C100641,2024-04-09,web,beauty,3,48.79,21.96,124.41,63.09,61.32,completed,0.4929
O502505,C100714,2024-04-09,web,beauty,1,24.75,4.95,19.8,9.25,10.55,completed,0.5328
O502505,C100714,2024-04-09,web,accessories,1,32.79,0.0,32.79,15.47,17.32,completed,0.5282
O502505,C100714,2024-04-09,web,electronics,2,147.56,14.76,280.36,237.03,43.33,completed,0.1546
O500337,C100111,2024-04-10,retail_partner,electronics,1,412.48,41.25,371.23,282.92,88.31,completed,0.2379
O502358,C100661,2024-04-10,web,electronics,3,164.45,24.67,468.68,360.95,107.73,completed,0.2299
O503034,C100849,2024-04-10,mobile_app,accessories,2,69.82,20.95,118.69,58.85,59.84,completed,0.5042
O503034,C100849,2024-04-10,mobile_app,apparel,3,66.79,20.04,180.33,98.11,82.22,completed,0.4559
O500053,C100021,2024-04-11,mobile_app,home,1,71.76,7.18,64.58,35.28,29.3,completed,0.4537
O500053,C100021,2024-04-11,mobile_app,accessories,1,37.09,0.0,37.09,18.99,18.1,completed,0.488
O501443,C100429,2024-04-11,web,apparel,1,31.65,1.58,30.07,15.98,14.09,completed,0.4686
O501675,C100480,2024-04-11,web,electronics,1,452.56,0.0,452.56,377.32,75.24,completed,0.1663
O502046,C100580,2024-04-11,retail_partner,home,1,122.83,0.0,122.83,78.29,44.54,completed,0.3626
O502046,C100580,2024-04-11,retail_partner,footwear,3,142.82,42.85,385.61,222.93,162.68,completed,0.4219
O503104,C100862,2024-04-11,web,accessories,3,49.31,7.4,140.53,74.18,66.35,completed,0.4721
O503104,C100862,2024-04-11,web,beauty,3,16.45,7.4,41.95,18.3,23.65,completed,0.5638
O500418,C100140,2024-04-12,web,footwear,3,95.2,0.0,285.6,163.89,121.71,completed,0.4262
O500418,C100140,2024-04-12,web,electronics,2,143.17,14.32,272.02,226.65,45.37,completed,0.1668
O500418,C100140,2024-04-12,web,apparel,1,67.34,0.0,67.34,38.09,29.25,completed,0.4344
O500495,C100157,2024-04-12,mobile_app,home,1,64.47,0.0,64.47,43.21,21.26,completed,0.3298
O501808,C100509,2024-04-12,marketplace,accessories,3,62.86,18.86,169.72,89.52,80.2,completed,0.4725
O500215,C100067,2024-04-13,marketplace,home,3,83.23,24.97,224.72,137.23,87.49,completed,0.3893
O500215,C100067,2024-04-13,marketplace,accessories,1,57.2,2.86,54.34,27.08,27.26,completed,0.5017
O501644,C100475,2024-04-13,web,home,3,71.28,42.77,171.07,99.3,71.77,completed,0.4195
O501644,C100475,2024-04-13,web,accessories,3,31.23,14.05,79.64,39.85,39.79,completed,0.4996
O501846,C100519,2024-04-13,web,home,2,119.85,0.0,239.7,149.65,90.05,completed,0.3757
O501846,C100519,2024-04-13,web,home,1,71.88,0.0,71.88,47.74,24.14,completed,0.3358
O502686,C100768,2024-04-13,marketplace,footwear,3,145.14,0.0,435.42,257.48,177.94,completed,0.4087
O502686,C100768,2024-04-13,marketplace,accessories,1,56.81,11.36,45.45,22.58,22.87,completed,0.5032
O502778,C100793,2024-04-13,retail_partner,home,2,98.67,0.0,197.34,115.56,81.78,completed,0.4144
O500734,C100224,2024-04-14,web,footwear,1,71.26,3.56,67.7,41.03,26.67,completed,0.3939
O501562,C100454,2024-04-14,web,apparel,1,89.77,4.49,85.28,46.31,38.97,completed,0.457
O501562,C100454,2024-04-14,web,electronics,3,314.24,0.0,942.72,763.29,179.43,completed,0.1903
O502176,C100618,2024-04-14,web,accessories,1,71.11,0.0,71.11,37.75,33.36,completed,0.4691
O502176,C100618,2024-04-14,web,beauty,2,74.11,29.64,118.58,58.57,60.01,completed,0.5061
O502236,C100634,2024-04-14,mobile_app,beauty,2,49.33,0.0,98.66,49.72,48.94,completed,0.496
O502236,C100634,2024-04-14,mobile_app,electronics,1,281.55,56.31,225.24,196.5,28.74,completed,0.1276
O503050,C100851,2024-04-14,web,footwear,1,80.22,16.04,64.18,40.39,23.79,completed,0.3707
O503050,C100851,2024-04-14,web,apparel,2,54.49,0.0,108.98,57.95,51.03,completed,0.4683
O501254,C100385,2024-04-15,retail_partner,accessories,3,40.11,0.0,120.33,62.03,58.3,completed,0.4845
O501344,C100406,2024-04-15,mobile_app,home,1,77.23,7.72,69.51,47.74,21.77,completed,0.3132
O501541,C100452,2024-04-15,web,beauty,3,57.75,0.0,173.25,84.24,89.01,completed,0.5138
O501541,C100452,2024-04-15,web,home,2,95.37,9.54,181.2,118.62,62.58,completed,0.3454
O501541,C100452,2024-04-15,web,beauty,3,43.74,13.12,118.1,53.31,64.79,completed,0.5486
O502583,C100737,2024-04-15,marketplace,beauty,3,25.12,0.0,75.36,35.68,39.68,completed,0.5265
O500358,C100116,2024-04-16,mobile_app,accessories,1,54.28,8.14,46.14,21.72,24.42,completed,0.5293
O501306,C100399,2024-04-16,web,accessories,1,42.14,6.32,35.82,16.59,19.23,completed,0.5369
O501494,C100441,2024-04-16,web,footwear,1,69.09,3.45,65.64,39.0,26.64,completed,0.4059
O501779,C100506,2024-04-16,mobile_app,footwear,1,129.84,25.97,103.87,58.71,45.16,completed,0.4348
O501952,C100549,2024-04-16,web,home,2,91.85,0.0,183.7,114.51,69.19,completed,0.3766
O501952,C100549,2024-04-16,web,apparel,1,73.21,0.0,73.21,36.62,36.59,completed,0.4998
O501952,C100549,2024-04-16,web,footwear,3,119.92,0.0,359.76,240.3,119.46,completed,0.3321
O502633,C100752,2024-04-16,web,accessories,1,35.6,7.12,28.48,13.58,14.9,completed,0.5232
O500731,C100223,2024-04-17,retail_partner,accessories,2,23.6,0.0,47.2,24.8,22.4,completed,0.4746
O500731,C100223,2024-04-17,retail_partner,electronics,2,182.43,0.0,364.86,319.84,45.02,completed,0.1234
O501317,C100402,2024-04-17,web,footwear,2,101.5,40.6,162.4,93.07,69.33,completed,0.4269
O501317,C100402,2024-04-17,web,accessories,1,52.84,7.93,44.91,20.47,24.44,completed,0.5442
O501450,C100430,2024-04-17,retail_partner,electronics,1,284.17,0.0,284.17,230.29,53.88,completed,0.1896
O502186,C100620,2024-04-17,web,footwear,3,100.04,45.02,255.1,149.43,105.67,completed,0.4142
O502186,C100620,2024-04-17,web,footwear,2,101.15,0.0,202.3,120.87,81.43,completed,0.4025
O502186,C100620,2024-04-17,web,beauty,2,35.66,10.7,60.62,29.49,31.13,completed,0.5135
O502474,C100707,2024-04-17,web,electronics,3,239.7,71.91,647.19,566.01,81.18,completed,0.1254
O502474,C100707,2024-04-17,web,electronics,2,218.5,21.85,415.15,353.32,61.83,completed,0.1489
O502876,C100814,2024-04-17,mobile_app,home,2,66.0,0.0,132.0,86.74,45.26,completed,0.3429
O502876,C100814,2024-04-17,mobile_app,accessories,1,74.59,3.73,70.86,36.32,34.54,completed,0.4874
O502876,C100814,2024-04-17,mobile_app,beauty,1,54.02,10.8,43.22,20.55,22.67,completed,0.5245
O500236,C100072,2024-04-18,mobile_app,footwear,3,59.87,0.0,179.61,104.3,75.31,completed,0.4193
O500236,C100072,2024-04-18,mobile_app,beauty,3,24.65,0.0,73.95,33.32,40.63,completed,0.5494
O500262,C100080,2024-04-18,mobile_app,accessories,2,40.27,12.08,68.46,34.82,33.64,completed,0.4914
O500262,C100080,2024-04-18,mobile_app,home,3,76.76,0.0,230.28,133.7,96.58,completed,0.4194
O500262,C100080,2024-04-18,mobile_app,footwear,2,103.25,0.0,206.5,126.34,80.16,completed,0.3882
O501004,C100290,2024-04-18,mobile_app,electronics,3,189.95,0.0,569.85,472.55,97.3,completed,0.1707
O501004,C100290,2024-04-18,mobile_app,home,2,66.05,0.0,132.1,76.27,55.83,completed,0.4226
O501004,C100290,2024-04-18,mobile_app,accessories,3,52.91,23.81,134.92,68.8,66.12,completed,0.4901
O501588,C100462,2024-04-18,web,home,3,84.95,25.49,229.36,140.68,88.68,completed,0.3866
O501588,C100462,2024-04-18,web,accessories,2,49.9,0.0,99.8,49.6,50.2,completed,0.503
O501588,C100462,2024-04-18,web,beauty,1,50.22,0.0,50.22,21.23,28.99,completed,0.5773
O501939,C100547,2024-04-18,mobile_app,footwear,2,117.89,47.16,188.62,118.78,69.84,completed,0.3703
O501939,C100547,2024-04-18,mobile_app,accessories,3,41.31,0.0,123.93,59.88,64.05,completed,0.5168
O501939,C100547,2024-04-18,mobile_app,beauty,1,29.8,5.96,23.84,11.76,12.08,completed,0.5067
O502404,C100682,2024-04-18,mobile_app,apparel,1,53.41,5.34,48.07,24.54,23.53,completed,0.4895
O502404,C100682,2024-04-18,mobile_app,accessories,3,33.16,4.97,94.51,49.77,44.74,completed,0.4734
O502819,C100801,2024-04-18,web,apparel,1,89.98,13.5,76.48,40.61,35.87,completed,0.469
O502819,C100801,2024-04-18,web,home,2,130.73,0.0,261.46,167.38,94.08,completed,0.3598
O502819,C100801,2024-04-18,web,apparel,1,87.87,4.39,83.48,43.46,40.02,completed,0.4794
O500003,C100000,2024-04-19,retail_partner,home,2,101.35,40.54,162.16,92.54,69.62,completed,0.4293
O500003,C100000,2024-04-19,retail_partner,footwear,2,116.22,0.0,232.44,127.9,104.54,completed,0.4498
O500835,C100248,2024-04-19,mobile_app,electronics,1,394.01,78.8,315.21,261.85,53.36,completed,0.1693
O502523,C100721,2024-04-19,mobile_app,accessories,1,38.26,3.83,34.43,17.71,16.72,completed,0.4856
O502523,C100721,2024-04-19,mobile_app,footwear,3,115.91,52.16,295.57,171.53,124.04,completed,0.4197
O502523,C100721,2024-04-19,mobile_app,home,3,73.27,10.99,208.82,116.98,91.84,completed,0.4398
O502787,C100798,2024-04-19,web,beauty,3,36.95,0.0,110.85,53.24,57.61,completed,0.5197
O502928,C100824,2024-04-19,web,apparel,2,103.86,0.0,207.72,119.16,88.56,completed,0.4263
O503212,C100897,2024-04-19,web,accessories,3,35.43,0.0,106.29,55.26,51.03,completed,0.4801
O500629,C100194,2024-04-20,marketplace,footwear,2,43.63,0.0,87.26,49.86,37.4,completed,0.4286
O501080,C100321,2024-04-20,mobile_app,home,3,84.49,25.35,228.12,137.51,90.61,completed,0.3972
O501292,C100395,2024-04-20,mobile_app,home,1,100.94,0.0,100.94,63.55,37.39,completed,0.3704
O501444,C100429,2024-04-20,web,electronics,3,208.08,62.42,561.82,469.93,91.89,completed,0.1636
O501444,C100429,2024-04-20,web,footwear,3,73.73,33.18,188.01,103.56,84.45,completed,0.4492
O501444,C100429,2024-04-20,web,home,3,50.44,0.0,151.32,95.62,55.7,completed,0.3681
O500502,C100160,2024-04-21,web,electronics,3,437.13,0.0,1311.39,1095.56,215.83,completed,0.1646
O500502,C100160,2024-04-21,web,home,3,61.94,0.0,185.82,113.54,72.28,completed,0.389
O501367,C100415,2024-04-21,marketplace,home,2,74.01,7.4,140.62,88.68,51.94,completed,0.3694
O501367,C100415,2024-04-21,marketplace,accessories,1,43.4,0.0,43.4,20.86,22.54,completed,0.5194
O502788,C100798,2024-04-21,marketplace,accessories,2,60.81,12.16,109.46,52.67,56.79,completed,0.5188
O503024,C100847,2024-04-21,retail_partner,apparel,1,69.26,3.46,65.8,35.25,30.55,completed,0.4643
O503024,C100847,2024-04-21,retail_partner,footwear,3,181.04,0.0,543.12,315.05,228.07,completed,0.4199
O500120,C100050,2024-04-22,marketplace,apparel,1,40.12,4.01,36.11,21.49,14.62,completed,0.4049
O502075,C100590,2024-04-22,web,footwear,2,102.03,0.0,204.06,140.3,63.76,completed,0.3125
O502075,C100590,2024-04-22,web,accessories,2,31.39,0.0,62.78,27.92,34.86,completed,0.5553
O502075,C100590,2024-04-22,web,home,1,59.02,0.0,59.02,38.19,20.83,completed,0.3529
O501547,C100453,2024-04-23,web,footwear,3,142.26,42.68,384.1,225.3,158.8,completed,0.4134
O501547,C100453,2024-04-23,web,electronics,3,288.37,0.0,865.11,719.53,145.58,completed,0.1683
O501547,C100453,2024-04-23,web,beauty,1,49.18,4.92,44.26,21.36,22.9,completed,0.5174
O502080,C100592,2024-04-23,marketplace,apparel,1,58.05,0.0,58.05,30.62,27.43,completed,0.4725
O502080,C100592,2024-04-23,marketplace,electronics,2,148.82,0.0,297.64,234.57,63.07,completed,0.2119
O502080,C100592,2024-04-23,marketplace,footwear,3,82.33,24.7,222.29,136.67,85.62,completed,0.3852
O502687,C100768,2024-04-23,web,electronics,2,343.22,0.0,686.44,592.48,93.96,completed,0.1369
O500036,C100016,2024-04-24,marketplace,home,3,105.51,0.0,316.53,198.69,117.84,completed,0.3723
O500503,C100160,2024-04-24,mobile_app,electronics,1,239.7,23.97,215.73,189.38,26.35,completed,0.1221
O500503,C100160,2024-04-24,mobile_app,home,2,95.86,9.59,182.13,111.12,71.01,completed,0.3899
O500503,C100160,2024-04-24,mobile_app,electronics,2,402.33,80.47,724.19,614.01,110.18,completed,0.1521
O501091,C100327,2024-04-24,marketplace,accessories,2,44.94,17.98,71.9,34.06,37.84,completed,0.5263
O501091,C100327,2024-04-24,marketplace,apparel,2,48.4,14.52,82.28,42.5,39.78,completed,0.4835
O501091,C100327,2024-04-24,marketplace,electronics,1,264.53,0.0,264.53,200.92,63.61,completed,0.2405
O503035,C100849,2024-04-24,marketplace,accessories,1,60.53,0.0,60.53,31.06,29.47,completed,0.4869
O501082,C100322,2024-04-25,retail_partner,footwear,2,103.15,41.26,165.04,97.2,67.84,completed,0.4111
O502471,C100705,2024-04-25,mobile_app,home,2,67.83,13.57,122.09,74.12,47.97,completed,0.3929
O502471,C100705,2024-04-25,mobile_app,electronics,1,162.06,8.1,153.96,131.32,22.64,completed,0.1471
O502471,C100705,2024-04-25,mobile_app,apparel,2,37.44,14.98,59.9,31.77,28.13,completed,0.4696
O502877,C100814,2024-04-25,marketplace,accessories,3,44.03,6.6,125.49,64.39,61.1,completed,0.4869
O502896,C100818,2024-04-25,web,home,1,70.31,14.06,56.25,33.12,23.13,completed,0.4112
O502896,C100818,2024-04-25,web,electronics,3,272.44,0.0,817.32,727.35,89.97,completed,0.1101
O502896,C100818,2024-04-25,web,beauty,2,20.41,0.0,40.82,21.41,19.41,completed,0.4755
O503025,C100847,2024-04-25,mobile_app,footwear,2,124.18,49.67,198.69,121.63,77.06,completed,0.3878
O503025,C100847,2024-04-25,mobile_app,beauty,3,37.86,5.68,107.9,50.01,57.89,completed,0.5365
O503025,C100847,2024-04-25,mobile_app,home,3,102.38,46.07,261.07,160.18,100.89,completed,0.3864
O500129,C100051,2024-04-26,mobile_app,apparel,1,84.7,0.0,84.7,46.62,38.08,completed,0.4496
O500129,C100051,2024-04-26,mobile_app,footwear,3,106.58,0.0,319.74,194.46,125.28,completed,0.3918
O500129,C100051,2024-04-26,mobile_app,footwear,1,171.12,17.11,154.01,86.73,67.28,completed,0.4369
O502365,C100666,2024-04-26,marketplace,home,1,56.43,8.46,47.97,29.29,18.68,completed,0.3894
O502535,C100722,2024-04-26,web,beauty,2,48.42,9.68,87.16,42.0,45.16,completed,0.5181
O502904,C100819,2024-04-26,web,accessories,3,40.95,12.29,110.56,55.3,55.26,completed,0.4998
O502904,C100819,2024-04-26,web,home,2,84.46,0.0,168.92,93.68,75.24,completed,0.4454
O502904,C100819,2024-04-26,web,electronics,2,230.97,92.39,369.55,278.19,91.36,completed,0.2472
O502948,C100827,2024-04-26,web,electronics,3,362.85,108.86,979.69,779.89,199.8,completed,0.2039
O503106,C100863,2024-04-26,web,beauty,2,27.15,2.71,51.59,25.35,26.24,completed,0.5086
O500228,C100070,2024-04-27,marketplace,accessories,1,48.93,9.79,39.14,19.77,19.37,completed,0.4949
O500228,C100070,2024-04-27,marketplace,beauty,2,35.31,0.0,70.62,36.41,34.21,completed,0.4844
O500228,C100070,2024-04-27,marketplace,beauty,3,29.86,8.96,80.62,37.08,43.54,completed,0.5401
O501072,C100319,2024-04-27,web,accessories,3,38.66,0.0,115.98,59.22,56.76,completed,0.4894
O501072,C100319,2024-04-27,web,accessories,3,36.45,16.4,92.95,46.14,46.81,completed,0.5036
O501072,C100319,2024-04-27,web,electronics,3,106.83,0.0,320.49,239.4,81.09,completed,0.253
O501578,C100458,2024-04-27,retail_partner,electronics,1,232.58,46.52,186.06,158.11,27.95,completed,0.1502
O502120,C100604,2024-04-27,mobile_app,apparel,3,59.48,35.69,142.75,75.29,67.46,completed,0.4726
O502731,C100781,2024-04-27,marketplace,accessories,1,52.15,0.0,52.15,24.86,27.29,completed,0.5233
O502731,C100781,2024-04-27,marketplace,beauty,3,62.04,37.22,148.9,70.54,78.36,completed,0.5263
O500113,C100047,2024-04-28,mobile_app,electronics,2,440.34,132.1,748.58,613.78,134.8,completed,0.1801
O500130,C100051,2024-04-28,mobile_app,electronics,1,362.77,72.55,290.22,236.84,53.38,completed,0.1839
O500130,C100051,2024-04-28,mobile_app,home,3,125.97,0.0,377.91,232.91,145.0,completed,0.3837
O502060,C100586,2024-04-28,mobile_app,electronics,1,302.89,0.0,302.89,250.65,52.24,completed,0.1725
O502060,C100586,2024-04-28,mobile_app,footwear,1,108.57,0.0,108.57,66.89,41.68,completed,0.3839
O502060,C100586,2024-04-28,mobile_app,electronics,3,107.17,64.3,257.21,216.05,41.16,completed,0.16
O502428,C100690,2024-04-28,web,beauty,1,52.9,0.0,52.9,25.6,27.3,completed,0.5161
O502428,C100690,2024-04-28,web,accessories,1,66.87,0.0,66.87,30.1,36.77,completed,0.5499
O502789,C100798,2024-04-28,web,apparel,2,47.13,0.0,94.26,48.78,45.48,completed,0.4825
O502789,C100798,2024-04-28,web,footwear,1,135.34,0.0,135.34,81.69,53.65,completed,0.3964
O503203,C100893,2024-04-28,marketplace,accessories,2,42.35,16.94,67.76,35.41,32.35,completed,0.4774
O503203,C100893,2024-04-28,marketplace,apparel,2,41.11,0.0,82.22,49.35,32.87,completed,0.3998
O500576,C100179,2024-04-29,marketplace,electronics,3,265.06,0.0,795.18,664.47,130.71,completed,0.1644
O500576,C100179,2024-04-29,marketplace,beauty,2,69.97,20.99,118.95,57.21,61.74,completed,0.519
O501279,C100391,2024-04-29,web,accessories,1,29.16,5.83,23.33,11.88,11.45,completed,0.4908
O501279,C100391,2024-04-29,web,beauty,1,25.26,3.79,21.47,10.57,10.9,completed,0.5077
O501307,C100399,2024-04-29,mobile_app,accessories,1,31.74,1.59,30.15,14.94,15.21,completed,0.5045
O501307,C100399,2024-04-29,mobile_app,apparel,2,41.91,4.19,79.63,40.83,38.8,completed,0.4873
O501307,C100399,2024-04-29,mobile_app,apparel,3,36.44,0.0,109.32,59.15,50.17,completed,0.4589
O502949,C100827,2024-04-29,mobile_app,beauty,2,52.7,0.0,105.4,51.85,53.55,completed,0.5081
O502744,C100784,2024-04-30,web,home,1,97.25,0.0,97.25,58.07,39.18,completed,0.4029
O502849,C100808,2024-04-30,web,apparel,2,52.99,10.6,95.38,53.62,41.76,completed,0.4378
O500567,C100177,2024-05-01,web,footwear,3,128.63,19.29,366.6,230.66,135.94,completed,0.3708
O501259,C100386,2024-05-01,web,accessories,2,35.87,10.76,60.98,30.93,30.05,completed,0.4928
O501259,C100386,2024-05-01,web,accessories,3,46.93,0.0,140.79,74.79,66.0,completed,0.4688
O501676,C100480,2024-05-01,web,footwear,2,130.74,13.07,248.41,148.12,100.29,completed,0.4037
O501683,C100481,2024-05-01,web,apparel,3,64.68,29.11,164.93,95.17,69.76,completed,0.423
O501683,C100481,2024-05-01,web,beauty,1,46.91,9.38,37.53,17.87,19.66,completed,0.5238
O502184,C100619,2024-05-01,marketplace,footwear,2,56.36,5.64,107.08,67.46,39.62,completed,0.37
O502184,C100619,2024-05-01,marketplace,beauty,2,17.28,0.0,34.56,16.36,18.2,completed,0.5266
O502374,C100672,2024-05-01,web,apparel,1,31.54,0.0,31.54,16.48,15.06,completed,0.4775
O501092,C100327,2024-05-02,web,accessories,1,59.86,0.0,59.86,30.38,29.48,completed,0.4925
O501092,C100327,2024-05-02,web,accessories,1,49.87,2.49,47.38,22.18,25.2,completed,0.5319
O501092,C100327,2024-05-02,web,home,3,87.43,39.34,222.95,143.79,79.16,completed,0.3551
O501457,C100432,2024-05-02,web,footwear,3,83.23,49.94,199.75,127.26,72.49,completed,0.3629
O502055,C100583,2024-05-02,marketplace,accessories,2,17.7,0.0,35.4,18.42,16.98,completed,0.4797
O502976,C100834,2024-05-02,web,home,1,68.21,3.41,64.8,38.63,26.17,completed,0.4039
O502976,C100834,2024-05-02,web,apparel,1,55.28,5.53,49.75,28.36,21.39,completed,0.4299
O502976,C100834,2024-05-02,web,beauty,3,38.01,11.4,102.63,44.04,58.59,completed,0.5709
O502790,C100798,2024-05-03,mobile_app,home,3,96.88,14.53,276.11,165.65,110.46,completed,0.4001
O503082,C100859,2024-05-03,mobile_app,accessories,1,39.73,3.97,35.76,17.06,18.7,completed,0.5229
O500028,C100013,2024-05-04,web,accessories,3,36.43,0.0,109.29,53.3,55.99,completed,0.5123
O500568,C100177,2024-05-04,mobile_app,apparel,1,62.4,6.24,56.16,31.1,25.06,completed,0.4462
O500568,C100177,2024-05-04,mobile_app,electronics,2,261.16,0.0,522.32,432.84,89.48,completed,0.1713
O500614,C100187,2024-05-04,mobile_app,footwear,1,180.47,0.0,180.47,105.35,75.12,completed,0.4162
O500614,C100187,2024-05-04,mobile_app,beauty,3,49.32,0.0,147.96,66.88,81.08,completed,0.548
O500614,C100187,2024-05-04,mobile_app,apparel,1,87.67,0.0,87.67,47.24,40.43,completed,0.4612
O501015,C100294,2024-05-04,mobile_app,electronics,1,267.22,26.72,240.5,192.97,47.53,completed,0.1976
O501015,C100294,2024-05-04,mobile_app,beauty,1,22.24,4.45,17.79,8.17,9.62,completed,0.5408
O501015,C100294,2024-05-04,mobile_app,accessories,1,45.92,0.0,45.92,23.49,22.43,completed,0.4885
O501684,C100481,2024-05-04,web,apparel,3,100.69,15.1,286.97,159.74,127.23,completed,0.4434
O502429,C100690,2024-05-04,web,apparel,1,108.91,0.0,108.91,60.77,48.14,completed,0.442
O500131,C100051,2024-05-05,web,accessories,3,75.18,45.11,180.43,92.4,88.03,completed,0.4879
O500131,C100051,2024-05-05,web,electronics,3,420.84,0.0,1262.52,1108.95,153.57,completed,0.1216
O500237,C100072,2024-05-05,web,apparel,2,49.76,4.98,94.54,52.42,42.12,completed,0.4455
O500237,C100072,2024-05-05,web,accessories,2,35.86,10.76,60.96,29.42,31.54,completed,0.5174
O500906,C100271,2024-05-05,marketplace,home,3,156.94,47.08,423.74,237.83,185.91,completed,0.4387
O500906,C100271,2024-05-05,marketplace,apparel,3,71.46,42.88,171.5,95.01,76.49,completed,0.446
O500906,C100271,2024-05-05,marketplace,beauty,1,70.15,0.0,70.15,33.46,36.69,completed,0.523
O501542,C100452,2024-05-05,mobile_app,home,3,134.13,60.36,342.03,211.49,130.54,completed,0.3817
O501542,C100452,2024-05-05,mobile_app,apparel,1,101.48,15.22,86.26,52.9,33.36,completed,0.3867
O501542,C100452,2024-05-05,mobile_app,footwear,1,159.9,0.0,159.9,98.58,61.32,completed,0.3835
O500498,C100159,2024-05-06,web,footwear,3,81.17,36.53,206.98,134.89,72.09,completed,0.3483
O500858,C100254,2024-05-06,mobile_app,footwear,3,104.27,0.0,312.81,191.75,121.06,completed,0.387
O501322,C100403,2024-05-06,web,footwear,3,165.66,0.0,496.98,321.02,175.96,completed,0.3541
O501322,C100403,2024-05-06,web,electronics,3,376.48,56.47,1072.97,912.19,160.78,completed,0.1498
O501322,C100403,2024-05-06,web,apparel,2,77.57,0.0,155.14,88.79,66.35,completed,0.4277
O502250,C100637,2024-05-06,web,electronics,1,201.75,0.0,201.75,171.54,30.21,completed,0.1497
O502250,C100637,2024-05-06,web,footwear,2,71.05,21.31,120.79,69.15,51.64,completed,0.4275
O502250,C100637,2024-05-06,web,footwear,1,54.35,0.0,54.35,34.82,19.53,completed,0.3593
O503205,C100894,2024-05-06,mobile_app,home,1,61.53,3.08,58.45,33.12,25.33,completed,0.4334
O503205,C100894,2024-05-06,mobile_app,electronics,2,196.42,58.93,333.91,273.84,60.07,completed,0.1799
O503205,C100894,2024-05-06,mobile_app,home,1,51.35,0.0,51.35,32.11,19.24,completed,0.3747
O501966,C100551,2024-05-07,marketplace,beauty,3,21.46,0.0,64.38,30.17,34.21,completed,0.5314
O501966,C100551,2024-05-07,marketplace,beauty,3,31.35,18.81,75.24,36.42,38.82,completed,0.5159
O501966,C100551,2024-05-07,marketplace,beauty,3,32.58,0.0,97.74,46.39,51.35,completed,0.5254
O502274,C100641,2024-05-07,mobile_app,apparel,1,111.54,0.0,111.54,61.9,49.64,completed,0.445
O502274,C100641,2024-05-07,mobile_app,electronics,2,311.56,0.0,623.12,517.11,106.01,completed,0.1701
O502275,C100641,2024-05-07,retail_partner,accessories,2,79.91,31.96,127.86,60.96,66.9,completed,0.5232
O502840,C100804,2024-05-07,mobile_app,electronics,2,381.08,38.11,724.05,630.92,93.13,completed,0.1286
O502840,C100804,2024-05-07,mobile_app,electronics,1,243.34,0.0,243.34,206.17,37.17,completed,0.1527
O501099,C100332,2024-05-08,mobile_app,home,2,56.27,16.88,95.66,60.34,35.32,completed,0.3692
O501480,C100438,2024-05-08,web,beauty,2,34.95,6.99,62.91,28.04,34.87,completed,0.5543
O501527,C100451,2024-05-08,mobile_app,beauty,2,42.42,0.0,84.84,40.11,44.73,completed,0.5272
O501527,C100451,2024-05-08,mobile_app,accessories,2,72.19,0.0,144.38,71.5,72.88,completed,0.5048
O501632,C100474,2024-05-08,web,footwear,3,199.31,29.9,568.03,347.17,220.86,completed,0.3888
O502650,C100761,2024-05-08,marketplace,beauty,3,21.1,0.0,63.3,30.72,32.58,completed,0.5147
O502650,C100761,2024-05-08,marketplace,beauty,3,62.15,9.32,177.13,85.46,91.67,completed,0.5175
O500271,C100085,2024-05-09,web,apparel,2,22.84,4.57,41.11,23.71,17.4,completed,0.4233
O500271,C100085,2024-05-09,web,apparel,3,42.27,0.0,126.81,72.31,54.5,completed,0.4298
O500859,C100254,2024-05-09,mobile_app,home,3,71.1,42.66,170.64,115.52,55.12,completed,0.323
O501243,C100382,2024-05-09,mobile_app,beauty,3,28.08,0.0,84.24,42.93,41.31,completed,0.4904
O501471,C100436,2024-05-09,marketplace,footwear,2,167.37,50.21,284.53,175.18,109.35,completed,0.3843
O501471,C100436,2024-05-09,marketplace,home,3,118.73,53.43,302.76,176.55,126.21,completed,0.4169
O501471,C100436,2024-05-09,marketplace,home,1,116.07,23.21,92.86,56.81,36.05,completed,0.3882
O501495,C100441,2024-05-09,mobile_app,electronics,1,483.58,0.0,483.58,388.92,94.66,completed,0.1957
O501707,C100489,2024-05-09,marketplace,apparel,1,47.52,0.0,47.52,25.37,22.15,completed,0.4661
O501707,C100489,2024-05-09,marketplace,apparel,2,40.4,0.0,80.8,46.91,33.89,completed,0.4194
O501707,C100489,2024-05-09,marketplace,accessories,3,45.19,0.0,135.57,67.48,68.09,completed,0.5022
O501750,C100497,2024-05-09,marketplace,accessories,2,56.07,5.61,106.53,49.18,57.35,completed,0.5383
O501750,C100497,2024-05-09,marketplace,apparel,1,83.46,0.0,83.46,45.38,38.08,completed,0.4563
O501788,C100507,2024-05-09,mobile_app,electronics,3,317.88,95.36,858.28,719.86,138.42,completed,0.1613
O501788,C100507,2024-05-09,mobile_app,accessories,2,44.62,0.0,89.24,44.15,45.09,completed,0.5053
O502700,C100770,2024-05-09,mobile_app,electronics,1,231.34,46.27,185.07,149.93,35.14,completed,0.1899
O502700,C100770,2024-05-09,mobile_app,apparel,1,50.01,0.0,50.01,28.27,21.74,completed,0.4347
O503127,C100873,2024-05-09,web,accessories,2,29.47,11.79,47.15,24.13,23.02,completed,0.4882
O503127,C100873,2024-05-09,web,home,2,65.58,6.56,124.6,80.86,43.74,completed,0.351
O503127,C100873,2024-05-09,web,accessories,1,38.23,0.0,38.23,18.87,19.36,completed,0.5064
O500740,C100225,2024-05-10,marketplace,apparel,2,36.27,14.51,58.03,31.8,26.23,completed,0.452
O502302,C100649,2024-05-10,mobile_app,apparel,1,75.25,15.05,60.2,31.74,28.46,completed,0.4728
O502302,C100649,2024-05-10,mobile_app,apparel,2,101.68,0.0,203.36,111.74,91.62,completed,0.4505
O502302,C100649,2024-05-10,mobile_app,electronics,2,255.76,0.0,511.52,387.02,124.5,completed,0.2434
O502688,C100768,2024-05-10,marketplace,accessories,2,94.24,0.0,188.48,92.82,95.66,completed,0.5075
O502688,C100768,2024-05-10,marketplace,electronics,2,409.7,40.97,778.43,654.22,124.21,completed,0.1596
O502966,C100831,2024-05-10,web,home,3,72.09,32.44,183.83,121.82,62.01,completed,0.3373
O501005,C100290,2024-05-11,retail_partner,accessories,1,49.6,2.48,47.12,22.9,24.22,completed,0.514
O501005,C100290,2024-05-11,retail_partner,accessories,3,54.38,0.0,163.14,83.43,79.71,completed,0.4886
O501014,C100293,2024-05-11,mobile_app,apparel,1,22.68,0.0,22.68,12.09,10.59,completed,0.4669
O501014,C100293,2024-05-11,mobile_app,electronics,1,146.52,0.0,146.52,115.0,31.52,completed,0.2151
O501022,C100296,2024-05-11,web,home,3,63.82,19.15,172.31,100.3,72.01,completed,0.4179
O501022,C100296,2024-05-11,web,home,3,80.3,0.0,240.9,136.04,104.86,completed,0.4353
O501022,C100296,2024-05-11,web,footwear,1,101.71,15.26,86.45,48.98,37.47,completed,0.4334
O501114,C100339,2024-05-11,mobile_app,accessories,1,44.78,4.48,40.3,20.36,19.94,completed,0.4948
O501323,C100403,2024-05-11,web,accessories,1,90.23,0.0,90.23,47.39,42.84,completed,0.4748
O503111,C100865,2024-05-11,marketplace,electronics,2,231.01,23.1,438.92,382.18,56.74,completed,0.1293
O503111,C100865,2024-05-11,marketplace,home,3,69.57,0.0,208.71,133.41,75.3,completed,0.3608
O503111,C100865,2024-05-11,marketplace,footwear,2,90.58,9.06,172.1,109.43,62.67,completed,0.3641
O500091,C100041,2024-05-12,mobile_app,beauty,3,33.89,0.0,101.67,48.36,53.31,completed,0.5243
O500091,C100041,2024-05-12,mobile_app,beauty,3,24.9,11.2,63.5,29.41,34.09,completed,0.5369
O500091,C100041,2024-05-12,mobile_app,home,1,54.85,8.23,46.62,29.08,17.54,completed,0.3762
O500222,C100069,2024-05-12,web,home,2,87.07,0.0,174.14,101.9,72.24,completed,0.4148
O500222,C100069,2024-05-12,web,apparel,1,39.25,3.93,35.32,18.95,16.37,completed,0.4635
O500222,C100069,2024-05-12,web,apparel,3,58.92,0.0,176.76,103.23,73.53,completed,0.416
O500229,C100070,2024-05-12,web,footwear,2,122.34,0.0,244.68,132.35,112.33,completed,0.4591
O500229,C100070,2024-05-12,web,beauty,3,31.72,9.52,85.64,46.01,39.63,completed,0.4628
O500229,C100070,2024-05-12,web,footwear,2,86.48,0.0,172.96,103.91,69.05,completed,0.3992
O500231,C100071,2024-05-12,mobile_app,accessories,3,47.93,21.57,122.22,60.33,61.89,completed,0.5064
O500231,C100071,2024-05-12,mobile_app,home,2,93.64,0.0,187.28,118.01,69.27,completed,0.3699
O500231,C100071,2024-05-12,mobile_app,accessories,2,41.46,4.15,78.77,37.8,40.97,completed,0.5201
O502217,C100630,2024-05-12,mobile_app,home,1,138.21,13.82,124.39,72.38,52.01,completed,0.4181
O502217,C100630,2024-05-12,mobile_app,accessories,2,93.17,0.0,186.34,92.89,93.45,completed,0.5015
O502237,C100634,2024-05-12,web,electronics,3,296.85,44.53,846.02,635.83,210.19,completed,0.2484
O502237,C100634,2024-05-12,web,footwear,2,150.53,0.0,301.06,192.32,108.74,completed,0.3612
O502237,C100634,2024-05-12,web,apparel,3,69.75,0.0,209.25,111.8,97.45,completed,0.4657
O502385,C100674,2024-05-12,web,apparel,3,60.41,36.25,144.98,83.96,61.02,completed,0.4209
O502897,C100818,2024-05-12,mobile_app,apparel,1,57.73,5.77,51.96,28.73,23.23,completed,0.4471
O500048,C100018,2024-05-13,retail_partner,accessories,2,62.61,6.26,118.96,59.52,59.44,completed,0.4997
O500048,C100018,2024-05-13,retail_partner,beauty,3,31.31,14.09,79.84,37.08,42.76,completed,0.5356
O500048,C100018,2024-05-13,retail_partner,footwear,3,96.94,58.16,232.66,140.2,92.46,completed,0.3974
O500132,C100051,2024-05-13,web,electronics,1,346.13,17.31,328.82,263.55,65.27,completed,0.1985
O500132,C100051,2024-05-13,web,accessories,3,65.0,0.0,195.0,94.22,100.78,completed,0.5168
O500132,C100051,2024-05-13,web,footwear,3,191.41,0.0,574.23,347.97,226.26,completed,0.394
O500632,C100196,2024-05-13,mobile_app,accessories,2,41.49,4.15,78.83,36.36,42.47,completed,0.5388
O500632,C100196,2024-05-13,mobile_app,footwear,2,86.49,25.95,147.03,93.39,53.64,completed,0.3648
O500632,C100196,2024-05-13,mobile_app,beauty,3,27.94,4.19,79.63,39.41,40.22,completed,0.5051
O501953,C100549,2024-05-13,mobile_app,apparel,3,102.29,46.03,260.84,139.52,121.32,completed,0.4651
O502435,C100694,2024-05-13,web,footwear,2,71.64,21.49,121.79,75.99,45.8,completed,0.3761
O500037,C100016,2024-05-14,web,electronics,3,449.51,0.0,1348.53,1087.43,261.1,completed,0.1936
O500279,C100088,2024-05-14,mobile_app,apparel,2,84.88,16.98,152.78,81.42,71.36,completed,0.4671
O500279,C100088,2024-05-14,mobile_app,apparel,1,48.03,0.0,48.03,26.92,21.11,completed,0.4395
O500532,C100168,2024-05-14,web,apparel,2,54.33,0.0,108.66,60.16,48.5,completed,0.4463
O501168,C100359,2024-05-14,retail_partner,apparel,1,112.75,0.0,112.75,62.62,50.13,completed,0.4446
O501168,C100359,2024-05-14,retail_partner,beauty,2,68.64,0.0,137.28,62.67,74.61,completed,0.5435
O501168,C100359,2024-05-14,retail_partner,accessories,3,79.33,0.0,237.99,115.21,122.78,completed,0.5159
O501972,C100554,2024-05-14,marketplace,electronics,2,251.34,100.54,402.14,307.03,95.11,completed,0.2365
O501972,C100554,2024-05-14,marketplace,electronics,3,264.59,0.0,793.77,631.04,162.73,completed,0.205
O501972,C100554,2024-05-14,marketplace,electronics,1,224.56,44.91,179.65,154.85,24.8,completed,0.138
O502350,C100657,2024-05-14,marketplace,accessories,2,55.17,0.0,110.34,54.8,55.54,completed,0.5034
O502350,C100657,2024-05-14,marketplace,home,1,90.07,13.51,76.56,47.71,28.85,completed,0.3768
O502950,C100827,2024-05-14,web,footwear,1,146.1,14.61,131.49,75.25,56.24,completed,0.4277
O502950,C100827,2024-05-14,web,accessories,3,72.51,0.0,217.53,98.59,118.94,completed,0.5468
O502950,C100827,2024-05-14,web,accessories,2,72.29,0.0,144.58,78.13,66.45,completed,0.4596
O500374,C100124,2024-05-15,web,apparel,2,33.74,6.75,60.73,34.73,26.0,completed,0.4281
O501318,C100402,2024-05-15,web,footwear,3,113.62,0.0,340.86,204.62,136.24,completed,0.3997
O501318,C100402,2024-05-15,web,home,2,58.04,11.61,104.47,65.9,38.57,completed,0.3692
O501520,C100448,2024-05-15,web,electronics,3,132.59,19.89,377.88,306.98,70.9,completed,0.1876
O502047,C100580,2024-05-15,marketplace,footwear,2,211.29,0.0,422.58,266.23,156.35,completed,0.37
O502047,C100580,2024-05-15,marketplace,accessories,1,100.92,15.14,85.78,41.86,43.92,completed,0.512
O502047,C100580,2024-05-15,marketplace,apparel,1,74.38,0.0,74.38,40.9,33.48,completed,0.4501
O502218,C100630,2024-05-15,web,footwear,1,144.95,21.74,123.21,80.32,42.89,completed,0.3481
O502218,C100630,2024-05-15,web,electronics,1,365.12,0.0,365.12,306.58,58.54,completed,0.1603
O502522,C100720,2024-05-15,mobile_app,accessories,1,36.26,5.44,30.82,15.6,15.22,completed,0.4938
O502522,C100720,2024-05-15,mobile_app,home,3,63.89,9.58,182.09,108.93,73.16,completed,0.4018
O502979,C100836,2024-05-15,mobile_app,footwear,1,78.75,0.0,78.75,50.56,28.19,completed,0.358
O502979,C100836,2024-05-15,mobile_app,home,1,57.07,0.0,57.07,34.34,22.73,completed,0.3983
O500269,C100083,2024-05-16,web,footwear,2,82.81,33.12,132.5,81.56,50.94,completed,0.3845
O500315,C100103,2024-05-16,marketplace,apparel,1,34.12,3.41,30.71,14.26,16.45,completed,0.5357
O500315,C100103,2024-05-16,marketplace,electronics,2,215.34,86.14,344.54,270.08,74.46,completed,0.2161
O500871,C100261,2024-05-16,mobile_app,electronics,1,246.67,24.67,222.0,175.23,46.77,completed,0.2107
O500871,C100261,2024-05-16,mobile_app,electronics,1,169.15,25.37,143.78,113.75,30.03,completed,0.2089
O501436,C100427,2024-05-16,marketplace,footwear,2,169.79,33.96,305.62,183.45,122.17,completed,0.3997
O502620,C100749,2024-05-16,mobile_app,accessories,1,68.61,3.43,65.18,32.02,33.16,completed,0.5087
O502620,C100749,2024-05-16,mobile_app,beauty,2,24.95,0.0,49.9,23.56,26.34,completed,0.5279
O502620,C100749,2024-05-16,mobile_app,electronics,3,159.49,0.0,478.47,401.17,77.3,completed,0.1616
O503142,C100875,2024-05-16,web,apparel,3,124.01,55.8,316.23,166.94,149.29,completed,0.4721
O503142,C100875,2024-05-16,web,electronics,1,429.04,42.9,386.14,322.48,63.66,completed,0.1649
O503142,C100875,2024-05-16,web,home,3,191.0,0.0,573.0,333.1,239.9,completed,0.4187
O500877,C100262,2024-05-17,mobile_app,accessories,3,63.06,9.46,179.72,81.96,97.76,completed,0.544
O500877,C100262,2024-05-17,mobile_app,home,1,126.03,18.9,107.13,63.35,43.78,completed,0.4087
O500877,C100262,2024-05-17,mobile_app,electronics,2,341.8,0.0,683.6,566.36,117.24,completed,0.1715
O500998,C100288,2024-05-17,web,apparel,3,58.78,17.63,158.71,86.4,72.31,completed,0.4556
O500998,C100288,2024-05-17,web,apparel,3,36.68,0.0,110.04,57.98,52.06,completed,0.4731
O500998,C100288,2024-05-17,web,footwear,1,47.54,0.0,47.54,28.0,19.54,completed,0.411
O502465,C100703,2024-05-17,web,accessories,3,49.93,29.96,119.83,64.89,54.94,completed,0.4585
O502898,C100818,2024-05-17,mobile_app,beauty,1,39.79,0.0,39.79,18.48,21.31,completed,0.5356
O502898,C100818,2024-05-17,mobile_app,footwear,1,123.33,24.67,98.66,59.47,39.19,completed,0.3972
O502905,C100819,2024-05-17,mobile_app,home,1,86.3,0.0,86.3,54.72,31.58,completed,0.3659
O500351,C100113,2024-05-18,mobile_app,beauty,2,42.43,0.0,84.86,41.71,43.15,completed,0.5085
O500486,C100155,2024-05-18,mobile_app,electronics,2,317.12,0.0,634.24,523.36,110.88,completed,0.1748
O500486,C100155,2024-05-18,mobile_app,footwear,3,156.79,0.0,470.37,291.89,178.48,completed,0.3794
O500577,C100179,2024-05-18,mobile_app,apparel,1,69.76,0.0,69.76,39.17,30.59,completed,0.4385
O500680,C100202,2024-05-18,marketplace,home,3,88.09,0.0,264.27,186.41,77.86,completed,0.2946
O500680,C100202,2024-05-18,marketplace,beauty,3,39.96,0.0,119.88,54.69,65.19,completed,0.5438
O500680,C100202,2024-05-18,marketplace,electronics,1,254.46,0.0,254.46,212.9,41.56,completed,0.1633
O500805,C100243,2024-05-18,marketplace,beauty,1,21.91,1.1,20.81,9.35,11.46,completed,0.5507
O500805,C100243,2024-05-18,marketplace,apparel,1,61.42,12.28,49.14,25.86,23.28,completed,0.4737
O501272,C100390,2024-05-18,web,apparel,3,107.88,16.18,307.46,174.19,133.27,completed,0.4335
O501272,C100390,2024-05-18,web,beauty,3,38.82,23.29,93.17,44.48,48.69,completed,0.5226
O501272,C100390,2024-05-18,web,electronics,1,357.05,0.0,357.05,304.79,52.26,completed,0.1464
O502666,C100766,2024-05-18,mobile_app,home,2,64.04,6.4,121.68,73.53,48.15,completed,0.3957
O501645,C100475,2024-05-19,mobile_app,home,2,94.93,28.48,161.38,109.17,52.21,completed,0.3235
O501645,C100475,2024-05-19,mobile_app,electronics,1,242.99,36.45,206.54,173.04,33.5,completed,0.1622
O502068,C100588,2024-05-19,web,footwear,2,114.32,22.86,205.78,122.0,83.78,completed,0.4071
O502068,C100588,2024-05-19,web,home,3,104.01,46.8,265.23,168.47,96.76,completed,0.3648
O502544,C100724,2024-05-19,mobile_app,apparel,1,68.63,6.86,61.77,36.01,25.76,completed,0.417
O502544,C100724,2024-05-19,mobile_app,apparel,2,52.74,21.1,84.38,46.66,37.72,completed,0.447
O502544,C100724,2024-05-19,mobile_app,footwear,2,127.83,38.35,217.31,118.74,98.57,completed,0.4536
O503036,C100849,2024-05-19,mobile_app,accessories,3,70.36,31.66,179.42,87.4,92.02,completed,0.5129
O503036,C100849,2024-05-19,mobile_app,home,2,130.65,0.0,261.3,144.36,116.94,completed,0.4475
O503036,C100849,2024-05-19,mobile_app,electronics,1,425.86,85.17,340.69,240.88,99.81,completed,0.293
O503143,C100875,2024-05-19,web,footwear,2,152.21,0.0,304.42,183.15,121.27,completed,0.3984
O503143,C100875,2024-05-19,web,footwear,2,140.31,0.0,280.62,171.63,108.99,completed,0.3884
O501006,C100290,2024-05-20,mobile_app,home,3,56.46,25.41,143.97,88.68,55.29,completed,0.384
O501031,C100298,2024-05-20,marketplace,footwear,3,116.1,17.41,330.89,211.63,119.26,completed,0.3604
O501031,C100298,2024-05-20,marketplace,apparel,2,61.74,0.0,123.48,69.75,53.73,completed,0.4351
O501789,C100507,2024-05-20,marketplace,apparel,1,60.08,9.01,51.07,30.88,20.19,completed,0.3953
O502689,C100768,2024-05-20,mobile_app,electronics,3,470.61,0.0,1411.83,1235.13,176.7,completed,0.1252
O502689,C100768,2024-05-20,mobile_app,footwear,3,172.07,51.62,464.59,276.65,187.94,completed,0.4045
O502791,C100798,2024-05-20,mobile_app,home,3,107.02,0.0,321.06,204.47,116.59,completed,0.3631
O502791,C100798,2024-05-20,mobile_app,beauty,3,59.32,0.0,177.96,76.14,101.82,completed,0.5722
O502791,C100798,2024-05-20,mobile_app,electronics,1,421.1,42.11,378.99,295.23,83.76,completed,0.221
O500537,C100170,2024-05-21,web,beauty,2,22.88,6.86,38.9,18.74,20.16,completed,0.5183
O501780,C100506,2024-05-21,web,electronics,3,332.29,149.53,847.34,655.69,191.65,completed,0.2262
O502844,C100805,2024-05-21,mobile_app,home,2,82.38,0.0,164.76,101.47,63.29,completed,0.3841
O500615,C100187,2024-05-22,web,beauty,3,33.8,10.14,91.26,46.71,44.55,completed,0.4882
O500615,C100187,2024-05-22,web,home,3,120.82,36.25,326.21,216.14,110.07,completed,0.3374
O500852,C100251,2024-05-22,web,electronics,2,242.09,72.63,411.55,341.09,70.46,completed,0.1712
O500852,C100251,2024-05-22,web,apparel,2,32.14,6.43,57.85,31.95,25.9,completed,0.4477
O500852,C100251,2024-05-22,web,accessories,1,51.31,10.26,41.05,18.5,22.55,completed,0.5493
O501016,C100294,2024-05-22,mobile_app,accessories,2,34.81,13.92,55.7,29.35,26.35,completed,0.4731
O501016,C100294,2024-05-22,mobile_app,home,2,83.07,0.0,166.14,105.39,60.75,completed,0.3657
O501016,C100294,2024-05-22,mobile_app,home,2,50.82,0.0,101.64,59.67,41.97,completed,0.4129
O502031,C100577,2024-05-22,mobile_app,accessories,1,58.31,11.66,46.65,25.06,21.59,completed,0.4628
O502596,C100743,2024-05-22,marketplace,electronics,1,274.34,0.0,274.34,213.47,60.87,completed,0.2219
O502596,C100743,2024-05-22,marketplace,footwear,3,73.54,0.0,220.62,141.41,79.21,completed,0.359
O502604,C100745,2024-05-22,mobile_app,electronics,3,425.44,191.45,1084.87,942.51,142.36,completed,0.1312
O500763,C100233,2024-05-23,mobile_app,apparel,1,55.0,8.25,46.75,23.69,23.06,completed,0.4933
O500763,C100233,2024-05-23,mobile_app,footwear,2,158.14,47.44,268.84,146.89,121.95,completed,0.4536
O501046,C100305,2024-05-23,marketplace,electronics,2,274.45,109.78,439.12,393.51,45.61,completed,0.1039
O501046,C100305,2024-05-23,marketplace,footwear,1,78.34,15.67,62.67,37.6,25.07,completed,0.4
O501046,C100305,2024-05-23,marketplace,home,2,75.62,30.25,120.99,72.78,48.21,completed,0.3985
O501106,C100336,2024-05-23,mobile_app,accessories,3,37.48,0.0,112.44,58.37,54.07,completed,0.4809
O502792,C100798,2024-05-23,marketplace,footwear,2,134.12,0.0,268.24,163.25,104.99,completed,0.3914
O502960,C100829,2024-05-23,mobile_app,beauty,2,32.67,9.8,55.54,24.32,31.22,completed,0.5621
O502960,C100829,2024-05-23,mobile_app,beauty,3,30.67,0.0,92.01,44.16,47.85,completed,0.5201
O500907,C100271,2024-05-24,mobile_app,apparel,2,95.75,0.0,191.5,98.11,93.39,completed,0.4877
O500907,C100271,2024-05-24,mobile_app,accessories,1,106.64,16.0,90.64,46.75,43.89,completed,0.4842
O500907,C100271,2024-05-24,mobile_app,beauty,3,40.2,24.12,96.48,43.17,53.31,completed,0.5525
O501543,C100452,2024-05-24,web,footwear,2,178.2,71.28,285.12,172.48,112.64,completed,0.3951
O501543,C100452,2024-05-24,web,home,2,121.95,0.0,243.9,156.75,87.15,completed,0.3573
O501543,C100452,2024-05-24,web,accessories,2,59.01,5.9,112.12,59.83,52.29,completed,0.4664
O501847,C100519,2024-05-24,web,beauty,1,35.12,3.51,31.61,14.58,17.03,completed,0.5388
O501847,C100519,2024-05-24,web,beauty,3,25.31,7.59,68.34,34.13,34.21,completed,0.5006
O501847,C100519,2024-05-24,web,electronics,1,218.96,32.84,186.12,168.7,17.42,completed,0.0936
O502469,C100704,2024-05-24,mobile_app,apparel,1,49.51,7.43,42.08,21.76,20.32,completed,0.4829
O502469,C100704,2024-05-24,mobile_app,apparel,3,65.31,0.0,195.93,113.39,82.54,completed,0.4213
O503144,C100875,2024-05-24,marketplace,home,3,102.98,46.34,262.6,157.53,105.07,completed,0.4001
O503144,C100875,2024-05-24,marketplace,accessories,3,58.97,0.0,176.91,91.28,85.63,completed,0.484
O503144,C100875,2024-05-24,marketplace,footwear,1,172.39,8.62,163.77,98.78,64.99,completed,0.3968
O500727,C100222,2024-05-25,mobile_app,beauty,1,16.58,0.0,16.58,7.96,8.62,completed,0.5199
O500727,C100222,2024-05-25,mobile_app,electronics,1,186.19,18.62,167.57,143.34,24.23,completed,0.1446
O500941,C100275,2024-05-25,web,footwear,3,155.89,0.0,467.67,291.13,176.54,completed,0.3775
O500941,C100275,2024-05-25,web,footwear,3,130.69,39.21,352.86,200.94,151.92,completed,0.4305
O500941,C100275,2024-05-25,web,beauty,2,63.92,25.57,102.27,47.77,54.5,completed,0.5329
O500947,C100276,2024-05-25,mobile_app,accessories,2,44.38,8.88,79.88,43.26,36.62,completed,0.4584
O501804,C100508,2024-05-25,mobile_app,home,2,125.82,0.0,251.64,151.6,100.04,completed,0.3976
O502033,C100578,2024-05-25,mobile_app,footwear,3,78.53,0.0,235.59,150.71,84.88,completed,0.3603
O502635,C100753,2024-05-25,web,apparel,1,46.34,0.0,46.34,28.39,17.95,completed,0.3874
O502929,C100824,2024-05-25,web,footwear,2,152.86,15.29,290.43,166.25,124.18,completed,0.4276
O502929,C100824,2024-05-25,web,accessories,3,49.91,29.95,119.78,58.19,61.59,completed,0.5142
O500155,C100059,2024-05-26,web,electronics,2,209.49,41.9,377.08,313.49,63.59,completed,0.1686
O500155,C100059,2024-05-26,web,home,2,89.75,8.97,170.53,109.01,61.52,completed,0.3608
O500155,C100059,2024-05-26,web,apparel,1,54.26,0.0,54.26,29.18,25.08,completed,0.4622
O500872,C100261,2024-05-26,web,apparel,1,73.63,11.04,62.59,35.29,27.3,completed,0.4362
O501324,C100403,2024-05-26,web,footwear,2,189.28,37.86,340.7,209.23,131.47,completed,0.3859
O501324,C100403,2024-05-26,web,electronics,3,316.83,0.0,950.49,724.36,226.13,completed,0.2379
O501633,C100474,2024-05-26,mobile_app,home,1,161.65,24.25,137.4,88.78,48.62,completed,0.3539
O501633,C100474,2024-05-26,mobile_app,beauty,1,39.41,7.88,31.53,14.62,16.91,completed,0.5363
O501954,C100549,2024-05-26,marketplace,apparel,1,81.13,0.0,81.13,43.06,38.07,completed,0.4692
O501973,C100554,2024-05-26,mobile_app,home,2,101.55,30.46,172.64,108.66,63.98,completed,0.3706
O502793,C100798,2024-05-26,mobile_app,footwear,1,165.56,0.0,165.56,110.03,55.53,completed,0.3354
O502793,C100798,2024-05-26,mobile_app,accessories,1,80.87,0.0,80.87,40.94,39.93,completed,0.4938
O502878,C100814,2024-05-26,web,home,3,154.78,69.65,394.69,244.06,150.63,completed,0.3816
O502878,C100814,2024-05-26,web,electronics,1,444.26,22.21,422.05,371.8,50.25,completed,0.1191
O502878,C100814,2024-05-26,web,footwear,3,129.3,58.19,329.71,194.54,135.17,completed,0.41
O503037,C100849,2024-05-26,web,electronics,2,381.39,114.42,648.36,555.46,92.9,completed,0.1433
O500004,C100000,2024-05-27,web,home,2,47.4,14.22,80.58,49.15,31.43,completed,0.39
O500004,C100000,2024-05-27,web,electronics,2,212.83,0.0,425.66,341.31,84.35,completed,0.1982
O500070,C100032,2024-05-27,web,accessories,3,56.62,0.0,169.86,82.98,86.88,completed,0.5115
O500070,C100032,2024-05-27,web,apparel,3,51.93,31.16,124.63,66.71,57.92,completed,0.4647
O500419,C100140,2024-05-27,web,accessories,2,37.05,0.0,74.1,36.15,37.95,completed,0.5121
O501563,C100454,2024-05-27,web,home,3,117.83,35.35,318.14,206.45,111.69,completed,0.3511
O501563,C100454,2024-05-27,web,footwear,1,166.02,0.0,166.02,94.5,71.52,completed,0.4308
O501563,C100454,2024-05-27,web,home,2,175.48,0.0,350.96,224.57,126.39,completed,0.3601
O501781,C100506,2024-05-27,web,footwear,1,144.66,14.47,130.19,79.32,50.87,completed,0.3907
O502389,C100677,2024-05-27,marketplace,home,3,196.65,0.0,589.95,360.47,229.48,completed,0.389
O502401,C100679,2024-05-27,marketplace,electronics,3,210.56,0.0,631.68,495.61,136.07,completed,0.2154
O502732,C100781,2024-05-27,retail_partner,apparel,3,78.71,47.23,188.9,118.91,69.99,completed,0.3705
O502732,C100781,2024-05-27,retail_partner,apparel,2,98.72,0.0,197.44,105.96,91.48,completed,0.4633
O502732,C100781,2024-05-27,retail_partner,footwear,1,167.32,25.1,142.22,86.89,55.33,completed,0.389
O502951,C100827,2024-05-27,marketplace,beauty,3,68.9,0.0,206.7,94.71,111.99,completed,0.5418
O502951,C100827,2024-05-27,marketplace,home,2,115.11,34.53,195.69,109.87,85.82,completed,0.4386
O501032,C100299,2024-05-28,web,accessories,2,39.77,7.95,71.59,34.63,36.96,completed,0.5163
O501481,C100438,2024-05-28,mobile_app,beauty,3,23.07,10.38,58.83,28.24,30.59,completed,0.52
O501481,C100438,2024-05-28,mobile_app,beauty,3,32.13,14.46,81.93,36.96,44.97,completed,0.5489
O501481,C100438,2024-05-28,mobile_app,home,1,102.34,15.35,86.99,54.41,32.58,completed,0.3745
O501870,C100527,2024-05-28,mobile_app,apparel,3,44.59,0.0,133.77,75.93,57.84,completed,0.4324
O501870,C100527,2024-05-28,mobile_app,electronics,3,181.9,109.14,436.56,374.31,62.25,completed,0.1426
O500092,C100041,2024-05-29,web,beauty,3,31.86,9.56,86.02,42.72,43.3,completed,0.5034
O500092,C100041,2024-05-29,web,electronics,1,197.52,0.0,197.52,165.9,31.62,completed,0.1601
O500092,C100041,2024-05-29,web,accessories,1,48.62,0.0,48.62,24.93,23.69,completed,0.4872
O500133,C100051,2024-05-29,marketplace,apparel,1,88.08,13.21,74.87,41.71,33.16,completed,0.4429
O500133,C100051,2024-05-29,marketplace,beauty,1,74.59,0.0,74.59,37.34,37.25,completed,0.4994
O500181,C100064,2024-05-29,marketplace,home,3,137.91,62.06,351.67,222.45,129.22,completed,0.3674
O500181,C100064,2024-05-29,marketplace,footwear,3,130.3,39.09,351.81,228.03,123.78,completed,0.3518
O501055,C100309,2024-05-29,web,beauty,2,29.79,0.0,59.58,26.7,32.88,completed,0.5519
O501055,C100309,2024-05-29,web,beauty,2,40.99,4.1,77.88,37.33,40.55,completed,0.5207
O503166,C100879,2024-05-29,mobile_app,apparel,1,91.66,9.17,82.49,45.29,37.2,completed,0.451
O503166,C100879,2024-05-29,mobile_app,apparel,3,116.37,17.46,331.65,173.02,158.63,completed,0.4783
O503166,C100879,2024-05-29,mobile_app,electronics,1,389.87,0.0,389.87,317.38,72.49,completed,0.1859
O500094,C100042,2024-05-30,marketplace,footwear,2,105.35,21.07,189.63,114.61,75.02,completed,0.3956
O500094,C100042,2024-05-30,marketplace,home,2,64.83,12.97,116.69,68.33,48.36,completed,0.4144
O500094,C100042,2024-05-30,marketplace,apparel,1,69.35,0.0,69.35,38.54,30.81,completed,0.4443
O500232,C100071,2024-05-30,mobile_app,electronics,2,241.29,0.0,482.58,377.75,104.83,completed,0.2172
O500232,C100071,2024-05-30,mobile_app,accessories,2,34.76,3.48,66.04,32.52,33.52,completed,0.5076
O500712,C100214,2024-05-30,mobile_app,beauty,2,32.55,0.0,65.1,31.03,34.07,completed,0.5233
O500712,C100214,2024-05-30,mobile_app,home,3,80.39,0.0,241.17,153.56,87.61,completed,0.3633
O501081,C100321,2024-05-30,retail_partner,electronics,3,185.12,111.07,444.29,353.72,90.57,completed,0.2039
O501153,C100356,2024-05-30,web,electronics,3,254.05,0.0,762.15,618.44,143.71,completed,0.1886
O501153,C100356,2024-05-30,web,apparel,2,43.74,17.5,69.98,41.2,28.78,completed,0.4113
O502219,C100630,2024-05-30,mobile_app,footwear,1,169.47,0.0,169.47,97.72,71.75,completed,0.4234
O502219,C100630,2024-05-30,mobile_app,beauty,1,55.56,5.56,50.0,24.76,25.24,completed,0.5048
O500836,C100248,2024-05-31,web,accessories,2,66.69,13.34,120.04,54.97,65.07,completed,0.5421
O500836,C100248,2024-05-31,web,beauty,3,37.29,0.0,111.87,55.44,56.43,completed,0.5044
O500836,C100248,2024-05-31,web,electronics,3,214.57,96.56,547.15,446.6,100.55,completed,0.1838
O500986,C100284,2024-05-31,mobile_app,accessories,1,37.82,1.89,35.93,19.01,16.92,completed,0.4709
O501169,C100359,2024-05-31,web,beauty,2,51.22,20.49,81.95,43.1,38.85,completed,0.4741
O501169,C100359,2024-05-31,web,footwear,2,143.03,0.0,286.06,166.49,119.57,completed,0.418
O501169,C100359,2024-05-31,web,apparel,1,77.35,11.6,65.75,36.91,28.84,completed,0.4386
O502121,C100604,2024-05-31,mobile_app,electronics,3,267.11,0.0,801.33,624.69,176.64,completed,0.2204
O502121,C100604,2024-05-31,mobile_app,accessories,3,63.87,0.0,191.61,95.68,95.93,completed,0.5007
O502121,C100604,2024-05-31,mobile_app,home,1,79.5,3.98,75.52,49.98,25.54,completed,0.3382
O502276,C100641,2024-05-31,mobile_app,accessories,1,89.51,0.0,89.51,43.94,45.57,completed,0.5091
O502276,C100641,2024-05-31,mobile_app,home,1,93.3,13.99,79.31,52.26,27.05,completed,0.3411
O502420,C100687,2024-05-31,mobile_app,footwear,1,101.84,0.0,101.84,62.91,38.93,completed,0.3823
O502420,C100687,2024-05-31,mobile_app,home,2,100.71,0.0,201.42,125.78,75.64,completed,0.3755
O502420,C100687,2024-05-31,mobile_app,apparel,2,44.82,0.0,89.64,51.64,38.0,completed,0.4239
O502584,C100737,2024-05-31,marketplace,electronics,3,198.0,118.8,475.2,346.53,128.67,completed,0.2708
O502704,C100772,2024-05-31,mobile_app,electronics,1,159.89,7.99,151.9,119.33,32.57,completed,0.2144
O502704,C100772,2024-05-31,mobile_app,apparel,3,45.02,0.0,135.06,70.17,64.89,completed,0.4805
O502704,C100772,2024-05-31,mobile_app,home,1,100.11,0.0,100.11,60.46,39.65,completed,0.3961
O502997,C100841,2024-05-31,web,beauty,3,29.07,17.44,69.77,37.13,32.64,completed,0.4678
O502997,C100841,2024-05-31,web,home,1,74.3,0.0,74.3,45.01,29.29,completed,0.3942
O502997,C100841,2024-05-31,web,home,2,86.15,25.85,146.45,97.37,49.08,completed,0.3351
O500029,C100013,2024-06-01,mobile_app,apparel,3,33.42,10.03,90.23,53.9,36.33,completed,0.4026
O500029,C100013,2024-06-01,mobile_app,footwear,2,82.35,0.0,164.7,97.29,67.41,completed,0.4093
O500029,C100013,2024-06-01,mobile_app,accessories,1,43.64,0.0,43.64,22.4,21.24,completed,0.4867
O500114,C100047,2024-06-01,web,accessories,1,65.71,0.0,65.71,32.31,33.4,completed,0.5083
O500421,C100142,2024-06-01,web,accessories,3,35.97,0.0,107.91,51.99,55.92,completed,0.5182
O501112,C100338,2024-06-01,web,electronics,2,199.04,0.0,398.08,345.76,52.32,completed,0.1314
O501273,C100390,2024-06-01,web,electronics,3,322.25,193.35,773.4,639.64,133.76,completed,0.173
O501273,C100390,2024-06-01,web,apparel,2,97.92,0.0,195.84,108.02,87.82,completed,0.4484
O501273,C100390,2024-06-01,web,apparel,2,113.91,45.56,182.26,103.4,78.86,completed,0.4327
O502794,C100798,2024-06-01,web,beauty,1,24.22,0.0,24.22,10.93,13.29,completed,0.5487
O502794,C100798,2024-06-01,web,beauty,3,68.1,0.0,204.3,89.15,115.15,completed,0.5636
O503072,C100856,2024-06-01,mobile_app,footwear,3,74.62,0.0,223.86,127.16,96.7,completed,0.432
O503072,C100856,2024-06-01,mobile_app,electronics,3,284.87,85.46,769.15,684.64,84.51,completed,0.1099
O503072,C100856,2024-06-01,mobile_app,apparel,1,35.28,0.0,35.28,18.4,16.88,completed,0.4785
O500499,C100159,2024-06-02,mobile_app,beauty,2,31.52,12.61,50.43,23.28,27.15,completed,0.5384
O500499,C100159,2024-06-02,mobile_app,home,3,97.79,58.67,234.7,142.46,92.24,completed,0.393
O500735,C100224,2024-06-02,mobile_app,home,1,50.54,0.0,50.54,31.15,19.39,completed,0.3837
O500735,C100224,2024-06-02,mobile_app,accessories,2,59.17,0.0,118.34,54.29,64.05,completed,0.5412
O500735,C100224,2024-06-02,mobile_app,electronics,2,199.98,0.0,399.96,303.29,96.67,completed,0.2417
O502359,C100661,2024-06-02,web,apparel,1,39.45,0.0,39.45,21.97,17.48,completed,0.4431
O502961,C100829,2024-06-02,web,footwear,1,82.07,16.41,65.66,36.52,29.14,completed,0.4438
O503188,C100887,2024-06-02,mobile_app,accessories,3,37.83,5.67,107.82,56.69,51.13,completed,0.4742
O503188,C100887,2024-06-02,mobile_app,home,2,82.76,33.1,132.42,83.87,48.55,completed,0.3666
O500719,C100217,2024-06-03,mobile_app,apparel,3,43.09,0.0,129.27,72.94,56.33,completed,0.4358
O500719,C100217,2024-06-03,mobile_app,accessories,3,36.29,0.0,108.87,56.48,52.39,completed,0.4812
O501941,C100548,2024-06-03,mobile_app,home,3,82.81,49.69,198.74,113.31,85.43,completed,0.4299
O502390,C100677,2024-06-03,marketplace,beauty,2,66.32,0.0,132.64,57.93,74.71,completed,0.5633
O502390,C100677,2024-06-03,marketplace,apparel,2,104.18,0.0,208.36,116.24,92.12,completed,0.4421
O502421,C100688,2024-06-03,marketplace,footwear,3,69.49,31.27,177.2,111.97,65.23,completed,0.3681
O502421,C100688,2024-06-03,marketplace,home,3,80.35,0.0,241.05,139.04,102.01,completed,0.4232
O502861,C100811,2024-06-03,marketplace,home,3,50.82,0.0,152.46,95.62,56.84,completed,0.3728
O502861,C100811,2024-06-03,marketplace,footwear,2,64.18,0.0,128.36,84.51,43.85,completed,0.3416
O500487,C100155,2024-06-04,mobile_app,accessories,1,65.82,13.16,52.66,27.29,25.37,completed,0.4818
O501041,C100304,2024-06-04,marketplace,accessories,3,45.27,20.37,115.44,54.21,61.23,completed,0.5304
O501041,C100304,2024-06-04,marketplace,footwear,2,87.59,8.76,166.42,102.45,63.97,completed,0.3844
O501041,C100304,2024-06-04,marketplace,accessories,1,38.79,5.82,32.97,15.86,17.11,completed,0.519
O501104,C100335,2024-06-04,retail_partner,footwear,2,86.77,26.03,147.51,93.92,53.59,completed,0.3633
O501104,C100335,2024-06-04,retail_partner,home,3,101.48,60.89,243.55,145.94,97.61,completed,0.4008
O501115,C100339,2024-06-04,mobile_app,beauty,2,27.04,8.11,45.97,20.93,25.04,completed,0.5447
O501170,C100359,2024-06-04,mobile_app,footwear,2,145.8,0.0,291.6,171.1,120.5,completed,0.4132
O501340,C100405,2024-06-04,web,accessories,1,24.42,4.88,19.54,9.93,9.61,completed,0.4918
O501955,C100549,2024-06-04,mobile_app,footwear,3,156.19,46.86,421.71,265.02,156.69,completed,0.3716
O501955,C100549,2024-06-04,mobile_app,apparel,1,109.76,10.98,98.78,54.75,44.03,completed,0.4457
O500038,C100016,2024-06-06,web,home,2,107.74,0.0,215.48,127.3,88.18,completed,0.4092
O501184,C100362,2024-06-06,retail_partner,beauty,2,38.84,15.54,62.14,28.95,33.19,completed,0.5341
O502936,C100825,2024-06-07,web,electronics,3,198.7,89.41,506.69,410.53,96.16,completed,0.1898
O501897,C100536,2024-06-08,mobile_app,electronics,3,184.43,55.33,497.96,404.2,93.76,completed,0.1883
O501897,C100536,2024-06-08,mobile_app,apparel,3,72.31,0.0,216.93,118.8,98.13,completed,0.4524
O501956,C100549,2024-06-08,marketplace,accessories,2,84.72,0.0,169.44,88.38,81.06,completed,0.4784
O501956,C100549,2024-06-08,marketplace,home,1,134.31,20.15,114.16,69.09,45.07,completed,0.3948
O501956,C100549,2024-06-08,marketplace,home,2,110.26,33.08,187.44,113.29,74.15,completed,0.3956
O501990,C100562,2024-06-08,web,electronics,3,239.73,0.0,719.19,595.42,123.77,completed,0.1721
O501990,C100562,2024-06-08,web,footwear,1,86.39,0.0,86.39,47.33,39.06,completed,0.4521
O502536,C100722,2024-06-08,marketplace,footwear,3,108.68,16.3,309.74,181.63,128.11,completed,0.4136
O502536,C100722,2024-06-08,marketplace,electronics,3,354.7,212.82,851.28,710.32,140.96,completed,0.1656
O502536,C100722,2024-06-08,marketplace,home,2,137.62,0.0,275.24,180.07,95.17,completed,0.3458
O502667,C100766,2024-06-08,mobile_app,beauty,2,38.19,0.0,76.38,35.86,40.52,completed,0.5305
O502667,C100766,2024-06-08,mobile_app,home,2,91.27,0.0,182.54,101.15,81.39,completed,0.4459
O502722,C100779,2024-06-08,marketplace,beauty,2,29.34,0.0,58.68,28.47,30.21,completed,0.5148
O502722,C100779,2024-06-08,marketplace,footwear,2,63.57,6.36,120.78,74.85,45.93,completed,0.3803
O502722,C100779,2024-06-08,marketplace,accessories,1,24.39,3.66,20.73,11.28,9.45,completed,0.4559
O500005,C100000,2024-06-09,mobile_app,electronics,1,205.27,0.0,205.27,169.1,36.17,completed,0.1762
O500005,C100000,2024-06-09,mobile_app,home,1,88.4,0.0,88.4,54.81,33.59,completed,0.38
O500005,C100000,2024-06-09,mobile_app,apparel,3,66.62,0.0,199.86,99.07,100.79,completed,0.5043
O500774,C100235,2024-06-09,mobile_app,footwear,3,78.84,47.3,189.22,116.75,72.47,completed,0.383
O500774,C100235,2024-06-09,mobile_app,accessories,2,42.34,8.47,76.21,39.77,36.44,completed,0.4782
O500774,C100235,2024-06-09,mobile_app,accessories,3,25.54,11.49,65.13,32.58,32.55,completed,0.4998
O500908,C100271,2024-06-09,web,accessories,1,102.96,10.3,92.66,45.28,47.38,completed,0.5113
O500908,C100271,2024-06-09,web,beauty,3,32.72,0.0,98.16,47.3,50.86,completed,0.5181
O501023,C100296,2024-06-09,marketplace,home,1,63.82,6.38,57.44,34.79,22.65,completed,0.3943
O501023,C100296,2024-06-09,marketplace,accessories,3,42.36,19.06,108.02,55.39,52.63,completed,0.4872
O501023,C100296,2024-06-09,marketplace,home,3,87.04,0.0,261.12,164.17,96.95,completed,0.3713
O501496,C100441,2024-06-09,mobile_app,accessories,2,81.86,32.74,130.98,66.43,64.55,completed,0.4928
O501496,C100441,2024-06-09,mobile_app,footwear,2,138.14,0.0,276.28,147.71,128.57,completed,0.4654
O502977,C100834,2024-06-09,web,apparel,2,55.36,16.61,94.11,54.0,40.11,completed,0.4262
O500149,C100056,2024-06-10,web,beauty,1,29.57,2.96,26.61,12.12,14.49,completed,0.5445
O500149,C100056,2024-06-10,web,apparel,2,48.51,9.7,87.32,50.93,36.39,completed,0.4167
O500149,C100056,2024-06-10,web,accessories,2,43.93,4.39,83.47,44.71,38.76,completed,0.4644
O500255,C100078,2024-06-10,mobile_app,footwear,2,124.94,37.48,212.4,130.88,81.52,completed,0.3838
O500255,C100078,2024-06-10,mobile_app,home,1,167.13,33.43,133.7,81.83,51.87,completed,0.388
O501996,C100566,2024-06-10,retail_partner,footwear,1,63.13,9.47,53.66,30.53,23.13,completed,0.431
O502277,C100641,2024-06-10,mobile_app,beauty,1,72.3,7.23,65.07,30.23,34.84,completed,0.5354
O502537,C100722,2024-06-10,web,apparel,3,97.62,58.57,234.29,139.89,94.4,completed,0.4029
O502733,C100781,2024-06-10,mobile_app,beauty,3,48.43,0.0,145.29,73.2,72.09,completed,0.4962
O500504,C100160,2024-06-11,marketplace,electronics,1,349.64,34.96,314.68,279.82,34.86,completed,0.1108
O500504,C100160,2024-06-11,marketplace,beauty,3,40.42,6.06,115.2,52.29,62.91,completed,0.5461
O500504,C100160,2024-06-11,marketplace,beauty,3,49.78,0.0,149.34,69.33,80.01,completed,0.5358
O501325,C100403,2024-06-11,web,home,2,97.04,38.82,155.26,88.93,66.33,completed,0.4272
O501325,C100403,2024-06-11,web,footwear,2,162.87,48.86,276.88,169.96,106.92,completed,0.3862
O501325,C100403,2024-06-11,web,accessories,2,81.83,0.0,163.66,70.43,93.23,completed,0.5697
O501399,C100424,2024-06-11,web,home,3,177.05,26.56,504.59,291.66,212.93,completed,0.422
O501399,C100424,2024-06-11,web,beauty,2,52.82,21.13,84.51,43.62,40.89,completed,0.4838
O501399,C100424,2024-06-11,web,beauty,2,50.97,10.19,91.75,40.65,51.1,completed,0.5569
O501516,C100446,2024-06-11,marketplace,home,1,101.91,20.38,81.53,47.12,34.41,completed,0.4221
O501516,C100446,2024-06-11,marketplace,apparel,1,49.58,2.48,47.1,24.11,22.99,completed,0.4881
O501871,C100527,2024-06-11,retail_partner,footwear,3,101.57,0.0,304.71,178.77,125.94,completed,0.4133
O501871,C100527,2024-06-11,retail_partner,home,1,87.76,13.16,74.6,44.47,30.13,completed,0.4039
O501871,C100527,2024-06-11,retail_partner,electronics,3,231.38,104.12,590.02,485.83,104.19,completed,0.1766
O502008,C100571,2024-06-11,marketplace,footwear,2,73.55,0.0,147.1,90.41,56.69,completed,0.3854
O502008,C100571,2024-06-11,marketplace,home,1,90.73,4.54,86.19,51.76,34.43,completed,0.3995
O502009,C100571,2024-06-11,web,home,2,95.96,19.19,172.73,109.13,63.6,completed,0.3682
O502009,C100571,2024-06-11,web,footwear,2,85.27,34.11,136.43,90.19,46.24,completed,0.3389
O502009,C100571,2024-06-11,web,accessories,3,49.94,0.0,149.82,71.42,78.4,completed,0.5233
O502101,C100596,2024-06-11,web,accessories,3,88.16,13.22,251.26,135.68,115.58,completed,0.46
O502238,C100634,2024-06-11,mobile_app,beauty,2,47.43,0.0,94.86,47.71,47.15,completed,0.497
O502239,C100634,2024-06-11,web,footwear,1,155.94,0.0,155.94,100.98,54.96,completed,0.3524
O501101,C100333,2024-06-12,web,home,3,81.92,36.86,208.9,123.82,85.08,completed,0.4073
O501101,C100333,2024-06-12,web,beauty,1,22.29,3.34,18.95,9.69,9.26,completed,0.4887
O501185,C100362,2024-06-12,mobile_app,beauty,2,53.69,21.48,85.9,42.0,43.9,completed,0.5111
O501185,C100362,2024-06-12,mobile_app,beauty,3,58.88,17.66,158.98,75.52,83.46,completed,0.525
O501485,C100439,2024-06-12,marketplace,apparel,2,51.58,0.0,103.16,57.51,45.65,completed,0.4425
O502053,C100581,2024-06-12,mobile_app,accessories,3,40.66,24.4,97.58,47.96,49.62,completed,0.5085
O502053,C100581,2024-06-12,mobile_app,footwear,2,68.14,6.81,129.47,79.26,50.21,completed,0.3878
O502405,C100682,2024-06-12,mobile_app,electronics,3,209.99,0.0,629.97,542.1,87.87,completed,0.1395
O502405,C100682,2024-06-12,mobile_app,beauty,3,29.76,0.0,89.28,43.97,45.31,completed,0.5075
O501319,C100402,2024-06-13,mobile_app,apparel,2,53.47,5.35,101.59,59.59,42.0,completed,0.4134
O501517,C100446,2024-06-13,web,apparel,3,58.43,17.53,157.76,91.3,66.46,completed,0.4213
O501685,C100481,2024-06-13,web,beauty,3,47.53,14.26,128.33,61.79,66.54,completed,0.5185
O501882,C100535,2024-06-13,web,electronics,2,273.44,0.0,546.88,441.23,105.65,completed,0.1932
O502475,C100707,2024-06-13,web,electronics,3,236.43,70.93,638.36,506.05,132.31,completed,0.2073
O502475,C100707,2024-06-13,web,accessories,2,53.23,0.0,106.46,55.1,51.36,completed,0.4824
O502475,C100707,2024-06-13,web,electronics,3,212.68,0.0,638.04,486.79,151.25,completed,0.2371
O502969,C100832,2024-06-13,marketplace,electronics,3,176.46,0.0,529.38,460.75,68.63,completed,0.1296
O500289,C100093,2024-06-14,web,accessories,1,33.59,5.04,28.55,14.37,14.18,completed,0.4967
O500289,C100093,2024-06-14,web,footwear,1,92.64,0.0,92.64,53.7,38.94,completed,0.4203
O500289,C100093,2024-06-14,web,electronics,3,189.88,0.0,569.64,505.02,64.62,completed,0.1134
O500638,C100197,2024-06-14,mobile_app,home,2,75.88,22.76,129.0,84.09,44.91,completed,0.3481
O500638,C100197,2024-06-14,mobile_app,accessories,3,34.69,0.0,104.07,51.1,52.97,completed,0.509
O500638,C100197,2024-06-14,mobile_app,beauty,3,31.66,9.5,85.48,40.69,44.79,completed,0.524
O502126,C100606,2024-06-14,mobile_app,home,3,66.86,10.03,190.55,123.43,67.12,completed,0.3522
O502126,C100606,2024-06-14,mobile_app,accessories,3,44.03,6.6,125.49,64.25,61.24,completed,0.488
O502126,C100606,2024-06-14,mobile_app,accessories,1,25.53,3.83,21.7,10.94,10.76,completed,0.4959
O503057,C100854,2024-06-14,mobile_app,footwear,1,117.38,23.48,93.9,58.43,35.47,completed,0.3777
O503057,C100854,2024-06-14,mobile_app,footwear,2,179.39,71.76,287.02,170.82,116.2,completed,0.4048
O503057,C100854,2024-06-14,mobile_app,accessories,3,68.12,20.44,183.92,96.32,87.6,completed,0.4763
O500422,C100142,2024-06-15,marketplace,accessories,2,40.62,16.25,64.99,34.32,30.67,completed,0.4719
O500422,C100142,2024-06-15,marketplace,beauty,1,34.76,3.48,31.28,14.83,16.45,completed,0.5259
O500422,C100142,2024-06-15,marketplace,electronics,1,182.46,9.12,173.34,145.06,28.28,completed,0.1631
O500500,C100159,2024-06-15,web,footwear,1,53.77,0.0,53.77,32.2,21.57,completed,0.4012
O500500,C100159,2024-06-15,web,accessories,3,49.47,29.68,118.73,63.08,55.65,completed,0.4687
O500500,C100159,2024-06-15,web,home,3,129.28,58.18,329.66,212.14,117.52,completed,0.3565
O500625,C100191,2024-06-15,mobile_app,beauty,3,19.08,0.0,57.24,29.02,28.22,completed,0.493
O500625,C100191,2024-06-15,mobile_app,beauty,1,17.74,0.89,16.85,7.56,9.29,completed,0.5513
O500728,C100222,2024-06-15,web,beauty,2,29.56,0.0,59.12,27.4,31.72,completed,0.5365
O500728,C100222,2024-06-15,web,home,3,80.8,48.48,193.92,116.11,77.81,completed,0.4012
O500728,C100222,2024-06-15,web,accessories,1,47.71,0.0,47.71,24.37,23.34,completed,0.4892
O500807,C100244,2024-06-15,mobile_app,home,2,59.09,11.82,106.36,71.32,35.04,completed,0.3294
O501763,C100503,2024-06-15,marketplace,footwear,3,114.13,0.0,342.39,199.22,143.17,completed,0.4181
O501763,C100503,2024-06-15,marketplace,beauty,1,31.02,6.2,24.82,12.38,12.44,completed,0.5012
O502422,C100688,2024-06-15,marketplace,footwear,2,105.74,0.0,211.48,124.59,86.89,completed,0.4109
O502422,C100688,2024-06-15,marketplace,home,1,105.01,0.0,105.01,64.82,40.19,completed,0.3827
O502422,C100688,2024-06-15,marketplace,beauty,2,30.54,0.0,61.08,29.57,31.51,completed,0.5159
O500406,C100135,2024-06-16,web,footwear,2,119.05,0.0,238.1,147.04,91.06,completed,0.3824
O500406,C100135,2024-06-16,web,apparel,3,32.48,4.87,92.57,52.67,39.9,completed,0.431
O500406,C100135,2024-06-16,web,home,3,99.88,0.0,299.64,171.71,127.93,completed,0.4269
O500747,C100229,2024-06-16,mobile_app,apparel,3,60.96,0.0,182.88,98.73,84.15,completed,0.4601
O500747,C100229,2024-06-16,mobile_app,apparel,1,55.15,0.0,55.15,32.3,22.85,completed,0.4143
O500764,C100233,2024-06-16,retail_partner,beauty,2,48.22,14.47,81.97,38.47,43.5,completed,0.5307
O500764,C100233,2024-06-16,retail_partner,electronics,1,464.69,0.0,464.69,389.77,74.92,completed,0.1612
O500806,C100243,2024-06-16,web,footwear,2,104.62,41.85,167.39,98.99,68.4,completed,0.4086
O501544,C100452,2024-06-16,marketplace,apparel,1,95.05,0.0,95.05,54.0,41.05,completed,0.4319
O501544,C100452,2024-06-16,marketplace,home,2,138.58,27.72,249.44,136.46,112.98,completed,0.4529
O501906,C100539,2024-06-16,mobile_app,footwear,3,53.62,16.09,144.77,88.72,56.05,completed,0.3872
O501906,C100539,2024-06-16,mobile_app,beauty,3,23.75,0.0,71.25,30.53,40.72,completed,0.5715
O501906,C100539,2024-06-16,mobile_app,footwear,1,72.34,7.23,65.11,39.15,25.96,completed,0.3987
O502651,C100761,2024-06-16,mobile_app,beauty,2,65.74,13.15,118.33,55.64,62.69,completed,0.5298
O502749,C100785,2024-06-16,marketplace,electronics,3,250.4,75.12,676.08,541.52,134.56,completed,0.199
O503058,C100854,2024-06-16,mobile_app,beauty,2,49.44,0.0,98.88,47.12,51.76,completed,0.5235
O503058,C100854,2024-06-16,mobile_app,accessories,2,81.91,0.0,163.82,80.66,83.16,completed,0.5076
O500246,C100077,2024-06-17,web,electronics,2,269.23,107.69,430.77,339.69,91.08,completed,0.2114
O500246,C100077,2024-06-17,web,footwear,2,93.51,28.05,158.97,92.48,66.49,completed,0.4183
O500246,C100077,2024-06-17,web,footwear,2,99.21,29.76,168.66,96.09,72.57,completed,0.4303
O500550,C100174,2024-06-17,mobile_app,home,3,93.03,0.0,279.09,162.54,116.55,completed,0.4176
O500550,C100174,2024-06-17,mobile_app,home,2,85.93,0.0,171.86,105.08,66.78,completed,0.3886
O500775,C100235,2024-06-17,mobile_app,footwear,2,65.91,13.18,118.64,78.89,39.75,completed,0.335
O500775,C100235,2024-06-17,mobile_app,home,2,60.99,24.4,97.58,57.3,40.28,completed,0.4128
O501058,C100312,2024-06-17,mobile_app,accessories,1,32.01,0.0,32.01,16.27,15.74,completed,0.4917
O501341,C100405,2024-06-17,mobile_app,apparel,3,53.41,24.03,136.2,71.3,64.9,completed,0.4765
O502919,C100822,2024-06-17,marketplace,beauty,2,41.38,16.55,66.21,30.94,35.27,completed,0.5327
O502919,C100822,2024-06-17,marketplace,beauty,2,55.83,16.75,94.91,41.87,53.04,completed,0.5588
O500054,C100021,2024-06-18,web,electronics,1,167.7,25.15,142.55,114.23,28.32,completed,0.1987
O500597,C100184,2024-06-18,web,home,2,64.84,0.0,129.68,78.7,50.98,completed,0.3931
O500597,C100184,2024-06-18,web,footwear,1,71.73,3.59,68.14,43.11,25.03,completed,0.3673
O500597,C100184,2024-06-18,web,beauty,3,40.78,24.47,97.87,49.64,48.23,completed,0.4928
O501437,C100427,2024-06-18,mobile_app,accessories,1,88.14,0.0,88.14,45.46,42.68,completed,0.4842
O501437,C100427,2024-06-18,mobile_app,footwear,1,133.95,26.79,107.16,63.8,43.36,completed,0.4046
O501437,C100427,2024-06-18,mobile_app,beauty,1,47.05,0.0,47.05,24.14,22.91,completed,0.4869
O502952,C100827,2024-06-18,mobile_app,electronics,2,354.54,70.91,638.17,547.95,90.22,completed,0.1414
O502970,C100832,2024-06-18,marketplace,electronics,1,229.21,34.38,194.83,174.68,20.15,completed,0.1034
O502970,C100832,2024-06-18,marketplace,home,2,66.26,19.88,112.64,69.67,42.97,completed,0.3815
O502970,C100832,2024-06-18,marketplace,footwear,2,80.05,8.01,152.09,90.14,61.95,completed,0.4073
O503038,C100849,2024-06-18,web,beauty,1,53.02,5.3,47.72,23.93,23.79,completed,0.4985
O503038,C100849,2024-06-18,web,beauty,3,38.84,0.0,116.52,55.94,60.58,completed,0.5199
O500401,C100133,2024-06-19,marketplace,electronics,1,235.5,23.55,211.95,167.58,44.37,completed,0.2093
O500401,C100133,2024-06-19,marketplace,footwear,3,88.04,52.82,211.3,137.49,73.81,completed,0.3493
O500776,C100235,2024-06-19,mobile_app,accessories,2,62.85,6.29,119.41,58.31,61.1,completed,0.5117
O500776,C100235,2024-06-19,mobile_app,home,1,63.41,0.0,63.41,32.9,30.51,completed,0.4812
O501186,C100362,2024-06-19,web,accessories,1,101.63,15.24,86.39,43.06,43.33,completed,0.5016
O501186,C100362,2024-06-19,web,home,2,153.87,30.77,276.97,174.16,102.81,completed,0.3712
O501186,C100362,2024-06-19,web,apparel,1,112.8,5.64,107.16,57.2,49.96,completed,0.4662
O502690,C100768,2024-06-19,mobile_app,accessories,1,69.09,3.45,65.64,33.13,32.51,completed,0.4953
O502690,C100768,2024-06-19,mobile_app,apparel,1,88.44,13.27,75.17,43.3,31.87,completed,0.424
O502879,C100814,2024-06-19,web,electronics,1,383.02,57.45,325.57,270.25,55.32,completed,0.1699
O502879,C100814,2024-06-19,web,electronics,2,238.65,71.59,405.71,327.8,77.91,completed,0.192
O502879,C100814,2024-06-19,web,apparel,1,59.74,5.97,53.77,28.2,25.57,completed,0.4755
O503116,C100867,2024-06-19,mobile_app,electronics,2,243.84,24.38,463.3,385.44,77.86,completed,0.1681
O503116,C100867,2024-06-19,mobile_app,footwear,2,85.19,25.56,144.82,87.99,56.83,completed,0.3924
O500182,C100064,2024-06-20,retail_partner,beauty,3,42.83,0.0,128.49,58.02,70.47,completed,0.5484
O500182,C100064,2024-06-20,retail_partner,beauty,3,32.01,0.0,96.03,45.51,50.52,completed,0.5261
O500633,C100196,2024-06-20,retail_partner,electronics,1,177.92,8.9,169.02,145.32,23.7,completed,0.1402
O500633,C100196,2024-06-20,retail_partner,apparel,2,38.34,0.0,76.68,39.3,37.38,completed,0.4875
O500633,C100196,2024-06-20,retail_partner,beauty,3,23.13,0.0,69.39,33.5,35.89,completed,0.5172
O501187,C100362,2024-06-20,mobile_app,footwear,3,198.82,89.47,506.99,306.75,200.24,completed,0.395
O501187,C100362,2024-06-20,mobile_app,accessories,1,67.74,3.39,64.35,35.24,29.11,completed,0.4524
O501604,C100465,2024-06-20,mobile_app,home,2,91.77,27.53,156.01,92.86,63.15,completed,0.4048
O501604,C100465,2024-06-20,mobile_app,apparel,2,54.63,21.85,87.41,50.93,36.48,completed,0.4173
O501604,C100465,2024-06-20,mobile_app,footwear,3,137.24,0.0,411.72,244.52,167.2,completed,0.4061
O501848,C100519,2024-06-20,web,beauty,1,31.42,1.57,29.85,15.11,14.74,completed,0.4938
O501848,C100519,2024-06-20,web,beauty,1,32.21,0.0,32.21,15.85,16.36,completed,0.5079
O501848,C100519,2024-06-20,web,footwear,3,138.96,0.0,416.88,241.61,175.27,completed,0.4204
O502102,C100596,2024-06-20,mobile_app,footwear,3,137.35,82.41,329.64,182.65,146.99,completed,0.4459
O502102,C100596,2024-06-20,mobile_app,footwear,2,170.02,0.0,340.04,224.0,116.04,completed,0.3413
O502820,C100801,2024-06-20,web,beauty,1,58.22,0.0,58.22,25.4,32.82,completed,0.5637
O502820,C100801,2024-06-20,web,electronics,1,490.08,0.0,490.08,400.6,89.48,completed,0.1826
O502820,C100801,2024-06-20,web,accessories,2,95.2,19.04,171.36,84.63,86.73,completed,0.5061
O502880,C100814,2024-06-20,web,accessories,2,88.18,0.0,176.36,87.64,88.72,completed,0.5031
O502880,C100814,2024-06-20,web,footwear,1,168.69,8.43,160.26,93.15,67.11,completed,0.4188
O500121,C100050,2024-06-21,web,accessories,3,33.68,0.0,101.04,51.09,49.95,completed,0.4944
O500121,C100050,2024-06-21,web,footwear,2,83.06,16.61,149.51,92.96,56.55,completed,0.3782
O500156,C100059,2024-06-21,web,footwear,2,114.63,11.46,217.8,137.06,80.74,completed,0.3707
O500156,C100059,2024-06-21,web,apparel,3,61.24,18.37,165.35,94.14,71.21,completed,0.4307
O500528,C100166,2024-06-21,marketplace,accessories,3,29.9,13.45,76.25,37.94,38.31,completed,0.5024
O500528,C100166,2024-06-21,marketplace,footwear,2,102.03,0.0,204.06,122.24,81.82,completed,0.401
O500528,C100166,2024-06-21,marketplace,apparel,2,58.87,17.66,100.08,54.04,46.04,completed,0.46
O500681,C100202,2024-06-21,mobile_app,accessories,3,43.22,19.45,110.21,57.1,53.11,completed,0.4819
O500681,C100202,2024-06-21,mobile_app,electronics,3,171.3,0.0,513.9,407.69,106.21,completed,0.2067
O500705,C100211,2024-06-21,marketplace,apparel,3,54.55,16.36,147.29,76.26,71.03,completed,0.4822
O500705,C100211,2024-06-21,marketplace,apparel,2,51.12,0.0,102.24,54.5,47.74,completed,0.4669
O500705,C100211,2024-06-21,marketplace,home,3,46.51,20.93,118.6,73.54,45.06,completed,0.3799
O501463,C100434,2024-06-21,web,electronics,1,181.26,27.19,154.07,124.49,29.58,completed,0.192
O502602,C100744,2024-06-21,mobile_app,accessories,1,73.25,0.0,73.25,37.69,35.56,completed,0.4855
O502723,C100780,2024-06-21,mobile_app,apparel,2,49.07,0.0,98.14,53.3,44.84,completed,0.4569
O502723,C100780,2024-06-21,mobile_app,accessories,3,36.02,0.0,108.06,54.79,53.27,completed,0.493
O500233,C100071,2024-06-22,mobile_app,apparel,3,67.24,0.0,201.72,109.58,92.14,completed,0.4568
O500578,C100179,2024-06-22,mobile_app,accessories,2,51.21,0.0,102.42,52.3,50.12,completed,0.4894
O501308,C100399,2024-06-22,web,apparel,1,74.34,0.0,74.34,42.68,31.66,completed,0.4259
O501308,C100399,2024-06-22,web,footwear,3,124.13,0.0,372.39,200.61,171.78,completed,0.4613
O501731,C100495,2024-06-22,marketplace,beauty,1,38.0,1.9,36.1,17.04,19.06,completed,0.528
O502334,C100652,2024-06-22,mobile_app,accessories,1,36.31,7.26,29.05,14.45,14.6,completed,0.5026
O502334,C100652,2024-06-22,mobile_app,footwear,3,69.64,0.0,208.92,119.22,89.7,completed,0.4294
O502490,C100711,2024-06-22,marketplace,beauty,1,32.58,0.0,32.58,16.83,15.75,completed,0.4834
O502564,C100731,2024-06-22,mobile_app,electronics,2,162.17,32.43,291.91,243.03,48.88,completed,0.1674
O502564,C100731,2024-06-22,mobile_app,footwear,2,95.68,38.27,153.09,89.91,63.18,completed,0.4127
O502564,C100731,2024-06-22,mobile_app,accessories,2,51.2,0.0,102.4,51.28,51.12,completed,0.4992
O502572,C100733,2024-06-22,mobile_app,accessories,3,44.44,0.0,133.32,67.05,66.27,completed,0.4971
O502698,C100769,2024-06-22,mobile_app,accessories,1,56.94,0.0,56.94,29.42,27.52,completed,0.4833
O502698,C100769,2024-06-22,mobile_app,footwear,2,106.63,21.33,191.93,121.81,70.12,completed,0.3653
O502930,C100824,2024-06-22,mobile_app,home,3,145.2,0.0,435.6,268.68,166.92,completed,0.3832
O502930,C100824,2024-06-22,mobile_app,beauty,1,34.24,1.71,32.53,15.44,17.09,completed,0.5254
O502930,C100824,2024-06-22,mobile_app,electronics,1,339.32,16.97,322.35,266.35,56.0,completed,0.1737
O500684,C100203,2024-06-23,retail_partner,footwear,1,67.52,0.0,67.52,40.53,26.99,completed,0.3997
O500684,C100203,2024-06-23,retail_partner,electronics,3,180.74,0.0,542.22,426.68,115.54,completed,0.2131
O500812,C100246,2024-06-23,web,electronics,2,401.13,80.23,722.03,595.05,126.98,completed,0.1759
O500812,C100246,2024-06-23,web,home,2,116.66,46.66,186.66,113.59,73.07,completed,0.3915
O500999,C100288,2024-06-23,mobile_app,accessories,2,35.14,10.54,59.74,30.09,29.65,completed,0.4963
O500999,C100288,2024-06-23,mobile_app,beauty,1,22.32,0.0,22.32,10.75,11.57,completed,0.5184
O501823,C100513,2024-06-23,mobile_app,electronics,3,379.08,170.59,966.65,759.01,207.64,completed,0.2148
O502702,C100771,2024-06-23,mobile_app,beauty,1,26.17,5.23,20.94,9.99,10.95,completed,0.5229
O502767,C100789,2024-06-23,web,accessories,2,40.98,0.0,81.96,40.98,40.98,completed,0.5
O500009,C100002,2024-06-24,web,apparel,1,57.8,11.56,46.24,26.29,19.95,completed,0.4314
O500009,C100002,2024-06-24,web,electronics,1,186.51,0.0,186.51,151.65,34.86,completed,0.1869
O500256,C100078,2024-06-24,web,beauty,1,47.33,0.0,47.33,22.76,24.57,completed,0.5191
O500256,C100078,2024-06-24,web,apparel,2,98.72,0.0,197.44,107.94,89.5,completed,0.4533
O500639,C100197,2024-06-24,web,beauty,2,39.48,11.84,67.12,31.9,35.22,completed,0.5247
O501400,C100424,2024-06-24,marketplace,home,2,66.19,26.48,105.9,63.83,42.07,completed,0.3973
O501438,C100427,2024-06-24,mobile_app,accessories,1,49.48,7.42,42.06,20.2,21.86,completed,0.5197
O501438,C100427,2024-06-24,mobile_app,home,1,133.47,13.35,120.12,71.87,48.25,completed,0.4017
O501754,C100498,2024-06-24,web,apparel,2,52.47,10.49,94.45,53.15,41.3,completed,0.4373
O502048,C100580,2024-06-24,marketplace,home,1,133.99,26.8,107.19,68.6,38.59,completed,0.36
O502069,C100588,2024-06-24,marketplace,apparel,3,57.23,0.0,171.69,92.12,79.57,completed,0.4635
O502069,C100588,2024-06-24,marketplace,footwear,2,102.17,20.43,183.91,108.76,75.15,completed,0.4086
O502503,C100713,2024-06-24,mobile_app,electronics,2,273.67,0.0,547.34,461.84,85.5,completed,0.1562
O502503,C100713,2024-06-24,mobile_app,apparel,3,46.05,0.0,138.15,79.37,58.78,completed,0.4255
O503059,C100854,2024-06-24,web,footwear,2,160.51,16.05,304.97,195.6,109.37,completed,0.3586
O503059,C100854,2024-06-24,web,home,3,184.07,27.61,524.6,319.36,205.24,completed,0.3912
O503060,C100854,2024-06-24,mobile_app,beauty,1,54.96,0.0,54.96,26.04,28.92,completed,0.5262
O500522,C100164,2024-06-25,web,accessories,3,45.43,0.0,136.29,66.77,69.52,completed,0.5101
O500522,C100164,2024-06-25,web,home,2,52.99,15.9,90.08,52.65,37.43,completed,0.4155
O500522,C100164,2024-06-25,web,footwear,3,80.17,0.0,240.51,130.51,110.0,completed,0.4574
O500579,C100179,2024-06-25,mobile_app,footwear,3,136.14,61.26,347.16,198.24,148.92,completed,0.429
O500579,C100179,2024-06-25,mobile_app,beauty,1,52.35,0.0,52.35,27.23,25.12,completed,0.4798
O500579,C100179,2024-06-25,mobile_app,home,2,167.18,0.0,334.36,196.51,137.85,completed,0.4123
O500667,C100201,2024-06-25,mobile_app,home,2,107.74,43.1,172.38,106.33,66.05,completed,0.3832
O501171,C100359,2024-06-25,mobile_app,accessories,2,96.94,19.39,174.49,89.91,84.58,completed,0.4847
O501171,C100359,2024-06-25,mobile_app,home,1,108.06,0.0,108.06,63.93,44.13,completed,0.4084
O501616,C100469,2024-06-25,retail_partner,accessories,3,32.63,0.0,97.89,51.4,46.49,completed,0.4749
O501616,C100469,2024-06-25,retail_partner,home,1,50.96,7.64,43.32,28.93,14.39,completed,0.3322
O500055,C100022,2024-06-26,web,electronics,1,57.37,0.0,57.37,51.48,5.89,completed,0.1027
O500055,C100022,2024-06-26,web,electronics,1,99.17,9.92,89.25,77.71,11.54,completed,0.1293
O500551,C100174,2024-06-26,mobile_app,beauty,1,29.82,4.47,25.35,11.53,13.82,completed,0.5452
O501564,C100454,2024-06-26,mobile_app,home,3,108.67,48.9,277.11,165.69,111.42,completed,0.4021
O502056,C100584,2024-06-26,web,accessories,3,39.79,0.0,119.37,60.59,58.78,completed,0.4924
O502357,C100660,2024-06-26,web,apparel,1,30.24,4.54,25.7,14.69,11.01,completed,0.4284
O502357,C100660,2024-06-26,web,beauty,1,25.16,0.0,25.16,12.19,12.97,completed,0.5155
O502357,C100660,2024-06-26,web,electronics,2,189.42,37.88,340.96,294.08,46.88,completed,0.1375
O501634,C100474,2024-06-27,web,electronics,3,292.69,0.0,878.07,692.0,186.07,completed,0.2119
O501634,C100474,2024-06-27,web,footwear,1,146.43,29.29,117.14,74.2,42.94,completed,0.3666
O502585,C100737,2024-06-27,web,footwear,2,115.69,11.57,219.81,133.43,86.38,completed,0.393
O502821,C100801,2024-06-27,web,footwear,1,148.74,22.31,126.43,72.67,53.76,completed,0.4252
O502821,C100801,2024-06-27,web,home,3,98.16,44.17,250.31,162.83,87.48,completed,0.3495
O502821,C100801,2024-06-27,web,footwear,2,194.16,0.0,388.32,245.67,142.65,completed,0.3674
O501274,C100390,2024-06-28,web,electronics,3,396.9,0.0,1190.7,906.58,284.12,completed,0.2386
O501965,C100550,2024-06-28,mobile_app,beauty,1,31.49,1.57,29.92,14.41,15.51,completed,0.5184
O501965,C100550,2024-06-28,mobile_app,home,2,51.47,20.59,82.35,48.7,33.65,completed,0.4086
O502112,C100601,2024-06-28,marketplace,apparel,3,36.98,0.0,110.94,63.02,47.92,completed,0.4319
O502112,C100601,2024-06-28,marketplace,footwear,1,74.35,0.0,74.35,42.96,31.39,completed,0.4222
O503039,C100849,2024-06-28,marketplace,home,2,126.07,12.61,239.53,147.24,92.29,completed,0.3853
O503039,C100849,2024-06-28,marketplace,electronics,3,371.35,0.0,1114.05,914.56,199.49,completed,0.1791
O503039,C100849,2024-06-28,marketplace,footwear,3,101.71,61.03,244.1,147.61,96.49,completed,0.3953
O500025,C100011,2024-06-29,retail_partner,footwear,1,74.83,11.22,63.61,35.36,28.25,completed,0.4441
O500025,C100011,2024-06-29,retail_partner,footwear,1,32.5,0.0,32.5,19.7,12.8,completed,0.3938
O500183,C100064,2024-06-29,web,accessories,1,81.21,8.12,73.09,37.86,35.23,completed,0.482
O500183,C100064,2024-06-29,web,electronics,3,254.73,114.63,649.56,528.12,121.44,completed,0.187
O500183,C100064,2024-06-29,web,electronics,1,481.84,72.28,409.56,315.85,93.71,completed,0.2288
O501024,C100296,2024-06-29,marketplace,footwear,1,72.39,0.0,72.39,44.24,28.15,completed,0.3889
O501047,C100305,2024-06-29,mobile_app,electronics,2,245.37,0.0,490.74,370.64,120.1,completed,0.2447
O501188,C100362,2024-06-29,web,apparel,1,114.54,0.0,114.54,60.49,54.05,completed,0.4719
O501188,C100362,2024-06-29,web,home,2,82.67,0.0,165.34,105.57,59.77,completed,0.3615
O501458,C100432,2024-06-29,web,accessories,3,39.6,0.0,118.8,58.01,60.79,completed,0.5117
O501790,C100507,2024-06-29,marketplace,electronics,1,160.91,32.18,128.73,102.61,26.12,completed,0.2029
O501883,C100535,2024-06-29,web,home,1,153.65,0.0,153.65,99.13,54.52,completed,0.3548
O502603,C100744,2024-06-29,web,home,2,122.3,0.0,244.6,156.22,88.38,completed,0.3613
O502603,C100744,2024-06-29,web,apparel,2,88.86,0.0,177.72,95.62,82.1,completed,0.462
O503040,C100849,2024-06-29,marketplace,home,3,100.78,0.0,302.34,192.28,110.06,completed,0.364
O500184,C100064,2024-06-30,web,beauty,1,59.37,11.87,47.5,23.21,24.29,completed,0.5114
O501255,C100385,2024-06-30,marketplace,home,3,70.64,0.0,211.92,139.68,72.24,completed,0.3409
O502466,C100703,2024-06-30,web,accessories,3,45.34,20.4,115.62,58.59,57.03,completed,0.4933
O502466,C100703,2024-06-30,web,footwear,2,85.09,17.02,153.16,93.48,59.68,completed,0.3897
O502466,C100703,2024-06-30,web,electronics,2,164.25,0.0,328.5,243.82,84.68,completed,0.2578
O502573,C100733,2024-06-30,marketplace,electronics,3,228.52,0.0,685.56,543.27,142.29,completed,0.2076
O502573,C100733,2024-06-30,marketplace,home,2,100.94,0.0,201.88,139.87,62.01,completed,0.3072
O502573,C100733,2024-06-30,marketplace,accessories,3,36.44,21.86,87.46,47.82,39.64,completed,0.4532
O502750,C100785,2024-06-30,mobile_app,accessories,3,64.36,28.96,164.12,81.88,82.24,completed,0.5011
O502750,C100785,2024-06-30,mobile_app,footwear,2,159.75,0.0,319.5,192.8,126.7,completed,0.3966
O502906,C100819,2024-06-30,mobile_app,apparel,1,62.09,6.21,55.88,30.82,25.06,completed,0.4485
O503051,C100851,2024-06-30,web,footwear,2,87.53,26.26,148.8,89.13,59.67,completed,0.401
O503051,C100851,2024-06-30,web,beauty,1,25.0,0.0,25.0,12.98,12.02,completed,0.4808
O503209,C100896,2024-06-30,web,home,2,72.87,21.86,123.88,81.97,41.91,completed,0.3383
O503209,C100896,2024-06-30,web,footwear,2,93.26,27.98,158.54,98.8,59.74,completed,0.3768
O500942,C100275,2024-07-01,retail_partner,accessories,3,70.94,10.64,202.18,102.0,100.18,completed,0.4955
O501095,C100329,2024-07-01,marketplace,apparel,1,45.14,0.0,45.14,23.85,21.29,completed,0.4716
O501095,C100329,2024-07-01,marketplace,home,1,57.63,11.53,46.1,27.83,18.27,completed,0.3963
O501635,C100474,2024-07-01,mobile_app,home,1,88.32,4.42,83.9,56.41,27.49,completed,0.3277
O501635,C100474,2024-07-01,mobile_app,accessories,3,69.11,41.47,165.86,84.62,81.24,completed,0.4898
O501635,C100474,2024-07-01,mobile_app,accessories,1,51.46,0.0,51.46,22.54,28.92,completed,0.562
O502624,C100750,2024-07-01,mobile_app,footwear,2,192.19,19.22,365.16,233.96,131.2,completed,0.3593
O502624,C100750,2024-07-01,mobile_app,home,3,65.8,9.87,187.53,120.72,66.81,completed,0.3563
O502624,C100750,2024-07-01,mobile_app,apparel,1,86.95,8.7,78.25,41.73,36.52,completed,0.4667
O500153,C100057,2024-07-02,web,apparel,1,74.9,0.0,74.9,40.5,34.4,completed,0.4593
O500153,C100057,2024-07-02,web,home,2,60.78,24.31,97.25,61.29,35.96,completed,0.3698
O500153,C100057,2024-07-02,web,electronics,2,196.26,0.0,392.52,277.62,114.9,completed,0.2927
O500216,C100067,2024-07-02,web,electronics,2,261.35,26.14,496.56,411.88,84.68,completed,0.1705
O500552,C100174,2024-07-02,web,apparel,3,44.22,26.53,106.13,56.27,49.86,completed,0.4698
O500552,C100174,2024-07-02,web,home,1,66.61,0.0,66.61,37.98,28.63,completed,0.4298
O500720,C100218,2024-07-02,retail_partner,beauty,1,9.55,0.0,9.55,4.51,5.04,completed,0.5277
O500720,C100218,2024-07-02,retail_partner,electronics,2,184.57,18.46,350.68,297.56,53.12,completed,0.1515
O500720,C100218,2024-07-02,retail_partner,apparel,1,43.75,4.38,39.37,24.12,15.25,completed,0.3874
O500893,C100268,2024-07-02,web,electronics,2,177.04,53.11,300.97,226.61,74.36,completed,0.2471
O500893,C100268,2024-07-02,web,electronics,1,229.55,34.43,195.12,160.63,34.49,completed,0.1768
O501957,C100549,2024-07-02,marketplace,footwear,1,141.57,7.08,134.49,72.67,61.82,completed,0.4597
O501957,C100549,2024-07-02,marketplace,apparel,2,81.32,0.0,162.64,90.73,71.91,completed,0.4421
O501957,C100549,2024-07-02,marketplace,accessories,3,80.24,24.07,216.65,105.32,111.33,completed,0.5139
O501980,C100557,2024-07-02,web,home,2,73.66,0.0,147.32,96.17,51.15,completed,0.3472
O501980,C100557,2024-07-02,web,accessories,1,31.88,0.0,31.88,15.73,16.15,completed,0.5066
O501980,C100557,2024-07-02,web,home,3,51.14,0.0,153.42,92.69,60.73,completed,0.3958
O500813,C100246,2024-07-03,marketplace,electronics,2,334.11,0.0,668.22,545.78,122.44,completed,0.1832
O500813,C100246,2024-07-03,marketplace,footwear,1,158.64,31.73,126.91,70.97,55.94,completed,0.4408
O501059,C100313,2024-07-03,web,beauty,3,24.99,0.0,74.97,33.09,41.88,completed,0.5586
O501059,C100313,2024-07-03,web,accessories,1,25.19,2.52,22.67,11.42,11.25,completed,0.4963
O501059,C100313,2024-07-03,web,home,3,52.46,31.48,125.9,83.72,42.18,completed,0.335
O501359,C100411,2024-07-03,web,footwear,1,59.91,0.0,59.91,36.64,23.27,completed,0.3884
O501359,C100411,2024-07-03,web,beauty,2,28.84,8.65,49.03,22.28,26.75,completed,0.5456
O501359,C100411,2024-07-03,web,home,1,84.36,0.0,84.36,53.55,30.81,completed,0.3652
O501497,C100441,2024-07-03,mobile_app,home,3,97.01,0.0,291.03,178.11,112.92,completed,0.388
O501497,C100441,2024-07-03,mobile_app,beauty,2,39.25,0.0,78.5,38.3,40.2,completed,0.5121
O501497,C100441,2024-07-03,mobile_app,electronics,2,308.8,61.76,555.84,450.97,104.87,completed,0.1887
O502491,C100711,2024-07-03,web,beauty,2,25.46,2.55,48.37,26.01,22.36,completed,0.4623
O502491,C100711,2024-07-03,web,apparel,3,39.55,5.93,112.72,61.96,50.76,completed,0.4503
O502967,C100831,2024-07-03,marketplace,footwear,1,72.91,7.29,65.62,39.42,26.2,completed,0.3993
O500413,C100137,2024-07-04,mobile_app,electronics,1,137.48,0.0,137.48,114.01,23.47,completed,0.1707
O500417,C100139,2024-07-04,mobile_app,beauty,2,31.98,0.0,63.96,31.6,32.36,completed,0.5059
O500417,C100139,2024-07-04,mobile_app,electronics,1,196.16,9.81,186.35,138.91,47.44,completed,0.2546
O500854,C100252,2024-07-04,marketplace,home,2,51.36,0.0,102.72,68.49,34.23,completed,0.3332
O500866,C100258,2024-07-04,mobile_app,apparel,3,44.0,0.0,132.0,75.92,56.08,completed,0.4248
O500866,C100258,2024-07-04,mobile_app,apparel,2,46.93,14.08,79.78,45.47,34.31,completed,0.4301
O500866,C100258,2024-07-04,mobile_app,accessories,3,39.37,5.91,112.2,54.62,57.58,completed,0.5132
O501734,C100496,2024-07-04,mobile_app,beauty,1,29.09,2.91,26.18,12.77,13.41,completed,0.5122
O501734,C100496,2024-07-04,mobile_app,home,1,56.0,0.0,56.0,36.52,19.48,completed,0.3479
O501958,C100549,2024-07-04,web,accessories,2,72.95,14.59,131.31,63.59,67.72,completed,0.5157
O501958,C100549,2024-07-04,web,apparel,2,96.93,0.0,193.86,108.31,85.55,completed,0.4413
O501958,C100549,2024-07-04,web,electronics,2,437.62,0.0,875.24,736.61,138.63,completed,0.1584
O502742,C100783,2024-07-04,mobile_app,accessories,2,23.78,4.76,42.8,21.85,20.95,completed,0.4895
O502742,C100783,2024-07-04,mobile_app,accessories,2,26.11,0.0,52.22,25.16,27.06,completed,0.5182
O503052,C100851,2024-07-04,marketplace,home,1,95.12,0.0,95.12,57.58,37.54,completed,0.3947
O503052,C100851,2024-07-04,marketplace,footwear,2,134.73,0.0,269.46,175.03,94.43,completed,0.3504
O500623,C100190,2024-07-05,mobile_app,beauty,2,11.96,4.78,19.14,9.05,10.09,completed,0.5272
O501002,C100289,2024-07-05,mobile_app,beauty,2,35.13,0.0,70.26,30.85,39.41,completed,0.5609
O501002,C100289,2024-07-05,mobile_app,apparel,1,27.37,0.0,27.37,15.65,11.72,completed,0.4282
O501002,C100289,2024-07-05,mobile_app,beauty,3,38.31,22.99,91.94,42.89,49.05,completed,0.5335
O501036,C100301,2024-07-05,web,footwear,1,55.76,0.0,55.76,35.09,20.67,completed,0.3707
O501036,C100301,2024-07-05,web,beauty,2,26.17,0.0,52.34,25.1,27.24,completed,0.5204
O501036,C100301,2024-07-05,web,footwear,3,64.79,0.0,194.37,108.43,85.94,completed,0.4421
O501286,C100393,2024-07-05,retail_partner,electronics,2,334.59,0.0,669.18,514.33,154.85,completed,0.2314
O501286,C100393,2024-07-05,retail_partner,beauty,1,24.7,1.24,23.46,11.01,12.45,completed,0.5307
O501286,C100393,2024-07-05,retail_partner,apparel,2,70.62,21.19,120.05,64.75,55.3,completed,0.4606
O501410,C100425,2024-07-05,mobile_app,accessories,2,38.84,3.88,73.8,38.04,35.76,completed,0.4846
O501959,C100549,2024-07-05,web,apparel,2,82.88,0.0,165.76,95.43,70.33,completed,0.4243
O501959,C100549,2024-07-05,web,accessories,1,66.03,13.21,52.82,24.63,28.19,completed,0.5337
O501959,C100549,2024-07-05,web,footwear,1,110.01,0.0,110.01,71.27,38.74,completed,0.3521
O501987,C100561,2024-07-05,marketplace,accessories,1,27.56,1.38,26.18,12.35,13.83,completed,0.5283
O501987,C100561,2024-07-05,marketplace,footwear,1,75.09,3.75,71.34,44.23,27.11,completed,0.38
O501987,C100561,2024-07-05,marketplace,apparel,1,35.16,0.0,35.16,19.08,16.08,completed,0.4573
O502899,C100818,2024-07-05,web,footwear,1,63.07,12.61,50.46,28.2,22.26,completed,0.4411
O500505,C100160,2024-07-06,web,home,1,115.24,0.0,115.24,70.86,44.38,completed,0.3851
O500873,C100261,2024-07-06,retail_partner,accessories,1,55.43,8.31,47.12,21.39,25.73,completed,0.5461
O500873,C100261,2024-07-06,retail_partner,beauty,1,35.66,0.0,35.66,16.95,18.71,completed,0.5247
O501154,C100356,2024-07-06,retail_partner,footwear,2,95.98,0.0,191.96,110.96,81.0,completed,0.422
O501154,C100356,2024-07-06,retail_partner,accessories,1,44.94,0.0,44.94,21.89,23.05,completed,0.5129
O501154,C100356,2024-07-06,retail_partner,footwear,1,104.56,20.91,83.65,50.89,32.76,completed,0.3916
O500134,C100051,2024-07-07,mobile_app,apparel,3,102.92,0.0,308.76,162.54,146.22,completed,0.4736
O500538,C100170,2024-07-07,retail_partner,apparel,2,47.91,0.0,95.82,54.42,41.4,completed,0.4321
O500538,C100170,2024-07-07,retail_partner,apparel,1,68.15,13.63,54.52,29.83,24.69,completed,0.4529
O500538,C100170,2024-07-07,retail_partner,electronics,1,210.27,10.51,199.76,153.87,45.89,completed,0.2297
O501189,C100362,2024-07-07,mobile_app,apparel,2,95.05,0.0,190.1,111.66,78.44,completed,0.4126
O501189,C100362,2024-07-07,mobile_app,apparel,3,79.09,23.73,213.54,114.1,99.44,completed,0.4657
O501565,C100454,2024-07-07,mobile_app,accessories,1,73.1,0.0,73.1,36.5,36.6,completed,0.5007
O501573,C100456,2024-07-07,mobile_app,electronics,3,163.03,0.0,489.09,433.36,55.73,completed,0.1139
O501573,C100456,2024-07-07,mobile_app,electronics,3,139.69,0.0,419.07,321.93,97.14,completed,0.2318
O501573,C100456,2024-07-07,mobile_app,accessories,1,40.07,0.0,40.07,19.69,20.38,completed,0.5086
O501686,C100481,2024-07-07,marketplace,electronics,3,392.46,58.87,1118.51,998.31,120.2,completed,0.1075
O502713,C100776,2024-07-07,web,footwear,1,82.71,4.14,78.57,42.04,36.53,completed,0.4649
O500569,C100177,2024-07-08,marketplace,beauty,3,31.37,4.71,89.4,43.39,46.01,completed,0.5147
O501824,C100513,2024-07-08,mobile_app,electronics,1,275.12,27.51,247.61,203.59,44.02,completed,0.1778
O502278,C100641,2024-07-08,web,beauty,1,35.94,1.8,34.14,17.36,16.78,completed,0.4915
O502278,C100641,2024-07-08,web,home,3,127.09,0.0,381.27,226.92,154.35,completed,0.4048
O502768,C100789,2024-07-08,marketplace,apparel,3,42.89,6.43,122.24,63.46,58.78,completed,0.4809
O501190,C100362,2024-07-09,marketplace,footwear,2,80.6,0.0,161.2,96.86,64.34,completed,0.3991
O501401,C100424,2024-07-09,mobile_app,accessories,3,81.62,0.0,244.86,117.75,127.11,completed,0.5191
O501401,C100424,2024-07-09,mobile_app,accessories,2,86.56,34.62,138.5,69.08,69.42,completed,0.5012
O501472,C100436,2024-07-09,web,footwear,2,143.41,0.0,286.82,164.22,122.6,completed,0.4274
O501472,C100436,2024-07-09,web,accessories,3,70.39,0.0,211.17,104.6,106.57,completed,0.5047
O501472,C100436,2024-07-09,web,electronics,3,310.9,46.63,886.07,706.14,179.93,completed,0.2031
O502576,C100735,2024-07-09,web,apparel,1,37.7,3.77,33.93,19.65,14.28,completed,0.4209
O502576,C100735,2024-07-09,web,apparel,2,27.56,0.0,55.12,29.15,25.97,completed,0.4712
O500157,C100059,2024-07-10,mobile_app,footwear,2,84.42,8.44,160.4,95.4,65.0,completed,0.4052
O500157,C100059,2024-07-10,mobile_app,home,3,99.14,0.0,297.42,192.36,105.06,completed,0.3532
O500185,C100064,2024-07-10,mobile_app,accessories,3,62.36,0.0,187.08,95.13,91.95,completed,0.4915
O500443,C100145,2024-07-10,web,home,2,89.06,17.81,160.31,99.13,61.18,completed,0.3816
O501220,C100369,2024-07-10,web,apparel,3,37.62,11.29,101.57,56.41,45.16,completed,0.4446
O501220,C100369,2024-07-10,web,apparel,3,47.69,0.0,143.07,75.86,67.21,completed,0.4698
O501262,C100388,2024-07-10,web,home,1,113.13,0.0,113.13,71.03,42.1,completed,0.3721
O501575,C100457,2024-07-10,marketplace,beauty,2,44.45,0.0,88.9,43.38,45.52,completed,0.512
O501575,C100457,2024-07-10,marketplace,electronics,2,262.2,52.44,471.96,395.8,76.16,completed,0.1614
O501575,C100457,2024-07-10,marketplace,apparel,3,63.61,0.0,190.83,115.92,74.91,completed,0.3925
O501594,C100463,2024-07-10,mobile_app,electronics,2,233.83,93.53,374.13,298.51,75.62,completed,0.2021
O503191,C100889,2024-07-10,mobile_app,footwear,3,83.34,50.0,200.02,109.3,90.72,completed,0.4536
O503191,C100889,2024-07-10,mobile_app,electronics,3,152.62,91.57,366.29,293.87,72.42,completed,0.1977
O503191,C100889,2024-07-10,mobile_app,apparel,2,55.12,16.54,93.7,49.96,43.74,completed,0.4668
O500012,C100003,2024-07-11,retail_partner,home,2,111.84,0.0,223.68,148.56,75.12,completed,0.3358
O500012,C100003,2024-07-11,retail_partner,accessories,1,52.18,0.0,52.18,25.49,26.69,completed,0.5115
O500012,C100003,2024-07-11,retail_partner,home,2,44.66,0.0,89.32,56.12,33.2,completed,0.3717
O500539,C100170,2024-07-11,web,beauty,2,28.58,0.0,57.16,27.6,29.56,completed,0.5171
O501664,C100478,2024-07-11,mobile_app,electronics,1,453.26,0.0,453.26,413.99,39.27,completed,0.0866
O501664,C100478,2024-07-11,mobile_app,accessories,1,66.43,3.32,63.11,30.68,32.43,completed,0.5139
O501664,C100478,2024-07-11,mobile_app,footwear,2,125.48,0.0,250.96,148.77,102.19,completed,0.4072
O501830,C100514,2024-07-11,web,footwear,2,88.79,17.76,159.82,89.83,69.99,completed,0.4379
O501830,C100514,2024-07-11,web,apparel,1,73.78,0.0,73.78,39.26,34.52,completed,0.4679
O501830,C100514,2024-07-11,web,apparel,2,69.72,0.0,139.44,72.42,67.02,completed,0.4806
O502467,C100703,2024-07-11,mobile_app,home,2,72.55,29.02,116.08,71.44,44.64,completed,0.3846
O502467,C100703,2024-07-11,mobile_app,footwear,2,140.8,42.24,239.36,152.3,87.06,completed,0.3637
O502612,C100746,2024-07-11,mobile_app,beauty,2,40.25,16.1,64.4,30.99,33.41,completed,0.5188
O502612,C100746,2024-07-11,mobile_app,footwear,3,99.39,0.0,298.17,162.9,135.27,completed,0.4537
O502612,C100746,2024-07-11,mobile_app,electronics,2,230.28,0.0,460.56,383.59,76.97,completed,0.1671
O500878,C100262,2024-07-12,marketplace,beauty,2,63.17,0.0,126.34,59.56,66.78,completed,0.5286
O500878,C100262,2024-07-12,marketplace,beauty,2,44.84,0.0,89.68,40.84,48.84,completed,0.5446
O500878,C100262,2024-07-12,marketplace,electronics,2,218.84,65.65,372.03,309.56,62.47,completed,0.1679
O502240,C100634,2024-07-12,web,apparel,1,89.65,13.45,76.2,43.53,32.67,completed,0.4287
O502240,C100634,2024-07-12,web,electronics,3,476.74,143.02,1287.2,1068.31,218.89,completed,0.1701
O502240,C100634,2024-07-12,web,home,3,157.79,94.67,378.7,215.22,163.48,completed,0.4317
O502255,C100639,2024-07-12,mobile_app,apparel,1,82.44,0.0,82.44,48.04,34.4,completed,0.4173
O502255,C100639,2024-07-12,mobile_app,home,2,143.04,28.61,257.47,150.19,107.28,completed,0.4167
O500096,C100043,2024-07-13,web,apparel,3,91.4,0.0,274.2,160.54,113.66,completed,0.4145
O500096,C100043,2024-07-13,web,electronics,1,365.91,0.0,365.91,294.48,71.43,completed,0.1952
O500311,C100101,2024-07-13,web,beauty,1,15.75,0.0,15.75,7.65,8.1,completed,0.5143
O500311,C100101,2024-07-13,web,home,2,43.87,4.39,83.35,56.29,27.06,completed,0.3247
O500311,C100101,2024-07-13,web,electronics,2,182.51,0.0,365.02,284.55,80.47,completed,0.2205
O502212,C100629,2024-07-13,web,footwear,2,59.46,0.0,118.92,72.91,46.01,completed,0.3869
O502212,C100629,2024-07-13,web,accessories,1,28.3,0.0,28.3,14.76,13.54,completed,0.4784
O502212,C100629,2024-07-13,web,apparel,1,57.17,0.0,57.17,30.77,26.4,completed,0.4618
O502470,C100704,2024-07-13,web,accessories,3,31.1,9.33,83.97,40.96,43.01,completed,0.5122
O502470,C100704,2024-07-13,web,home,3,113.6,0.0,340.8,201.95,138.85,completed,0.4074
O502470,C100704,2024-07-13,web,accessories,2,47.82,14.35,81.29,43.67,37.62,completed,0.4628
O502751,C100785,2024-07-13,web,beauty,3,64.82,9.72,184.74,87.85,96.89,completed,0.5245
O502751,C100785,2024-07-13,web,apparel,3,85.54,25.66,230.96,124.48,106.48,completed,0.461
O500062,C100028,2024-07-14,web,beauty,3,34.44,20.66,82.66,38.98,43.68,completed,0.5284
O500062,C100028,2024-07-14,web,footwear,1,118.33,5.92,112.41,72.44,39.97,completed,0.3556
O501809,C100509,2024-07-14,web,electronics,3,212.52,0.0,637.56,528.85,108.71,completed,0.1705
O502458,C100702,2024-07-14,marketplace,footwear,3,51.51,0.0,154.53,90.49,64.04,completed,0.4144
O502458,C100702,2024-07-14,marketplace,apparel,2,69.57,20.87,118.27,75.46,42.81,completed,0.362
O500506,C100160,2024-07-15,marketplace,beauty,2,46.12,13.84,78.4,40.01,38.39,completed,0.4897
O500507,C100160,2024-07-15,marketplace,apparel,2,80.81,32.32,129.3,66.7,62.6,completed,0.4841
O500507,C100160,2024-07-15,marketplace,electronics,3,448.96,0.0,1346.88,1041.04,305.84,completed,0.2271
O500809,C100245,2024-07-15,web,home,1,100.24,0.0,100.24,61.33,38.91,completed,0.3882
O500809,C100245,2024-07-15,web,footwear,2,75.29,0.0,150.58,90.94,59.64,completed,0.3961
O501665,C100478,2024-07-15,mobile_app,electronics,3,250.01,37.5,712.53,572.46,140.07,completed,0.1966
O501665,C100478,2024-07-15,mobile_app,electronics,1,375.54,56.33,319.21,278.34,40.87,completed,0.128
O502605,C100745,2024-07-15,web,footwear,3,178.6,26.79,509.01,295.07,213.94,completed,0.4203
O502605,C100745,2024-07-15,web,home,1,128.82,6.44,122.38,70.12,52.26,completed,0.427
O500135,C100051,2024-07-16,web,apparel,2,63.63,19.09,108.17,58.11,50.06,completed,0.4628
O500135,C100051,2024-07-16,web,apparel,2,92.44,0.0,184.88,99.03,85.85,completed,0.4644
O500135,C100051,2024-07-16,web,accessories,3,83.71,37.67,213.46,101.9,111.56,completed,0.5226
O500320,C100106,2024-07-16,mobile_app,beauty,1,19.18,0.0,19.18,9.61,9.57,completed,0.499
O500860,C100254,2024-07-16,web,home,1,90.02,4.5,85.52,55.33,30.19,completed,0.353
O500879,C100262,2024-07-16,retail_partner,home,3,117.26,52.77,299.01,190.99,108.02,completed,0.3613
O501147,C100353,2024-07-16,mobile_app,electronics,2,222.8,44.56,401.04,315.23,85.81,completed,0.214
O501147,C100353,2024-07-16,mobile_app,home,3,116.39,34.92,314.25,196.44,117.81,completed,0.3749
O501191,C100362,2024-07-16,marketplace,apparel,3,91.59,0.0,274.77,137.39,137.38,completed,0.5
O501191,C100362,2024-07-16,marketplace,home,1,103.53,20.71,82.82,53.57,29.25,completed,0.3532
O502054,C100582,2024-07-16,retail_partner,home,2,33.38,0.0,66.76,39.79,26.97,completed,0.404
O503078,C100858,2024-07-16,web,electronics,2,250.04,100.02,400.06,343.64,56.42,completed,0.141
O501589,C100462,2024-07-17,web,apparel,2,110.59,33.18,188.0,106.49,81.51,completed,0.4336
O502198,C100624,2024-07-17,mobile_app,home,3,89.39,0.0,268.17,177.58,90.59,completed,0.3378
O502284,C100642,2024-07-17,mobile_app,apparel,2,51.1,10.22,91.98,50.54,41.44,completed,0.4505
O502284,C100642,2024-07-17,mobile_app,accessories,2,32.86,3.29,62.43,32.0,30.43,completed,0.4874
O502285,C100643,2024-07-17,web,home,3,63.28,18.98,170.86,101.83,69.03,completed,0.404
O502285,C100643,2024-07-17,web,footwear,1,95.14,0.0,95.14,56.94,38.2,completed,0.4015
O502285,C100643,2024-07-17,web,home,3,95.97,28.79,259.12,149.07,110.05,completed,0.4247
O500186,C100064,2024-07-18,marketplace,electronics,3,248.42,0.0,745.26,673.89,71.37,completed,0.0958
O500444,C100145,2024-07-18,web,accessories,3,24.7,11.11,62.99,29.91,33.08,completed,0.5252
O500444,C100145,2024-07-18,web,accessories,1,69.01,0.0,69.01,35.21,33.8,completed,0.4898
O501141,C100352,2024-07-18,web,home,3,50.64,30.38,121.54,74.41,47.13,completed,0.3878
O501141,C100352,2024-07-18,web,footwear,2,78.73,0.0,157.46,101.77,55.69,completed,0.3537
O502187,C100620,2024-07-18,web,apparel,3,65.26,0.0,195.78,105.4,90.38,completed,0.4616
O502187,C100620,2024-07-18,web,apparel,2,69.03,27.61,110.45,60.85,49.6,completed,0.4491
O502202,C100625,2024-07-18,retail_partner,apparel,3,36.41,10.92,98.31,57.75,40.56,completed,0.4126
O502202,C100625,2024-07-18,retail_partner,electronics,2,257.38,25.74,489.02,443.8,45.22,completed,0.0925
O500296,C100095,2024-07-19,mobile_app,apparel,2,89.31,0.0,178.62,102.4,76.22,completed,0.4267
O500540,C100170,2024-07-19,marketplace,footwear,1,111.62,0.0,111.62,66.22,45.4,completed,0.4067
O502303,C100649,2024-07-19,retail_partner,electronics,3,348.87,52.33,994.28,851.03,143.25,completed,0.1441
O502303,C100649,2024-07-19,retail_partner,footwear,3,198.6,0.0,595.8,339.18,256.62,completed,0.4307
O500338,C100111,2024-07-20,marketplace,footwear,2,163.76,0.0,327.52,187.34,140.18,completed,0.428
O500369,C100122,2024-07-20,marketplace,electronics,1,174.27,26.14,148.13,116.82,31.31,completed,0.2114
O500369,C100122,2024-07-20,marketplace,accessories,3,62.53,0.0,187.59,89.59,98.0,completed,0.5224
O500369,C100122,2024-07-20,marketplace,apparel,2,84.37,0.0,168.74,93.28,75.46,completed,0.4472
O500741,C100226,2024-07-20,mobile_app,home,1,88.76,4.44,84.32,50.77,33.55,completed,0.3979
O500874,C100261,2024-07-20,mobile_app,beauty,1,39.07,0.0,39.07,17.98,21.09,completed,0.5398
O500874,C100261,2024-07-20,mobile_app,accessories,3,36.99,0.0,110.97,56.57,54.4,completed,0.4902
O500874,C100261,2024-07-20,mobile_app,home,3,89.02,0.0,267.06,147.27,119.79,completed,0.4486
O500886,C100264,2024-07-20,marketplace,footwear,3,75.11,0.0,225.33,123.43,101.9,completed,0.4522
O500886,C100264,2024-07-20,marketplace,apparel,1,34.68,6.94,27.74,15.09,12.65,completed,0.456
O501172,C100359,2024-07-20,mobile_app,beauty,2,44.62,4.46,84.78,41.93,42.85,completed,0.5054
O501172,C100359,2024-07-20,mobile_app,electronics,1,322.14,0.0,322.14,261.9,60.24,completed,0.187
O501240,C100379,2024-07-20,mobile_app,home,2,76.64,7.66,145.62,81.39,64.23,completed,0.4411
O501240,C100379,2024-07-20,mobile_app,beauty,3,22.37,13.42,53.69,26.25,27.44,completed,0.5111
O501240,C100379,2024-07-20,mobile_app,apparel,2,42.8,17.12,68.48,39.67,28.81,completed,0.4207
O501260,C100387,2024-07-20,retail_partner,beauty,2,25.4,0.0,50.8,25.13,25.67,completed,0.5053
O501260,C100387,2024-07-20,retail_partner,apparel,1,50.56,2.53,48.03,28.4,19.63,completed,0.4087
O501260,C100387,2024-07-20,retail_partner,beauty,2,28.66,0.0,57.32,28.19,29.13,completed,0.5082
O501326,C100403,2024-07-20,marketplace,electronics,3,264.23,0.0,792.69,625.96,166.73,completed,0.2103
O501326,C100403,2024-07-20,marketplace,electronics,1,191.62,28.74,162.88,141.22,21.66,completed,0.133
O501326,C100403,2024-07-20,marketplace,beauty,2,35.54,10.66,60.42,28.8,31.62,completed,0.5233
O501548,C100453,2024-07-20,mobile_app,beauty,1,63.57,6.36,57.21,30.45,26.76,completed,0.4678
O501548,C100453,2024-07-20,mobile_app,footwear,3,165.77,24.87,472.44,272.8,199.64,completed,0.4226
O501960,C100549,2024-07-20,mobile_app,home,3,138.07,82.84,331.37,210.02,121.35,completed,0.3662
O500143,C100054,2024-07-21,retail_partner,electronics,1,202.2,30.33,171.87,143.33,28.54,completed,0.1661
O500187,C100064,2024-07-21,web,footwear,2,162.33,64.93,259.73,147.86,111.87,completed,0.4307
O500187,C100064,2024-07-21,web,home,3,105.48,0.0,316.44,190.83,125.61,completed,0.3969
O501116,C100339,2024-07-21,web,accessories,1,41.59,0.0,41.59,22.3,19.29,completed,0.4638
O501574,C100456,2024-07-21,mobile_app,footwear,1,82.47,8.25,74.22,43.73,30.49,completed,0.4108
O501879,C100533,2024-07-21,mobile_app,beauty,3,38.14,0.0,114.42,55.03,59.39,completed,0.5191
O501879,C100533,2024-07-21,mobile_app,apparel,3,71.73,0.0,215.19,122.21,92.98,completed,0.4321
O501879,C100533,2024-07-21,mobile_app,beauty,3,35.2,0.0,105.6,45.38,60.22,completed,0.5703
O502113,C100602,2024-07-21,web,accessories,2,25.11,2.51,47.71,24.75,22.96,completed,0.4812
O502113,C100602,2024-07-21,web,footwear,2,74.48,7.45,141.51,82.11,59.4,completed,0.4198
O502406,C100682,2024-07-21,retail_partner,home,3,81.39,24.42,219.75,138.01,81.74,completed,0.372
O503026,C100847,2024-07-21,mobile_app,footwear,3,206.24,0.0,618.72,373.2,245.52,completed,0.3968
O503026,C100847,2024-07-21,mobile_app,footwear,2,155.45,0.0,310.9,197.17,113.73,completed,0.3658
O500843,C100250,2024-07-22,web,footwear,3,157.37,0.0,472.11,286.56,185.55,completed,0.393
O500843,C100250,2024-07-22,web,home,1,156.24,15.62,140.62,89.11,51.51,completed,0.3663
O501000,C100288,2024-07-22,marketplace,electronics,3,115.61,0.0,346.83,294.11,52.72,completed,0.152
O501000,C100288,2024-07-22,marketplace,electronics,1,223.06,22.31,200.75,161.42,39.33,completed,0.1959
O501001,C100288,2024-07-22,mobile_app,home,1,99.89,0.0,99.89,63.16,36.73,completed,0.3677
O501001,C100288,2024-07-22,mobile_app,home,3,74.41,44.65,178.58,109.47,69.11,completed,0.387
O502407,C100682,2024-07-22,web,beauty,1,33.03,0.0,33.03,16.32,16.71,completed,0.5059
O502407,C100682,2024-07-22,web,accessories,1,34.36,0.0,34.36,17.76,16.6,completed,0.4831
O502734,C100781,2024-07-22,web,apparel,2,57.52,0.0,115.04,61.66,53.38,completed,0.464
O502734,C100781,2024-07-22,web,beauty,3,34.49,10.35,93.12,45.74,47.38,completed,0.5088
O500405,C100134,2024-07-23,marketplace,home,3,48.73,14.62,131.57,89.4,42.17,completed,0.3205
O501439,C100427,2024-07-23,web,home,3,104.95,31.49,283.36,166.98,116.38,completed,0.4107
O501439,C100427,2024-07-23,web,apparel,1,98.44,9.84,88.6,46.12,42.48,completed,0.4795
O501439,C100427,2024-07-23,web,accessories,1,90.62,4.53,86.09,47.29,38.8,completed,0.4507
O502256,C100639,2024-07-23,web,home,2,120.65,0.0,241.3,153.68,87.62,completed,0.3631
O502391,C100677,2024-07-23,retail_partner,home,3,135.92,20.39,387.37,255.98,131.39,completed,0.3392
O502391,C100677,2024-07-23,retail_partner,footwear,2,108.19,0.0,216.38,133.44,82.94,completed,0.3833
O502391,C100677,2024-07-23,retail_partner,electronics,3,200.5,0.0,601.5,502.14,99.36,completed,0.1652
O502938,C100826,2024-07-23,web,electronics,1,169.09,16.91,152.18,130.18,22.0,completed,0.1446
O502938,C100826,2024-07-23,web,apparel,3,55.13,0.0,165.39,91.49,73.9,completed,0.4468
O502938,C100826,2024-07-23,web,footwear,2,89.11,26.73,151.49,86.23,65.26,completed,0.4308
O502991,C100839,2024-07-23,web,electronics,3,150.71,22.61,429.52,368.43,61.09,completed,0.1422
O502991,C100839,2024-07-23,web,apparel,1,48.34,7.25,41.09,22.57,18.52,completed,0.4507
O503195,C100891,2024-07-23,marketplace,accessories,2,39.64,3.96,75.32,34.81,40.51,completed,0.5378
O503195,C100891,2024-07-23,marketplace,home,1,58.78,5.88,52.9,35.55,17.35,completed,0.328
O500814,C100246,2024-07-24,web,beauty,2,28.46,2.85,54.07,25.73,28.34,completed,0.5241
O500814,C100246,2024-07-24,web,accessories,1,70.15,3.51,66.64,37.24,29.4,completed,0.4412
O500814,C100246,2024-07-24,web,apparel,3,73.19,0.0,219.57,116.97,102.6,completed,0.4673
O501042,C100304,2024-07-24,web,beauty,3,33.27,19.96,79.85,38.19,41.66,completed,0.5217
O501042,C100304,2024-07-24,web,footwear,3,67.58,30.41,172.33,99.62,72.71,completed,0.4219
O501369,C100416,2024-07-24,web,electronics,2,190.37,0.0,380.74,297.74,83.0,completed,0.218
O501369,C100416,2024-07-24,web,apparel,2,45.94,18.38,73.5,42.41,31.09,completed,0.423
O501636,C100474,2024-07-24,retail_partner,footwear,1,143.24,7.16,136.08,77.74,58.34,completed,0.4287
O501636,C100474,2024-07-24,retail_partner,apparel,3,96.5,0.0,289.5,139.11,150.39,completed,0.5195
O501884,C100535,2024-07-24,retail_partner,accessories,1,82.75,4.14,78.61,38.02,40.59,completed,0.5163
O501970,C100553,2024-07-24,mobile_app,home,2,69.57,0.0,139.14,91.97,47.17,completed,0.339
O501970,C100553,2024-07-24,mobile_app,accessories,1,45.38,2.27,43.11,23.2,19.91,completed,0.4618
O501970,C100553,2024-07-24,mobile_app,footwear,3,72.43,0.0,217.29,114.65,102.64,completed,0.4724
O503041,C100849,2024-07-24,mobile_app,accessories,2,49.39,4.94,93.84,49.15,44.69,completed,0.4762
O503041,C100849,2024-07-24,mobile_app,apparel,2,69.29,20.79,117.79,62.91,54.88,completed,0.4659
O500682,C100202,2024-07-25,mobile_app,apparel,3,73.95,22.19,199.66,110.79,88.87,completed,0.4451
O500888,C100265,2024-07-25,web,home,2,79.07,0.0,158.14,99.68,58.46,completed,0.3697
O500909,C100271,2024-07-25,mobile_app,apparel,3,84.18,50.51,202.03,114.21,87.82,completed,0.4347
O500909,C100271,2024-07-25,mobile_app,footwear,1,169.96,17.0,152.96,93.88,59.08,completed,0.3862
O501327,C100403,2024-07-25,marketplace,beauty,2,57.05,22.82,91.28,45.12,46.16,completed,0.5057
O501370,C100416,2024-07-25,web,footwear,1,128.39,19.26,109.13,70.69,38.44,completed,0.3522
O501907,C100540,2024-07-25,marketplace,home,3,119.74,71.84,287.38,165.2,122.18,completed,0.4252
O501907,C100540,2024-07-25,marketplace,beauty,2,55.93,0.0,111.86,52.96,58.9,completed,0.5266
O501907,C100540,2024-07-25,marketplace,accessories,2,80.45,0.0,160.9,80.41,80.49,completed,0.5002
O502546,C100725,2024-07-25,mobile_app,home,2,57.81,11.56,104.06,62.09,41.97,completed,0.4033
O502900,C100818,2024-07-25,mobile_app,apparel,3,53.08,31.85,127.39,77.2,50.19,completed,0.394
O500580,C100179,2024-07-26,marketplace,accessories,3,65.34,19.6,176.42,90.66,85.76,completed,0.4861
O500580,C100179,2024-07-26,marketplace,accessories,2,63.45,0.0,126.9,61.54,65.36,completed,0.5151
O500580,C100179,2024-07-26,marketplace,home,2,180.45,18.04,342.86,217.59,125.27,completed,0.3654
O500844,C100250,2024-07-26,web,apparel,3,53.41,0.0,160.23,87.26,72.97,completed,0.4554
O500880,C100262,2024-07-26,web,accessories,2,60.54,0.0,121.08,57.91,63.17,completed,0.5217
O500914,C100272,2024-07-26,marketplace,footwear,3,74.95,11.24,213.61,132.14,81.47,completed,0.3814
O500914,C100272,2024-07-26,marketplace,beauty,3,19.85,11.91,47.64,21.39,26.25,completed,0.551
O500914,C100272,2024-07-26,marketplace,accessories,3,47.0,0.0,141.0,73.2,67.8,completed,0.4809
O501222,C100370,2024-07-26,mobile_app,footwear,1,58.18,0.0,58.18,35.33,22.85,completed,0.3927
O501222,C100370,2024-07-26,mobile_app,apparel,1,34.39,0.0,34.39,17.24,17.15,completed,0.4987
O501473,C100436,2024-07-26,web,electronics,2,471.78,0.0,943.56,820.6,122.96,completed,0.1303
O501473,C100436,2024-07-26,web,accessories,1,80.86,0.0,80.86,39.44,41.42,completed,0.5122
O501473,C100436,2024-07-26,web,footwear,2,130.06,0.0,260.12,144.6,115.52,completed,0.4441
O502907,C100819,2024-07-26,web,beauty,2,39.66,0.0,79.32,38.08,41.24,completed,0.5199
O500263,C100080,2024-07-27,marketplace,electronics,1,208.41,31.26,177.15,138.3,38.85,completed,0.2193
O500263,C100080,2024-07-27,marketplace,electronics,1,97.1,4.86,92.24,78.65,13.59,completed,0.1473
O500263,C100080,2024-07-27,marketplace,beauty,1,29.11,4.37,24.74,11.45,13.29,completed,0.5372
O501107,C100337,2024-07-27,marketplace,home,2,94.0,28.2,159.8,92.04,67.76,completed,0.424
O501107,C100337,2024-07-27,marketplace,electronics,1,263.96,26.4,237.56,199.4,38.16,completed,0.1606
O501107,C100337,2024-07-27,marketplace,apparel,3,38.25,5.74,109.01,56.4,52.61,completed,0.4826
O501280,C100391,2024-07-27,marketplace,accessories,2,26.62,10.65,42.59,21.82,20.77,completed,0.4877
O501280,C100391,2024-07-27,marketplace,footwear,3,92.56,27.77,249.91,148.98,100.93,completed,0.4039
O501280,C100391,2024-07-27,marketplace,electronics,3,210.55,0.0,631.65,553.91,77.74,completed,0.1231
O501782,C100506,2024-07-27,marketplace,footwear,3,145.06,87.04,348.14,213.27,134.87,completed,0.3874
O501782,C100506,2024-07-27,marketplace,electronics,2,443.01,177.2,708.82,587.83,120.99,completed,0.1707
O501782,C100506,2024-07-27,marketplace,accessories,3,60.89,9.13,173.54,87.39,86.15,completed,0.4964
O502005,C100570,2024-07-27,marketplace,beauty,2,37.93,11.38,64.48,30.21,34.27,completed,0.5315
O502245,C100635,2024-07-27,web,electronics,2,177.04,70.82,283.26,232.02,51.24,completed,0.1809
O502246,C100636,2024-07-27,retail_partner,beauty,2,44.37,0.0,88.74,40.19,48.55,completed,0.5471
O502246,C100636,2024-07-27,retail_partner,footwear,1,91.2,9.12,82.08,52.01,30.07,completed,0.3663
O502246,C100636,2024-07-27,retail_partner,beauty,2,34.41,10.32,58.5,31.31,27.19,completed,0.4648
O502795,C100798,2024-07-27,web,beauty,3,52.86,23.79,134.79,58.71,76.08,completed,0.5644
O502795,C100798,2024-07-27,web,footwear,2,144.45,28.89,260.01,151.73,108.28,completed,0.4164
O502795,C100798,2024-07-27,web,home,1,144.47,0.0,144.47,86.01,58.46,completed,0.4047
O502822,C100801,2024-07-27,mobile_app,beauty,3,67.23,0.0,201.69,88.36,113.33,completed,0.5619
O500603,C100185,2024-07-28,mobile_app,home,3,33.42,0.0,100.26,61.99,38.27,completed,0.3817
O500603,C100185,2024-07-28,mobile_app,home,2,53.77,0.0,107.54,60.55,46.99,completed,0.437
O500603,C100185,2024-07-28,mobile_app,electronics,2,147.01,29.4,264.62,227.51,37.11,completed,0.1402
O501108,C100337,2024-07-28,mobile_app,electronics,2,197.62,0.0,395.24,327.1,68.14,completed,0.1724
O501108,C100337,2024-07-28,mobile_app,beauty,1,34.72,0.0,34.72,16.38,18.34,completed,0.5282
O501173,C100359,2024-07-28,mobile_app,apparel,1,29.38,4.41,24.97,14.46,10.51,completed,0.4209
O501173,C100359,2024-07-28,mobile_app,home,3,114.92,34.48,310.28,169.94,140.34,completed,0.4523
O501936,C100545,2024-07-28,retail_partner,footwear,3,112.7,50.72,287.38,187.68,99.7,completed,0.3469
O501936,C100545,2024-07-28,retail_partner,home,1,46.86,4.69,42.17,26.95,15.22,completed,0.3609
O501979,C100556,2024-07-28,web,beauty,3,32.58,0.0,97.74,46.59,51.15,completed,0.5233
O501979,C100556,2024-07-28,web,accessories,3,32.67,0.0,98.01,52.76,45.25,completed,0.4617
O501979,C100556,2024-07-28,web,beauty,1,31.55,3.16,28.39,12.71,15.68,completed,0.5523
O502257,C100639,2024-07-28,marketplace,accessories,2,86.04,25.81,146.27,73.26,73.01,completed,0.4991
O502257,C100639,2024-07-28,marketplace,footwear,1,161.91,24.29,137.62,87.1,50.52,completed,0.3671
O502472,C100706,2024-07-28,web,apparel,3,64.0,19.2,172.8,94.79,78.01,completed,0.4514
O502543,C100723,2024-07-28,retail_partner,apparel,3,41.63,0.0,124.89,63.64,61.25,completed,0.4904
O502543,C100723,2024-07-28,retail_partner,electronics,3,176.7,26.5,503.6,382.27,121.33,completed,0.2409
O500722,C100219,2024-07-29,web,home,3,80.43,48.26,193.03,126.87,66.16,completed,0.3427
O500722,C100219,2024-07-29,web,home,3,44.45,6.67,126.68,73.77,52.91,completed,0.4177
O500722,C100219,2024-07-29,web,electronics,2,222.56,66.77,378.35,302.85,75.5,completed,0.1996
O500798,C100240,2024-07-29,mobile_app,footwear,2,64.4,6.44,122.36,73.17,49.19,completed,0.402
O502192,C100622,2024-07-29,marketplace,footwear,1,90.07,9.01,81.06,47.41,33.65,completed,0.4151
O502192,C100622,2024-07-29,marketplace,electronics,2,165.02,0.0,330.04,278.32,51.72,completed,0.1567
O502192,C100622,2024-07-29,marketplace,apparel,2,36.31,7.26,65.36,33.21,32.15,completed,0.4919
O503061,C100854,2024-07-29,marketplace,beauty,1,41.18,0.0,41.18,20.77,20.41,completed,0.4956
O503061,C100854,2024-07-29,marketplace,beauty,3,72.21,32.49,184.14,86.21,97.93,completed,0.5318
O503180,C100882,2024-07-29,mobile_app,electronics,3,140.13,42.04,378.35,314.42,63.93,completed,0.169
O503180,C100882,2024-07-29,mobile_app,accessories,2,31.46,0.0,62.92,32.87,30.05,completed,0.4776
O501545,C100452,2024-07-30,mobile_app,beauty,2,57.74,17.32,98.16,46.35,51.81,completed,0.5278
O501545,C100452,2024-07-30,mobile_app,beauty,3,30.93,9.28,83.51,42.27,41.24,completed,0.4938
O501545,C100452,2024-07-30,mobile_app,electronics,2,442.49,177.0,707.98,603.88,104.1,completed,0.147
O502504,C100713,2024-07-30,web,apparel,3,62.71,28.22,159.91,92.63,67.28,completed,0.4207
O502555,C100727,2024-07-30,web,beauty,2,17.77,3.55,31.99,16.18,15.81,completed,0.4942
O502555,C100727,2024-07-30,web,home,2,94.4,0.0,188.8,122.84,65.96,completed,0.3494
O502881,C100814,2024-07-30,marketplace,accessories,1,85.25,8.53,76.72,36.88,39.84,completed,0.5193
O500779,C100236,2024-07-31,web,beauty,3,36.72,5.51,104.65,44.68,59.97,completed,0.5731
O500845,C100250,2024-07-31,web,footwear,3,171.46,25.72,488.66,293.04,195.62,completed,0.4003
O501192,C100362,2024-07-31,retail_partner,footwear,3,195.23,29.28,556.41,350.86,205.55,completed,0.3694
O501192,C100362,2024-07-31,retail_partner,beauty,3,41.58,12.47,112.27,55.3,56.97,completed,0.5074
O501293,C100395,2024-07-31,web,beauty,3,46.62,27.97,111.89,54.54,57.35,completed,0.5126
O501293,C100395,2024-07-31,web,home,1,86.15,12.92,73.23,44.65,28.58,completed,0.3903
O501293,C100395,2024-07-31,web,beauty,1,22.05,4.41,17.64,7.58,10.06,completed,0.5703
O501309,C100399,2024-07-31,web,beauty,3,39.63,0.0,118.89,55.82,63.07,completed,0.5305
O501309,C100399,2024-07-31,web,footwear,3,77.5,0.0,232.5,136.55,95.95,completed,0.4127
O501767,C100505,2024-07-31,web,beauty,2,16.01,1.6,30.42,15.01,15.41,completed,0.5066
O501767,C100505,2024-07-31,web,footwear,2,92.71,0.0,185.42,104.23,81.19,completed,0.4379
O501767,C100505,2024-07-31,web,home,1,93.97,9.4,84.57,52.88,31.69,completed,0.3747
O501877,C100531,2024-07-31,mobile_app,home,1,52.13,0.0,52.13,31.95,20.18,completed,0.3871
O501877,C100531,2024-07-31,mobile_app,apparel,1,43.28,0.0,43.28,22.86,20.42,completed,0.4718
O502625,C100750,2024-07-31,web,footwear,2,148.02,29.6,266.44,167.86,98.58,completed,0.37
O502625,C100750,2024-07-31,web,footwear,1,178.56,0.0,178.56,99.45,79.11,completed,0.443
O503145,C100875,2024-07-31,retail_partner,accessories,1,42.03,2.1,39.93,21.97,17.96,completed,0.4498
O500017,C100006,2024-08-01,web,home,2,102.77,41.11,164.43,95.06,69.37,completed,0.4219
O500017,C100006,2024-08-01,web,footwear,3,94.3,0.0,282.9,163.99,118.91,completed,0.4203
O500017,C100006,2024-08-01,web,footwear,2,68.36,13.67,123.05,74.18,48.87,completed,0.3972
O500707,C100212,2024-08-01,mobile_app,apparel,3,47.15,14.14,127.31,77.12,50.19,completed,0.3942
O500707,C100212,2024-08-01,mobile_app,footwear,2,81.08,16.22,145.94,83.76,62.18,completed,0.4261
O501474,C100436,2024-08-01,mobile_app,electronics,3,283.83,0.0,851.49,737.55,113.94,completed,0.1338
O501474,C100436,2024-08-01,mobile_app,beauty,1,57.16,2.86,54.3,26.07,28.23,completed,0.5199
O501474,C100436,2024-08-01,mobile_app,apparel,2,102.45,10.25,194.65,102.24,92.41,completed,0.4747
O501654,C100477,2024-08-01,mobile_app,footwear,2,161.26,0.0,322.52,192.85,129.67,completed,0.4021
O501654,C100477,2024-08-01,mobile_app,apparel,2,92.73,0.0,185.46,106.05,79.41,completed,0.4282
O501825,C100513,2024-08-01,marketplace,apparel,1,103.73,10.37,93.36,48.11,45.25,completed,0.4847
O503108,C100864,2024-08-01,web,accessories,1,57.08,11.42,45.66,24.07,21.59,completed,0.4728
O503108,C100864,2024-08-01,web,beauty,2,20.48,2.05,38.91,18.93,19.98,completed,0.5135
O503108,C100864,2024-08-01,web,beauty,3,28.19,0.0,84.57,39.3,45.27,completed,0.5353
O503167,C100879,2024-08-01,mobile_app,accessories,3,52.76,7.91,150.37,74.24,76.13,completed,0.5063
O500074,C100034,2024-08-02,retail_partner,electronics,2,183.12,0.0,366.24,316.69,49.55,completed,0.1353
O500074,C100034,2024-08-02,retail_partner,electronics,2,214.09,64.23,363.95,290.26,73.69,completed,0.2025
O500140,C100053,2024-08-02,marketplace,electronics,3,184.85,83.18,471.37,399.44,71.93,completed,0.1526
O500140,C100053,2024-08-02,marketplace,beauty,3,32.36,0.0,97.08,45.15,51.93,completed,0.5349
O500140,C100053,2024-08-02,marketplace,electronics,1,165.55,16.56,148.99,128.68,20.31,completed,0.1363
O500370,C100122,2024-08-02,mobile_app,accessories,1,51.13,0.0,51.13,26.07,25.06,completed,0.4901
O500370,C100122,2024-08-02,mobile_app,footwear,3,78.08,23.42,210.82,134.03,76.79,completed,0.3642
O500370,C100122,2024-08-02,mobile_app,footwear,1,132.7,0.0,132.7,80.16,52.54,completed,0.3959
O500423,C100142,2024-08-02,mobile_app,footwear,1,118.36,11.84,106.52,62.92,43.6,completed,0.4093
O500423,C100142,2024-08-02,mobile_app,home,3,63.08,9.46,179.78,108.33,71.45,completed,0.3974
O500423,C100142,2024-08-02,mobile_app,electronics,2,311.58,62.32,560.84,470.62,90.22,completed,0.1609
O501715,C100493,2024-08-02,mobile_app,apparel,3,28.04,8.41,75.71,41.93,33.78,completed,0.4462
O501715,C100493,2024-08-02,mobile_app,home,2,39.85,7.97,71.73,43.89,27.84,completed,0.3881
O502565,C100731,2024-08-02,mobile_app,apparel,3,45.14,0.0,135.42,75.88,59.54,completed,0.4397
O502565,C100731,2024-08-02,mobile_app,home,2,116.26,0.0,232.52,145.33,87.19,completed,0.375
O502578,C100736,2024-08-02,web,accessories,2,47.53,0.0,95.06,46.07,48.99,completed,0.5154
O503002,C100843,2024-08-02,mobile_app,home,2,75.87,30.35,121.39,76.16,45.23,completed,0.3726
O501174,C100359,2024-08-03,web,apparel,2,62.88,12.58,113.18,60.29,52.89,completed,0.4673
O501174,C100359,2024-08-03,web,beauty,1,37.73,7.55,30.18,14.37,15.81,completed,0.5239
O501174,C100359,2024-08-03,web,footwear,3,171.79,0.0,515.37,322.75,192.62,completed,0.3738
O501355,C100409,2024-08-03,mobile_app,electronics,1,177.18,0.0,177.18,146.09,31.09,completed,0.1755
O501355,C100409,2024-08-03,mobile_app,footwear,3,82.27,49.36,197.45,131.1,66.35,completed,0.336
O501783,C100506,2024-08-03,marketplace,footwear,3,153.3,0.0,459.9,262.48,197.42,completed,0.4293
O501783,C100506,2024-08-03,marketplace,accessories,3,79.94,0.0,239.82,127.09,112.73,completed,0.4701
O501783,C100506,2024-08-03,marketplace,apparel,3,86.36,25.91,233.17,139.68,93.49,completed,0.401
O501850,C100520,2024-08-03,web,apparel,2,43.67,4.37,82.97,45.51,37.46,completed,0.4515
O501850,C100520,2024-08-03,web,home,1,47.83,2.39,45.44,27.16,18.28,completed,0.4023
O501940,C100547,2024-08-03,marketplace,footwear,3,90.0,40.5,229.5,138.05,91.45,completed,0.3985
O502034,C100578,2024-08-03,web,home,1,51.9,7.78,44.12,28.94,15.18,completed,0.3441
O502034,C100578,2024-08-03,web,home,2,35.75,0.0,71.5,45.65,25.85,completed,0.3615
O503042,C100849,2024-08-03,web,home,1,150.53,0.0,150.53,93.2,57.33,completed,0.3809
O503042,C100849,2024-08-03,web,apparel,1,92.73,13.91,78.82,40.43,38.39,completed,0.4871
O500223,C100069,2024-08-04,web,apparel,3,50.0,7.5,142.5,77.35,65.15,completed,0.4572
O500223,C100069,2024-08-04,web,beauty,2,23.44,0.0,46.88,19.87,27.01,completed,0.5762
O500598,C100184,2024-08-04,web,home,3,93.43,56.06,224.23,128.25,95.98,completed,0.428
O500598,C100184,2024-08-04,web,apparel,1,59.1,0.0,59.1,31.57,27.53,completed,0.4658
O500598,C100184,2024-08-04,web,electronics,3,217.46,65.24,587.14,489.9,97.24,completed,0.1656
O500599,C100184,2024-08-04,web,electronics,3,225.82,67.75,609.71,511.09,98.62,completed,0.1617
O500599,C100184,2024-08-04,web,footwear,1,112.55,0.0,112.55,70.19,42.36,completed,0.3764
O500599,C100184,2024-08-04,web,accessories,3,48.73,21.93,124.26,60.17,64.09,completed,0.5158
O500668,C100201,2024-08-04,mobile_app,electronics,3,299.17,0.0,897.51,728.76,168.75,completed,0.188
O500668,C100201,2024-08-04,mobile_app,home,2,134.54,13.45,255.63,145.7,109.93,completed,0.43
O500915,C100272,2024-08-04,marketplace,beauty,1,37.05,0.0,37.05,17.77,19.28,completed,0.5204
O501320,C100402,2024-08-04,web,electronics,1,254.23,12.71,241.52,206.62,34.9,completed,0.1445
O501885,C100535,2024-08-04,mobile_app,apparel,3,57.68,34.61,138.43,71.44,66.99,completed,0.4839
O501885,C100535,2024-08-04,mobile_app,footwear,2,182.29,0.0,364.58,248.99,115.59,completed,0.317
O501885,C100535,2024-08-04,mobile_app,home,3,140.53,0.0,421.59,278.26,143.33,completed,0.34
O502740,C100782,2024-08-04,marketplace,footwear,3,39.85,0.0,119.55,68.97,50.58,completed,0.4231
O502823,C100801,2024-08-04,mobile_app,beauty,1,44.29,6.64,37.65,18.71,18.94,completed,0.5031
O502823,C100801,2024-08-04,mobile_app,beauty,1,50.95,7.64,43.31,19.03,24.28,completed,0.5606
O502823,C100801,2024-08-04,mobile_app,home,2,168.42,67.37,269.47,171.55,97.92,completed,0.3634
O502931,C100824,2024-08-04,retail_partner,apparel,1,106.87,0.0,106.87,55.17,51.7,completed,0.4838
O500010,C100002,2024-08-05,marketplace,apparel,2,62.93,12.59,113.27,58.92,54.35,completed,0.4798
O500051,C100019,2024-08-05,retail_partner,apparel,3,30.51,0.0,91.53,51.58,39.95,completed,0.4365
O500196,C100065,2024-08-05,mobile_app,home,2,65.93,0.0,131.86,83.91,47.95,completed,0.3636
O500196,C100065,2024-08-05,mobile_app,electronics,1,101.17,0.0,101.17,77.31,23.86,completed,0.2358
O500196,C100065,2024-08-05,mobile_app,home,1,49.26,7.39,41.87,25.07,16.8,completed,0.4012
O500339,C100111,2024-08-05,marketplace,accessories,2,85.99,8.6,163.38,86.16,77.22,completed,0.4726
O500526,C100165,2024-08-05,mobile_app,home,2,65.95,0.0,131.9,81.52,50.38,completed,0.382
O500526,C100165,2024-08-05,mobile_app,electronics,2,198.03,79.21,316.85,244.11,72.74,completed,0.2296
O500526,C100165,2024-08-05,mobile_app,accessories,1,60.31,12.06,48.25,23.66,24.59,completed,0.5096
O500669,C100201,2024-08-05,web,electronics,2,258.03,0.0,516.06,460.37,55.69,completed,0.1079
O500669,C100201,2024-08-05,web,beauty,2,58.64,0.0,117.28,57.99,59.29,completed,0.5055
O500837,C100248,2024-08-05,mobile_app,apparel,2,72.09,28.84,115.34,56.94,58.4,completed,0.5063
O500837,C100248,2024-08-05,mobile_app,electronics,3,310.41,0.0,931.23,757.56,173.67,completed,0.1865
O500837,C100248,2024-08-05,mobile_app,accessories,1,51.99,2.6,49.39,27.58,21.81,completed,0.4416
O500910,C100271,2024-08-05,retail_partner,beauty,2,60.15,24.06,96.24,43.74,52.5,completed,0.5455
O500910,C100271,2024-08-05,retail_partner,home,1,87.36,0.0,87.36,53.06,34.3,completed,0.3926
O500910,C100271,2024-08-05,retail_partner,electronics,2,453.42,45.34,861.5,742.79,118.71,completed,0.1378
O502258,C100639,2024-08-05,mobile_app,apparel,1,82.72,12.41,70.31,39.67,30.64,completed,0.4358
O502496,C100712,2024-08-05,web,accessories,1,36.26,3.63,32.63,15.43,17.2,completed,0.5271
O502508,C100715,2024-08-05,web,footwear,3,78.66,0.0,235.98,143.25,92.73,completed,0.393
O502735,C100781,2024-08-05,web,electronics,2,267.41,106.96,427.86,357.19,70.67,completed,0.1652
O502735,C100781,2024-08-05,web,home,2,133.32,40.0,226.64,134.2,92.44,completed,0.4079
O502882,C100814,2024-08-05,mobile_app,apparel,1,89.34,0.0,89.34,41.49,47.85,completed,0.5356
O502882,C100814,2024-08-05,mobile_app,accessories,2,64.67,6.47,122.87,57.9,64.97,completed,0.5288
O502882,C100814,2024-08-05,mobile_app,accessories,2,59.13,5.91,112.35,62.84,49.51,completed,0.4407
O503043,C100849,2024-08-05,marketplace,beauty,1,39.21,0.0,39.21,17.6,21.61,completed,0.5511
O500075,C100034,2024-08-06,mobile_app,footwear,1,100.2,0.0,100.2,61.58,38.62,completed,0.3854
O500075,C100034,2024-08-06,mobile_app,home,3,96.18,28.85,259.69,173.26,86.43,completed,0.3328
O500075,C100034,2024-08-06,mobile_app,electronics,2,263.81,0.0,527.62,419.64,107.98,completed,0.2047
O500445,C100145,2024-08-06,web,home,2,129.32,0.0,258.64,153.4,105.24,completed,0.4069
O500445,C100145,2024-08-06,web,apparel,3,107.86,64.72,258.86,149.95,108.91,completed,0.4207
O500643,C100198,2024-08-06,retail_partner,accessories,1,31.03,1.55,29.48,12.87,16.61,completed,0.5634
O500643,C100198,2024-08-06,retail_partner,accessories,1,42.41,4.24,38.17,18.93,19.24,completed,0.5041
O500736,C100224,2024-08-06,web,apparel,2,48.04,9.61,86.47,49.47,37.0,completed,0.4279
O500736,C100224,2024-08-06,web,electronics,3,273.37,41.01,779.1,561.33,217.77,completed,0.2795
O501214,C100367,2024-08-06,web,electronics,1,182.55,27.38,155.17,126.62,28.55,completed,0.184
O501275,C100390,2024-08-06,web,accessories,1,77.61,0.0,77.61,40.49,37.12,completed,0.4783
O501275,C100390,2024-08-06,web,home,2,119.52,0.0,239.04,155.53,83.51,completed,0.3494
O501287,C100393,2024-08-06,mobile_app,electronics,2,231.63,23.16,440.1,365.86,74.24,completed,0.1687
O501287,C100393,2024-08-06,mobile_app,footwear,2,97.05,0.0,194.1,122.69,71.41,completed,0.3679
O501287,C100393,2024-08-06,mobile_app,footwear,1,98.75,19.75,79.0,47.38,31.62,completed,0.4003
O502432,C100692,2024-08-06,web,home,1,65.3,3.27,62.03,37.22,24.81,completed,0.4
O500234,C100071,2024-08-07,marketplace,electronics,1,263.33,0.0,263.33,218.88,44.45,completed,0.1688
O500234,C100071,2024-08-07,marketplace,apparel,2,72.3,7.23,137.37,74.35,63.02,completed,0.4588
O500372,C100123,2024-08-07,web,accessories,2,38.52,0.0,77.04,36.9,40.14,completed,0.521
O500553,C100174,2024-08-07,web,apparel,2,52.87,10.57,95.17,50.76,44.41,completed,0.4666
O500553,C100174,2024-08-07,web,electronics,2,200.96,40.19,361.73,298.87,62.86,completed,0.1738
O500553,C100174,2024-08-07,web,accessories,2,59.63,0.0,119.26,57.22,62.04,completed,0.5202
O501478,C100437,2024-08-07,web,footwear,2,64.03,25.61,102.45,58.13,44.32,completed,0.4326
O501637,C100474,2024-08-07,web,beauty,3,63.96,0.0,191.88,88.79,103.09,completed,0.5373
O501637,C100474,2024-08-07,web,beauty,1,56.78,8.52,48.26,23.27,24.99,completed,0.5178
O501637,C100474,2024-08-07,web,accessories,2,70.21,7.02,133.4,69.12,64.28,completed,0.4819
O501886,C100535,2024-08-07,web,footwear,1,153.85,15.38,138.47,89.99,48.48,completed,0.3501
O501886,C100535,2024-08-07,web,apparel,1,71.5,0.0,71.5,36.28,35.22,completed,0.4926
O502259,C100639,2024-08-07,marketplace,beauty,2,40.22,4.02,76.42,36.46,39.96,completed,0.5229
O502331,C100651,2024-08-07,mobile_app,footwear,3,86.13,12.92,245.47,142.93,102.54,completed,0.4177
O502331,C100651,2024-08-07,mobile_app,electronics,3,167.15,0.0,501.45,394.7,106.75,completed,0.2129
O502773,C100792,2024-08-07,web,apparel,1,40.95,8.19,32.76,18.97,13.79,completed,0.4209
O502773,C100792,2024-08-07,web,accessories,3,23.71,10.67,60.46,29.95,30.51,completed,0.5046
O502824,C100801,2024-08-07,web,accessories,2,81.67,0.0,163.34,79.3,84.04,completed,0.5145
O502833,C100803,2024-08-07,web,accessories,1,65.19,0.0,65.19,33.89,31.3,completed,0.4801
O502833,C100803,2024-08-07,web,beauty,2,25.6,0.0,51.2,24.0,27.2,completed,0.5312
O503121,C100869,2024-08-07,marketplace,footwear,2,79.95,31.98,127.92,76.98,50.94,completed,0.3982
O500446,C100145,2024-08-08,marketplace,footwear,2,94.88,28.46,161.3,90.47,70.83,completed,0.4391
O500446,C100145,2024-08-08,marketplace,home,1,90.37,9.04,81.33,51.68,29.65,completed,0.3646
O501761,C100502,2024-08-08,web,electronics,3,108.73,65.24,260.95,213.82,47.13,completed,0.1806
O501761,C100502,2024-08-08,web,apparel,2,56.41,0.0,112.82,59.1,53.72,completed,0.4762
O502049,C100580,2024-08-08,mobile_app,beauty,3,40.93,24.56,98.23,47.01,51.22,completed,0.5214
O502286,C100643,2024-08-08,web,home,1,68.26,3.41,64.85,41.81,23.04,completed,0.3553
O502436,C100694,2024-08-08,mobile_app,electronics,3,232.34,69.7,627.32,513.91,113.41,completed,0.1808
O502436,C100694,2024-08-08,mobile_app,apparel,3,61.15,0.0,183.45,95.27,88.18,completed,0.4807
O500188,C100064,2024-08-09,marketplace,electronics,3,386.7,116.01,1044.09,840.03,204.06,completed,0.1954
O500188,C100064,2024-08-09,marketplace,apparel,3,79.72,47.83,191.33,95.89,95.44,completed,0.4988
O500280,C100088,2024-08-09,marketplace,electronics,1,190.14,38.03,152.11,128.09,24.02,completed,0.1579
O500701,C100210,2024-08-09,marketplace,accessories,3,47.9,21.55,122.15,61.7,60.45,completed,0.4949
O501139,C100351,2024-08-09,web,accessories,1,27.49,1.37,26.12,13.55,12.57,completed,0.4812
O502375,C100672,2024-08-09,mobile_app,footwear,3,103.74,0.0,311.22,177.14,134.08,completed,0.4308
O502375,C100672,2024-08-09,mobile_app,beauty,2,32.58,0.0,65.16,29.64,35.52,completed,0.5451
O502803,C100799,2024-08-09,web,electronics,3,342.84,0.0,1028.52,882.28,146.24,completed,0.1422
O500138,C100052,2024-08-10,mobile_app,footwear,1,110.65,0.0,110.65,64.18,46.47,completed,0.42
O500670,C100201,2024-08-10,mobile_app,apparel,3,77.18,0.0,231.54,123.33,108.21,completed,0.4673
O500670,C100201,2024-08-10,mobile_app,beauty,3,36.63,16.48,93.41,42.52,50.89,completed,0.5448
O500670,C100201,2024-08-10,mobile_app,home,2,138.37,27.67,249.07,158.26,90.81,completed,0.3646
O501328,C100403,2024-08-10,mobile_app,footwear,3,119.73,71.84,287.35,173.95,113.4,completed,0.3946
O501328,C100403,2024-08-10,mobile_app,beauty,2,50.53,0.0,101.06,49.46,51.6,completed,0.5106
O501887,C100535,2024-08-10,web,footwear,3,197.1,0.0,591.3,321.85,269.45,completed,0.4557
O502354,C100659,2024-08-10,web,electronics,1,177.81,8.89,168.92,148.92,20.0,completed,0.1184
O502355,C100659,2024-08-10,web,footwear,3,75.69,22.71,204.36,125.91,78.45,completed,0.3839
O502355,C100659,2024-08-10,web,home,3,46.08,27.65,110.59,70.66,39.93,completed,0.3611
O500508,C100160,2024-08-11,web,accessories,1,81.28,0.0,81.28,37.38,43.9,completed,0.5401
O500508,C100160,2024-08-11,web,apparel,1,50.27,2.51,47.76,25.68,22.08,completed,0.4623
O501378,C100419,2024-08-11,mobile_app,electronics,1,214.84,32.23,182.61,150.13,32.48,completed,0.1779
O501378,C100419,2024-08-11,mobile_app,accessories,2,34.51,10.35,58.67,29.17,29.5,completed,0.5028
O501378,C100419,2024-08-11,mobile_app,electronics,1,173.82,34.76,139.06,118.39,20.67,completed,0.1486
O502203,C100625,2024-08-11,marketplace,home,3,69.02,20.71,186.35,111.78,74.57,completed,0.4002
O502203,C100625,2024-08-11,marketplace,home,3,60.0,0.0,180.0,107.29,72.71,completed,0.4039
O502203,C100625,2024-08-11,marketplace,footwear,2,65.69,26.28,105.1,66.16,38.94,completed,0.3705
O502241,C100634,2024-08-11,web,beauty,3,42.47,0.0,127.41,61.66,65.75,completed,0.5161
O502430,C100690,2024-08-11,retail_partner,footwear,1,151.91,30.38,121.53,74.76,46.77,completed,0.3848
O502430,C100690,2024-08-11,retail_partner,apparel,1,68.48,13.7,54.78,31.11,23.67,completed,0.4321
O502430,C100690,2024-08-11,retail_partner,accessories,3,85.18,0.0,255.54,127.79,127.75,completed,0.4999
O502592,C100741,2024-08-11,web,beauty,2,23.52,7.06,39.98,18.89,21.09,completed,0.5275
O502825,C100801,2024-08-11,web,apparel,2,86.72,17.34,156.1,84.76,71.34,completed,0.457
O502825,C100801,2024-08-11,web,electronics,3,341.11,0.0,1023.33,792.98,230.35,completed,0.2251
O500097,C100043,2024-08-12,retail_partner,home,2,179.85,35.97,323.73,188.97,134.76,completed,0.4163
O500097,C100043,2024-08-12,retail_partner,apparel,1,121.44,24.29,97.15,52.2,44.95,completed,0.4627
O500097,C100043,2024-08-12,retail_partner,beauty,2,46.66,4.67,88.65,42.05,46.6,completed,0.5257
O501193,C100362,2024-08-12,web,accessories,1,67.23,0.0,67.23,33.86,33.37,completed,0.4964
O501227,C100372,2024-08-12,mobile_app,apparel,2,55.28,22.11,88.45,54.1,34.35,completed,0.3884
O501498,C100441,2024-08-12,mobile_app,home,2,114.1,0.0,228.2,139.32,88.88,completed,0.3895
O501525,C100450,2024-08-12,web,apparel,3,55.04,0.0,165.12,81.52,83.6,completed,0.5063
O501525,C100450,2024-08-12,web,electronics,3,198.53,0.0,595.59,452.9,142.69,completed,0.2396
O501525,C100450,2024-08-12,web,apparel,2,48.69,0.0,97.38,57.78,39.6,completed,0.4067
O501618,C100471,2024-08-12,web,home,2,97.14,0.0,194.28,119.52,74.76,completed,0.3848
O501618,C100471,2024-08-12,web,home,1,74.12,11.12,63.0,39.59,23.41,completed,0.3716
O501991,C100562,2024-08-12,web,accessories,1,44.41,0.0,44.41,22.34,22.07,completed,0.497
O501991,C100562,2024-08-12,web,electronics,2,116.95,0.0,233.9,188.74,45.16,completed,0.1931
O501991,C100562,2024-08-12,web,electronics,2,208.63,62.59,354.67,278.26,76.41,completed,0.2154
O502287,C100643,2024-08-12,web,apparel,3,53.02,0.0,159.06,82.0,77.06,completed,0.4845
O502287,C100643,2024-08-12,web,electronics,2,276.58,82.97,470.19,396.18,74.01,completed,0.1574
O502288,C100643,2024-08-12,web,accessories,2,49.35,9.87,88.83,41.18,47.65,completed,0.5364
O502288,C100643,2024-08-12,web,accessories,3,36.76,5.51,104.77,49.93,54.84,completed,0.5234
O502288,C100643,2024-08-12,web,beauty,2,16.07,0.0,32.14,15.56,16.58,completed,0.5159
O502621,C100749,2024-08-12,mobile_app,footwear,2,124.4,0.0,248.8,163.7,85.1,completed,0.342
O502621,C100749,2024-08-12,mobile_app,accessories,2,46.99,4.7,89.28,47.5,41.78,completed,0.468
O500235,C100071,2024-08-13,mobile_app,home,2,100.53,0.0,201.06,126.26,74.8,completed,0.372
O500235,C100071,2024-08-13,mobile_app,footwear,3,131.01,39.3,353.73,214.05,139.68,completed,0.3949
O500235,C100071,2024-08-13,mobile_app,home,2,106.55,21.31,191.79,117.0,74.79,completed,0.39
O501313,C100400,2024-08-13,mobile_app,home,3,65.49,29.47,167.0,110.1,56.9,completed,0.3407
O501313,C100400,2024-08-13,mobile_app,apparel,2,58.29,0.0,116.58,67.62,48.96,completed,0.42
O501313,C100400,2024-08-13,mobile_app,home,1,57.79,5.78,52.01,33.19,18.82,completed,0.3619
O501371,C100416,2024-08-13,marketplace,electronics,3,217.15,0.0,651.45,530.55,120.9,completed,0.1856
O502279,C100641,2024-08-13,web,electronics,2,456.46,0.0,912.92,765.02,147.9,completed,0.162
O503027,C100847,2024-08-13,web,apparel,2,77.54,0.0,155.08,87.24,67.84,completed,0.4375
O503027,C100847,2024-08-13,web,footwear,3,125.28,0.0,375.84,225.69,150.15,completed,0.3995
O500281,C100088,2024-08-14,marketplace,accessories,1,69.02,3.45,65.57,33.27,32.3,completed,0.4926
O500281,C100088,2024-08-14,marketplace,footwear,1,132.32,19.85,112.47,70.47,42.0,completed,0.3734
O501210,C100365,2024-08-14,mobile_app,electronics,2,186.48,37.3,335.66,277.77,57.89,completed,0.1725
O501210,C100365,2024-08-14,mobile_app,beauty,3,24.12,0.0,72.36,39.14,33.22,completed,0.4591
O501210,C100365,2024-08-14,mobile_app,footwear,1,71.18,3.56,67.62,34.77,32.85,completed,0.4858
O502280,C100641,2024-08-14,web,accessories,3,66.08,0.0,198.24,99.05,99.19,completed,0.5004
O502280,C100641,2024-08-14,web,beauty,2,46.19,9.24,83.14,36.9,46.24,completed,0.5562
O502280,C100641,2024-08-14,web,footwear,2,175.09,0.0,350.18,229.55,120.63,completed,0.3445
O500217,C100067,2024-08-15,mobile_app,electronics,3,323.74,194.24,776.98,631.46,145.52,completed,0.1873
O500217,C100067,2024-08-15,mobile_app,apparel,1,72.32,0.0,72.32,40.93,31.39,completed,0.434
O500605,C100186,2024-08-15,mobile_app,electronics,3,204.66,30.7,583.28,442.46,140.82,completed,0.2414
O500916,C100272,2024-08-15,marketplace,apparel,3,52.18,0.0,156.54,83.89,72.65,completed,0.4641
O500916,C100272,2024-08-15,marketplace,apparel,3,58.02,0.0,174.06,100.69,73.37,completed,0.4215
O500917,C100272,2024-08-15,mobile_app,beauty,2,39.32,7.86,70.78,34.77,36.01,completed,0.5088
O500917,C100272,2024-08-15,mobile_app,home,2,85.46,0.0,170.92,107.51,63.41,completed,0.371
O500925,C100274,2024-08-15,web,beauty,1,54.3,0.0,54.3,27.09,27.21,completed,0.5011
O501074,C100320,2024-08-15,mobile_app,footwear,3,80.73,24.22,217.97,129.94,88.03,completed,0.4039
O501074,C100320,2024-08-15,mobile_app,accessories,1,28.61,2.86,25.75,12.68,13.07,completed,0.5076
O501085,C100325,2024-08-15,web,apparel,1,71.72,0.0,71.72,43.54,28.18,completed,0.3929
O501085,C100325,2024-08-15,web,accessories,2,33.35,0.0,66.7,32.54,34.16,completed,0.5121
O501908,C100540,2024-08-15,web,beauty,3,55.9,8.38,159.32,74.19,85.13,completed,0.5343
O502418,C100686,2024-08-15,web,apparel,2,34.02,0.0,68.04,37.91,30.13,completed,0.4428
O502631,C100751,2024-08-15,mobile_app,apparel,2,34.6,6.92,62.28,33.59,28.69,completed,0.4607
O502631,C100751,2024-08-15,mobile_app,footwear,3,74.47,0.0,223.41,142.3,81.11,completed,0.3631
O502631,C100751,2024-08-15,mobile_app,footwear,3,111.65,0.0,334.95,208.38,126.57,completed,0.3779
O500027,C100012,2024-08-16,web,footwear,1,84.33,8.43,75.9,45.77,30.13,completed,0.397
O500147,C100055,2024-08-16,web,electronics,2,224.17,0.0,448.34,345.94,102.4,completed,0.2284
O500378,C100126,2024-08-16,retail_partner,electronics,1,187.89,9.39,178.5,141.8,36.7,completed,0.2056
O500378,C100126,2024-08-16,retail_partner,electronics,2,210.75,21.08,400.42,328.13,72.29,completed,0.1805
O500378,C100126,2024-08-16,retail_partner,home,3,83.55,0.0,250.65,153.45,97.2,completed,0.3878
O500509,C100160,2024-08-16,web,electronics,1,323.68,48.55,275.13,235.13,40.0,completed,0.1454
O500509,C100160,2024-08-16,web,footwear,1,130.36,0.0,130.36,79.71,50.65,completed,0.3885
O501148,C100354,2024-08-16,web,home,1,60.04,9.01,51.03,30.22,20.81,completed,0.4078
O501148,C100354,2024-08-16,web,home,2,78.04,0.0,156.08,94.42,61.66,completed,0.3951
O501288,C100394,2024-08-16,web,beauty,3,32.13,0.0,96.39,47.08,49.31,completed,0.5116
O501288,C100394,2024-08-16,web,home,3,96.9,0.0,290.7,187.73,102.97,completed,0.3542
O501288,C100394,2024-08-16,web,home,1,71.69,0.0,71.69,45.26,26.43,completed,0.3687
O501619,C100471,2024-08-16,web,electronics,2,153.29,30.66,275.92,226.45,49.47,completed,0.1793
O501619,C100471,2024-08-16,web,accessories,2,47.85,9.57,86.13,47.72,38.41,completed,0.446
O501619,C100471,2024-08-16,web,accessories,1,47.56,7.13,40.43,20.89,19.54,completed,0.4833
O502371,C100670,2024-08-16,web,apparel,3,52.09,7.81,148.46,79.75,68.71,completed,0.4628
O502371,C100670,2024-08-16,web,electronics,2,140.52,56.21,224.83,183.18,41.65,completed,0.1853
O502445,C100698,2024-08-16,marketplace,accessories,1,35.64,0.0,35.64,16.93,18.71,completed,0.525
O502445,C100698,2024-08-16,marketplace,home,3,65.07,9.76,185.45,114.09,71.36,completed,0.3848
O502459,C100702,2024-08-16,retail_partner,accessories,1,43.21,8.64,34.57,17.75,16.82,completed,0.4865
O502752,C100785,2024-08-16,mobile_app,footwear,2,215.39,0.0,430.78,276.75,154.03,completed,0.3576
O502752,C100785,2024-08-16,mobile_app,electronics,1,458.04,91.61,366.43,292.07,74.36,completed,0.2029
O502752,C100785,2024-08-16,mobile_app,footwear,2,79.92,0.0,159.84,97.73,62.11,completed,0.3886
O502869,C100813,2024-08-16,web,home,3,57.91,17.37,156.36,98.84,57.52,completed,0.3679
O502869,C100813,2024-08-16,web,accessories,1,30.36,6.07,24.29,12.28,12.01,completed,0.4944
O502869,C100813,2024-08-16,web,footwear,1,92.81,0.0,92.81,56.14,36.67,completed,0.3951
O500007,C100001,2024-08-17,retail_partner,footwear,3,88.49,53.09,212.38,127.79,84.59,completed,0.3983
O500007,C100001,2024-08-17,retail_partner,apparel,1,48.01,0.0,48.01,26.52,21.49,completed,0.4476
O500488,C100155,2024-08-17,mobile_app,footwear,1,221.37,0.0,221.37,122.83,98.54,completed,0.4451
O501064,C100315,2024-08-17,web,apparel,1,68.13,3.41,64.72,36.0,28.72,completed,0.4438
O501064,C100315,2024-08-17,web,electronics,2,223.51,67.05,379.97,306.09,73.88,completed,0.1944
O501402,C100424,2024-08-17,web,electronics,2,309.09,0.0,618.18,505.09,113.09,completed,0.1829
O501402,C100424,2024-08-17,web,electronics,2,317.58,0.0,635.16,535.27,99.89,completed,0.1573
O501475,C100436,2024-08-17,web,footwear,1,96.59,19.32,77.27,47.26,30.01,completed,0.3884
O501687,C100481,2024-08-17,mobile_app,footwear,3,156.45,46.94,422.41,229.35,193.06,completed,0.457
O501687,C100481,2024-08-17,mobile_app,footwear,1,160.3,24.05,136.25,73.09,63.16,completed,0.4636
O502518,C100718,2024-08-17,mobile_app,accessories,3,29.41,0.0,88.23,42.26,45.97,completed,0.521
O500447,C100145,2024-08-18,web,home,3,65.98,0.0,197.94,124.85,73.09,completed,0.3693
O500447,C100145,2024-08-18,web,beauty,2,67.42,26.97,107.87,51.0,56.87,completed,0.5272
O500447,C100145,2024-08-18,web,home,3,119.47,17.92,340.49,216.84,123.65,completed,0.3632
O500475,C100154,2024-08-18,marketplace,beauty,2,31.14,0.0,62.28,31.01,31.27,completed,0.5021
O500475,C100154,2024-08-18,marketplace,beauty,3,38.86,17.49,99.09,42.44,56.65,completed,0.5717
O500671,C100201,2024-08-18,retail_partner,footwear,3,140.23,0.0,420.69,253.37,167.32,completed,0.3977
O500671,C100201,2024-08-18,retail_partner,accessories,3,92.1,27.63,248.67,124.34,124.33,completed,0.5
O500815,C100246,2024-08-18,web,beauty,2,62.3,12.46,112.14,56.59,55.55,completed,0.4954
O500815,C100246,2024-08-18,web,beauty,3,41.98,0.0,125.94,62.26,63.68,completed,0.5056
O500815,C100246,2024-08-18,web,beauty,1,81.63,0.0,81.63,38.27,43.36,completed,0.5312
O501329,C100403,2024-08-18,web,footwear,3,167.89,0.0,503.67,302.74,200.93,completed,0.3989
O501329,C100403,2024-08-18,web,home,3,137.03,20.55,390.54,267.12,123.42,completed,0.316
O501329,C100403,2024-08-18,web,accessories,1,85.2,12.78,72.42,37.05,35.37,completed,0.4884
O501732,C100495,2024-08-18,web,beauty,2,32.82,13.13,52.51,25.22,27.29,completed,0.5197
O501732,C100495,2024-08-18,web,footwear,1,84.22,16.84,67.38,42.08,25.3,completed,0.3755
O501732,C100495,2024-08-18,web,beauty,3,32.89,9.87,88.8,43.02,45.78,completed,0.5155
O502188,C100620,2024-08-18,retail_partner,beauty,3,14.55,8.73,34.92,17.87,17.05,completed,0.4883
O502339,C100655,2024-08-18,web,beauty,3,55.2,16.56,149.04,71.09,77.95,completed,0.523
O502339,C100655,2024-08-18,web,beauty,2,52.25,10.45,94.05,42.37,51.68,completed,0.5495
O502339,C100655,2024-08-18,web,footwear,3,205.29,0.0,615.87,400.18,215.69,completed,0.3502
O502376,C100672,2024-08-18,web,electronics,2,158.38,47.51,269.25,212.87,56.38,completed,0.2094
O502376,C100672,2024-08-18,web,apparel,2,63.75,0.0,127.5,69.51,57.99,completed,0.4548
O502632,C100751,2024-08-18,marketplace,accessories,2,41.01,0.0,82.02,40.02,42.0,completed,0.5121
O502632,C100751,2024-08-18,marketplace,home,3,73.29,0.0,219.87,138.07,81.8,completed,0.372
O500340,C100111,2024-08-19,web,electronics,3,318.99,143.55,813.42,662.98,150.44,completed,0.1849
O501009,C100291,2024-08-19,web,home,2,67.92,20.38,115.46,71.48,43.98,completed,0.3809
O502159,C100615,2024-08-19,mobile_app,apparel,1,29.92,4.49,25.43,14.05,11.38,completed,0.4475
O502159,C100615,2024-08-19,mobile_app,home,3,69.86,20.96,188.62,119.28,69.34,completed,0.3676
O502159,C100615,2024-08-19,mobile_app,footwear,1,80.83,0.0,80.83,45.65,35.18,completed,0.4352
O502804,C100799,2024-08-19,web,home,1,145.51,29.1,116.41,64.09,52.32,completed,0.4494
O503196,C100891,2024-08-19,web,apparel,2,52.73,0.0,105.46,57.87,47.59,completed,0.4513
O503196,C100891,2024-08-19,web,accessories,3,45.89,20.65,117.02,55.82,61.2,completed,0.523
O503196,C100891,2024-08-19,web,home,2,72.56,14.51,130.61,77.96,52.65,completed,0.4031
O500489,C100155,2024-08-20,web,accessories,1,70.89,3.54,67.35,34.32,33.03,completed,0.4904
O500535,C100169,2024-08-20,mobile_app,accessories,1,41.88,2.09,39.79,19.57,20.22,completed,0.5082
O500606,C100186,2024-08-20,marketplace,electronics,1,241.93,36.29,205.64,171.37,34.27,completed,0.1667
O500606,C100186,2024-08-20,marketplace,footwear,3,90.91,0.0,272.73,155.66,117.07,completed,0.4293
O500672,C100201,2024-08-20,mobile_app,electronics,1,252.17,0.0,252.17,211.0,41.17,completed,0.1633
O500672,C100201,2024-08-20,mobile_app,footwear,3,115.22,0.0,345.66,212.84,132.82,completed,0.3843
O501048,C100305,2024-08-20,web,footwear,3,87.33,26.2,235.79,140.87,94.92,completed,0.4026
O501048,C100305,2024-08-20,web,beauty,3,48.37,0.0,145.11,71.39,73.72,completed,0.508
O502161,C100616,2024-08-20,marketplace,home,1,92.83,18.57,74.26,42.79,31.47,completed,0.4238
O502161,C100616,2024-08-20,marketplace,electronics,1,185.39,9.27,176.12,157.92,18.2,completed,0.1033
O502289,C100643,2024-08-20,mobile_app,footwear,2,79.91,7.99,151.83,86.16,65.67,completed,0.4325
O502289,C100643,2024-08-20,mobile_app,home,2,65.42,0.0,130.84,76.93,53.91,completed,0.412
O502289,C100643,2024-08-20,mobile_app,accessories,2,41.57,0.0,83.14,41.55,41.59,completed,0.5002
O502304,C100649,2024-08-20,mobile_app,beauty,2,35.05,10.51,59.59,30.67,28.92,completed,0.4853
O503005,C100845,2024-08-20,marketplace,accessories,3,48.97,22.04,124.87,64.35,60.52,completed,0.4847
O503005,C100845,2024-08-20,marketplace,apparel,3,56.99,17.1,153.87,86.6,67.27,completed,0.4372
O500424,C100142,2024-08-21,web,home,2,72.73,7.27,138.19,86.85,51.34,completed,0.3715
O500894,C100269,2024-08-21,web,footwear,1,84.86,16.97,67.89,42.26,25.63,completed,0.3775
O500894,C100269,2024-08-21,web,footwear,2,72.62,29.05,116.19,69.54,46.65,completed,0.4015
O500894,C100269,2024-08-21,web,beauty,1,12.38,0.0,12.38,5.95,6.43,completed,0.5194
O500926,C100274,2024-08-21,web,electronics,2,309.14,0.0,618.28,511.72,106.56,completed,0.1723
O500926,C100274,2024-08-21,web,home,2,111.95,0.0,223.9,133.85,90.05,completed,0.4022
O501330,C100403,2024-08-21,web,accessories,1,74.29,14.86,59.43,29.35,30.08,completed,0.5061
O501602,C100464,2024-08-21,web,footwear,1,125.61,0.0,125.61,74.34,51.27,completed,0.4082
O501602,C100464,2024-08-21,web,electronics,2,388.19,155.28,621.1,537.2,83.9,completed,0.1351
O501617,C100470,2024-08-21,web,beauty,1,18.19,2.73,15.46,7.54,7.92,completed,0.5123
O501617,C100470,2024-08-21,web,accessories,1,31.48,0.0,31.48,15.62,15.86,completed,0.5038
O502497,C100712,2024-08-21,web,home,1,74.36,11.15,63.21,40.4,22.81,completed,0.3609
O502497,C100712,2024-08-21,web,beauty,1,36.33,1.82,34.51,16.23,18.28,completed,0.5297
O502497,C100712,2024-08-21,web,footwear,1,96.65,0.0,96.65,59.39,37.26,completed,0.3855
O502705,C100772,2024-08-21,web,apparel,1,44.28,0.0,44.28,24.72,19.56,completed,0.4417
O500282,C100089,2024-08-22,retail_partner,accessories,3,37.71,0.0,113.13,57.78,55.35,completed,0.4893
O500282,C100089,2024-08-22,retail_partner,beauty,1,25.93,2.59,23.34,10.84,12.5,completed,0.5356
O500282,C100089,2024-08-22,retail_partner,footwear,2,58.44,0.0,116.88,69.01,47.87,completed,0.4096
O501571,C100455,2024-08-22,web,beauty,3,36.8,0.0,110.4,51.31,59.09,completed,0.5352
O501579,C100458,2024-08-22,web,apparel,1,40.24,8.05,32.19,16.52,15.67,completed,0.4868
O501579,C100458,2024-08-22,web,accessories,1,39.57,0.0,39.57,20.05,19.52,completed,0.4933
O501805,C100508,2024-08-22,mobile_app,electronics,3,249.23,0.0,747.69,584.18,163.51,completed,0.2187
O501805,C100508,2024-08-22,mobile_app,apparel,2,112.8,0.0,225.6,127.16,98.44,completed,0.4363
O502162,C100616,2024-08-22,mobile_app,accessories,3,45.84,0.0,137.52,66.35,71.17,completed,0.5175
O502162,C100616,2024-08-22,mobile_app,footwear,1,108.72,21.74,86.98,48.23,38.75,completed,0.4455
O503197,C100891,2024-08-22,web,home,3,71.53,10.73,203.86,112.67,91.19,completed,0.4473
O500247,C100077,2024-08-23,web,home,3,76.28,45.77,183.07,115.12,67.95,completed,0.3712
O500247,C100077,2024-08-23,web,beauty,3,42.0,0.0,126.0,60.77,65.23,completed,0.5177
O500881,C100262,2024-08-23,marketplace,home,2,191.34,38.27,344.41,217.98,126.43,completed,0.3671
O500919,C100273,2024-08-23,mobile_app,beauty,1,40.29,8.06,32.23,15.56,16.67,completed,0.5172
O500919,C100273,2024-08-23,mobile_app,footwear,2,198.31,19.83,376.79,221.43,155.36,completed,0.4123
O500919,C100273,2024-08-23,mobile_app,apparel,3,88.87,26.66,239.95,130.75,109.2,completed,0.4551
O500987,C100284,2024-08-23,web,footwear,3,91.29,27.39,246.48,143.28,103.2,completed,0.4187
O500987,C100284,2024-08-23,web,footwear,2,85.79,17.16,154.42,96.46,57.96,completed,0.3753
O500987,C100284,2024-08-23,web,electronics,3,171.31,25.7,488.23,425.59,62.64,completed,0.1283
O501909,C100540,2024-08-23,web,home,3,121.55,54.7,309.95,210.81,99.14,completed,0.3199
O501909,C100540,2024-08-23,web,electronics,3,375.85,169.13,958.42,753.49,204.93,completed,0.2138
O502070,C100588,2024-08-23,web,accessories,3,27.46,4.12,78.26,36.12,42.14,completed,0.5385
O502070,C100588,2024-08-23,web,beauty,1,26.71,4.01,22.7,11.43,11.27,completed,0.4965
O502392,C100677,2024-08-23,web,apparel,2,83.49,25.05,141.93,80.53,61.4,completed,0.4326
O502416,C100685,2024-08-23,web,home,3,50.52,30.31,121.25,68.43,52.82,completed,0.4356
O502416,C100685,2024-08-23,web,footwear,2,96.63,0.0,193.26,122.7,70.56,completed,0.3651
O502568,C100732,2024-08-23,web,home,3,55.11,24.8,140.53,92.86,47.67,completed,0.3392
O500607,C100186,2024-08-24,web,beauty,3,22.19,3.33,63.24,32.77,30.47,completed,0.4818
O500607,C100186,2024-08-24,web,apparel,3,52.27,7.84,148.97,83.86,65.11,completed,0.4371
O500607,C100186,2024-08-24,web,accessories,1,51.78,0.0,51.78,26.06,25.72,completed,0.4967
O500765,C100233,2024-08-24,retail_partner,footwear,3,166.06,0.0,498.18,306.61,191.57,completed,0.3845
O500765,C100233,2024-08-24,retail_partner,apparel,3,91.39,13.71,260.46,147.15,113.31,completed,0.435
O500766,C100233,2024-08-24,mobile_app,accessories,2,67.2,26.88,107.52,51.41,56.11,completed,0.5219
O501073,C100319,2024-08-24,web,accessories,3,36.8,0.0,110.4,54.1,56.3,completed,0.51
O501073,C100319,2024-08-24,web,electronics,1,187.83,28.17,159.66,123.67,35.99,completed,0.2254
O501086,C100325,2024-08-24,web,accessories,3,28.04,4.21,79.91,41.4,38.51,completed,0.4819
O501086,C100325,2024-08-24,web,beauty,3,34.84,10.45,94.07,45.64,48.43,completed,0.5148
O501086,C100325,2024-08-24,web,apparel,3,61.41,36.85,147.38,81.39,65.99,completed,0.4478
O501294,C100395,2024-08-24,web,apparel,3,67.36,0.0,202.08,105.66,96.42,completed,0.4771
O501294,C100395,2024-08-24,web,accessories,3,54.47,0.0,163.41,80.49,82.92,completed,0.5074
O501758,C100501,2024-08-24,marketplace,apparel,2,40.18,12.05,68.31,39.38,28.93,completed,0.4235
O501831,C100514,2024-08-24,web,footwear,2,103.07,30.92,175.22,101.45,73.77,completed,0.421
O501831,C100514,2024-08-24,web,accessories,3,44.0,0.0,132.0,59.21,72.79,completed,0.5514
O501831,C100514,2024-08-24,web,home,1,66.97,6.7,60.27,41.36,18.91,completed,0.3138
O502082,C100594,2024-08-24,marketplace,accessories,1,50.25,0.0,50.25,26.33,23.92,completed,0.476
O502586,C100737,2024-08-24,web,apparel,3,52.7,0.0,158.1,78.27,79.83,completed,0.5049
O502586,C100737,2024-08-24,web,accessories,3,56.22,33.73,134.93,74.79,60.14,completed,0.4457
O502586,C100737,2024-08-24,web,beauty,2,35.62,3.56,67.68,34.26,33.42,completed,0.4938
O502660,C100764,2024-08-24,mobile_app,beauty,1,39.38,3.94,35.44,15.55,19.89,completed,0.5612
O502660,C100764,2024-08-24,mobile_app,footwear,1,94.34,0.0,94.34,58.85,35.49,completed,0.3762
O502753,C100785,2024-08-24,retail_partner,electronics,1,291.62,0.0,291.62,232.41,59.21,completed,0.203
O502753,C100785,2024-08-24,retail_partner,footwear,1,133.21,0.0,133.21,79.87,53.34,completed,0.4004
O502753,C100785,2024-08-24,retail_partner,footwear,2,116.18,23.24,209.12,132.38,76.74,completed,0.367
O503029,C100848,2024-08-24,web,accessories,3,35.63,0.0,106.89,51.5,55.39,completed,0.5182
O500022,C100009,2024-08-25,mobile_app,home,3,44.85,0.0,134.55,85.05,49.5,completed,0.3679
O500022,C100009,2024-08-25,mobile_app,footwear,3,79.87,47.92,191.69,115.52,76.17,completed,0.3974
O500022,C100009,2024-08-25,mobile_app,beauty,3,27.31,0.0,81.93,39.15,42.78,completed,0.5222
O501017,C100294,2024-08-25,retail_partner,beauty,3,34.48,0.0,103.44,48.26,55.18,completed,0.5334
O501194,C100362,2024-08-25,marketplace,apparel,2,80.93,0.0,161.86,88.95,72.91,completed,0.4505
O502163,C100616,2024-08-25,marketplace,apparel,2,35.65,0.0,71.3,37.14,34.16,completed,0.4791
O502163,C100616,2024-08-25,marketplace,apparel,2,67.64,27.06,108.22,55.21,53.01,completed,0.4898
O502242,C100634,2024-08-25,mobile_app,beauty,3,41.41,0.0,124.23,57.41,66.82,completed,0.5379
O500189,C100064,2024-08-26,web,accessories,1,110.3,0.0,110.3,59.17,51.13,completed,0.4636
O500189,C100064,2024-08-26,web,footwear,2,178.96,0.0,357.92,197.06,160.86,completed,0.4494
O500248,C100077,2024-08-26,mobile_app,home,1,49.49,0.0,49.49,32.92,16.57,completed,0.3348
O500248,C100077,2024-08-26,mobile_app,apparel,2,44.85,13.46,76.24,40.5,35.74,completed,0.4688
O500581,C100179,2024-08-26,mobile_app,beauty,3,56.38,33.83,135.31,61.65,73.66,completed,0.5444
O500608,C100186,2024-08-26,mobile_app,accessories,2,42.82,17.13,68.51,36.88,31.63,completed,0.4617
O500608,C100186,2024-08-26,mobile_app,apparel,2,59.73,0.0,119.46,63.7,55.76,completed,0.4668
O501590,C100462,2024-08-26,web,electronics,2,462.94,138.88,787.0,706.7,80.3,completed,0.102
O501591,C100462,2024-08-26,retail_partner,accessories,1,87.65,13.15,74.5,41.06,33.44,completed,0.4489
O501591,C100462,2024-08-26,retail_partner,home,2,172.71,0.0,345.42,223.63,121.79,completed,0.3526
O502260,C100639,2024-08-26,marketplace,beauty,1,58.84,5.88,52.96,27.76,25.2,completed,0.4758
O502932,C100824,2024-08-26,mobile_app,footwear,3,169.03,0.0,507.09,308.05,199.04,completed,0.3925
O502932,C100824,2024-08-26,mobile_app,footwear,1,121.86,24.37,97.49,60.18,37.31,completed,0.3827
O501352,C100408,2024-08-27,mobile_app,accessories,2,37.74,7.55,67.93,32.62,35.31,completed,0.5198
O502269,C100640,2024-08-27,marketplace,footwear,3,58.17,0.0,174.51,107.23,67.28,completed,0.3855
O500119,C100049,2024-08-28,marketplace,apparel,1,51.75,10.35,41.4,21.23,20.17,completed,0.4872
O500119,C100049,2024-08-28,marketplace,beauty,3,21.4,6.42,57.78,28.94,28.84,completed,0.4991
O500865,C100257,2024-08-28,marketplace,beauty,3,23.69,10.66,60.41,30.5,29.91,completed,0.4951
O500865,C100257,2024-08-28,marketplace,beauty,3,31.7,0.0,95.1,40.76,54.34,completed,0.5714
O500865,C100257,2024-08-28,marketplace,beauty,3,21.33,0.0,63.99,30.52,33.47,completed,0.5231
O501043,C100304,2024-08-28,mobile_app,home,1,56.26,0.0,56.26,35.05,21.21,completed,0.377
O501043,C100304,2024-08-28,mobile_app,electronics,2,271.98,0.0,543.96,439.17,104.79,completed,0.1926
O501043,C100304,2024-08-28,mobile_app,beauty,2,37.73,15.09,60.37,31.02,29.35,completed,0.4862
O501881,C100534,2024-08-28,web,home,3,65.16,0.0,195.48,113.28,82.2,completed,0.4205
O502261,C100639,2024-08-28,web,electronics,1,502.63,0.0,502.63,425.68,76.95,completed,0.1531
O500376,C100125,2024-08-29,retail_partner,accessories,1,44.95,0.0,44.95,20.3,24.65,completed,0.5484
O500376,C100125,2024-08-29,retail_partner,home,1,72.44,14.49,57.95,35.69,22.26,completed,0.3841
O500381,C100128,2024-08-29,mobile_app,home,2,128.14,38.44,217.84,136.66,81.18,completed,0.3727
O500381,C100128,2024-08-29,mobile_app,electronics,2,229.24,68.77,389.71,302.22,87.49,completed,0.2245
O500381,C100128,2024-08-29,mobile_app,apparel,2,103.05,10.3,195.8,114.62,81.18,completed,0.4146
O500816,C100246,2024-08-29,mobile_app,accessories,2,69.77,0.0,139.54,68.32,71.22,completed,0.5104
O501195,C100362,2024-08-29,marketplace,home,1,147.61,7.38,140.23,91.7,48.53,completed,0.3461
O501195,C100362,2024-08-29,marketplace,beauty,1,34.93,1.75,33.18,16.31,16.87,completed,0.5084
O501195,C100362,2024-08-29,marketplace,home,1,141.99,28.4,113.59,76.73,36.86,completed,0.3245
O501688,C100481,2024-08-29,web,accessories,3,50.8,0.0,152.4,77.79,74.61,completed,0.4896
O501888,C100535,2024-08-29,web,electronics,1,274.54,41.18,233.36,210.83,22.53,completed,0.0965
O501985,C100559,2024-08-29,mobile_app,apparel,1,45.7,0.0,45.7,26.07,19.63,completed,0.4295
O501985,C100559,2024-08-29,mobile_app,footwear,1,70.13,0.0,70.13,41.12,29.01,completed,0.4137
O502020,C100575,2024-08-29,retail_partner,beauty,3,58.86,35.32,141.26,61.66,79.6,completed,0.5635
O502191,C100621,2024-08-29,web,accessories,1,41.7,6.25,35.45,18.44,17.01,completed,0.4798
O502191,C100621,2024-08-29,web,home,1,62.98,0.0,62.98,38.85,24.13,completed,0.3831
O502191,C100621,2024-08-29,web,beauty,2,20.66,2.07,39.25,18.36,20.89,completed,0.5322
O502377,C100672,2024-08-29,mobile_app,accessories,3,48.99,0.0,146.97,77.53,69.44,completed,0.4725
O502377,C100672,2024-08-29,mobile_app,beauty,1,20.26,0.0,20.26,9.62,10.64,completed,0.5252
O502393,C100677,2024-08-29,marketplace,apparel,1,115.6,0.0,115.6,66.21,49.39,completed,0.4272
O502393,C100677,2024-08-29,marketplace,electronics,3,298.49,44.77,850.7,768.81,81.89,completed,0.0963
O502613,C100746,2024-08-29,retail_partner,footwear,1,114.38,11.44,102.94,56.45,46.49,completed,0.4516
O502706,C100773,2024-08-29,web,home,1,80.96,0.0,80.96,56.4,24.56,completed,0.3034
O502706,C100773,2024-08-29,web,home,3,82.78,0.0,248.34,149.72,98.62,completed,0.3971
O500098,C100043,2024-08-30,retail_partner,apparel,2,71.49,7.15,135.83,71.6,64.23,completed,0.4729
O500098,C100043,2024-08-30,retail_partner,beauty,1,62.68,0.0,62.68,31.83,30.85,completed,0.4922
O500098,C100043,2024-08-30,retail_partner,accessories,1,64.56,0.0,64.56,33.49,31.07,completed,0.4813
O500154,C100058,2024-08-30,mobile_app,footwear,3,73.03,43.82,175.27,95.08,80.19,completed,0.4575
O500154,C100058,2024-08-30,mobile_app,apparel,3,53.3,0.0,159.9,78.67,81.23,completed,0.508
O500154,C100058,2024-08-30,mobile_app,electronics,2,160.52,64.21,256.83,218.69,38.14,completed,0.1485
O500382,C100128,2024-08-30,mobile_app,electronics,1,224.75,44.95,179.8,151.95,27.85,completed,0.1549
O500382,C100128,2024-08-30,mobile_app,apparel,2,82.99,33.2,132.78,76.47,56.31,completed,0.4241
O500454,C100147,2024-08-30,mobile_app,home,2,52.56,21.02,84.1,53.09,31.01,completed,0.3687
O500460,C100151,2024-08-30,marketplace,accessories,1,46.68,2.33,44.35,20.54,23.81,completed,0.5369
O500920,C100273,2024-08-30,web,beauty,3,47.54,28.52,114.1,60.55,53.55,completed,0.4693
O500920,C100273,2024-08-30,web,beauty,1,56.85,8.53,48.32,22.9,25.42,completed,0.5261
O500920,C100273,2024-08-30,web,apparel,1,82.62,16.52,66.1,37.67,28.43,completed,0.4301
O501025,C100296,2024-08-30,mobile_app,accessories,2,34.03,13.61,54.45,27.69,26.76,completed,0.4915
O501025,C100296,2024-08-30,mobile_app,electronics,2,244.33,97.73,390.93,326.55,64.38,completed,0.1647
O501025,C100296,2024-08-30,mobile_app,home,3,71.13,0.0,213.39,137.68,75.71,completed,0.3548
O501510,C100443,2024-08-30,marketplace,accessories,2,36.63,3.66,69.6,34.34,35.26,completed,0.5066
O501510,C100443,2024-08-30,marketplace,footwear,1,62.69,0.0,62.69,37.8,24.89,completed,0.397
O501510,C100443,2024-08-30,marketplace,electronics,3,223.7,100.66,570.44,474.44,96.0,completed,0.1683
O502394,C100677,2024-08-30,mobile_app,electronics,3,269.51,161.71,646.82,501.9,144.92,completed,0.224
O502394,C100677,2024-08-30,mobile_app,accessories,2,66.6,0.0,133.2,67.84,65.36,completed,0.4907
O502772,C100791,2024-08-30,mobile_app,apparel,2,56.22,0.0,112.44,58.27,54.17,completed,0.4818
O502772,C100791,2024-08-30,mobile_app,accessories,3,50.81,0.0,152.43,70.16,82.27,completed,0.5397
O502971,C100832,2024-08-30,retail_partner,beauty,2,14.61,0.0,29.22,12.84,16.38,completed,0.5606
O502971,C100832,2024-08-30,retail_partner,electronics,3,191.6,0.0,574.8,517.49,57.31,completed,0.0997
O500056,C100023,2024-08-31,mobile_app,accessories,1,54.04,10.81,43.23,22.66,20.57,completed,0.4758
O500341,C100111,2024-08-31,web,apparel,2,51.48,20.59,82.37,47.16,35.21,completed,0.4275
O500341,C100111,2024-08-31,web,home,1,126.52,0.0,126.52,82.42,44.1,completed,0.3486
O500541,C100170,2024-08-31,web,apparel,1,42.53,0.0,42.53,24.55,17.98,completed,0.4228
O500541,C100170,2024-08-31,web,home,3,73.41,33.03,187.2,108.05,79.15,completed,0.4228
O500991,C100287,2024-08-31,retail_partner,footwear,3,114.48,17.17,326.27,227.07,99.2,completed,0.304
O500991,C100287,2024-08-31,retail_partner,beauty,3,40.2,0.0,120.6,53.45,67.15,completed,0.5568
O500991,C100287,2024-08-31,retail_partner,footwear,1,66.83,6.68,60.15,36.19,23.96,completed,0.3983
O501233,C100376,2024-08-31,web,apparel,3,24.39,0.0,73.17,39.49,33.68,completed,0.4603
O501233,C100376,2024-08-31,web,footwear,1,84.05,12.61,71.44,42.12,29.32,completed,0.4104
O501889,C100535,2024-08-31,web,beauty,1,53.88,0.0,53.88,24.97,28.91,completed,0.5366
O501889,C100535,2024-08-31,web,accessories,3,69.91,31.46,178.27,85.4,92.87,completed,0.521
O502290,C100643,2024-08-31,mobile_app,beauty,1,27.6,0.0,27.6,13.4,14.2,completed,0.5145
O502290,C100643,2024-08-31,mobile_app,accessories,2,45.29,0.0,90.58,44.16,46.42,completed,0.5125
O502520,C100719,2024-08-31,web,accessories,2,36.48,14.59,58.37,30.55,27.82,completed,0.4766
O502520,C100719,2024-08-31,web,electronics,2,180.91,0.0,361.82,279.81,82.01,completed,0.2267
O503168,C100879,2024-08-31,web,electronics,2,263.38,52.68,474.08,388.66,85.42,completed,0.1802
O503168,C100879,2024-08-31,web,footwear,1,167.53,0.0,167.53,98.57,68.96,completed,0.4116
O503168,C100879,2024-08-31,web,beauty,1,48.78,7.32,41.46,21.48,19.98,completed,0.4819
O503172,C100880,2024-08-31,web,home,3,66.02,0.0,198.06,134.14,63.92,completed,0.3227
O503172,C100880,2024-08-31,web,footwear,3,92.76,41.74,236.54,140.77,95.77,completed,0.4049
O500521,C100163,2024-09-01,mobile_app,accessories,1,33.42,3.34,30.08,14.45,15.63,completed,0.5196
O500521,C100163,2024-09-01,mobile_app,beauty,2,18.14,1.81,34.47,17.88,16.59,completed,0.4813
O500767,C100233,2024-09-01,mobile_app,apparel,2,96.01,38.4,153.62,81.02,72.6,completed,0.4726
O501403,C100424,2024-09-01,web,beauty,1,69.15,0.0,69.15,30.54,38.61,completed,0.5584
O501826,C100513,2024-09-01,mobile_app,accessories,3,114.6,68.76,275.04,139.46,135.58,completed,0.4929
O501826,C100513,2024-09-01,mobile_app,electronics,1,275.64,0.0,275.64,234.46,41.18,completed,0.1494
O501826,C100513,2024-09-01,mobile_app,home,3,90.52,40.73,230.83,144.07,86.76,completed,0.3759
O502634,C100752,2024-09-01,web,home,3,59.78,17.93,161.41,104.34,57.07,completed,0.3536
O502634,C100752,2024-09-01,web,electronics,3,166.52,0.0,499.56,465.93,33.63,completed,0.0673
O502634,C100752,2024-09-01,web,home,2,70.59,0.0,141.18,82.12,59.06,completed,0.4183
O502736,C100781,2024-09-01,web,beauty,2,51.96,20.78,83.14,36.87,46.27,completed,0.5565
O502736,C100781,2024-09-01,web,accessories,2,62.59,0.0,125.18,65.02,60.16,completed,0.4806
O500257,C100078,2024-09-02,mobile_app,home,3,141.44,0.0,424.32,258.0,166.32,completed,0.392
O500510,C100160,2024-09-02,web,footwear,1,192.61,19.26,173.35,101.28,72.07,completed,0.4157
O500510,C100160,2024-09-02,web,footwear,2,147.2,0.0,294.4,167.74,126.66,completed,0.4302
O500510,C100160,2024-09-02,web,home,2,152.88,0.0,305.76,195.65,110.11,completed,0.3601
O500600,C100184,2024-09-02,mobile_app,footwear,3,73.62,22.09,198.77,120.34,78.43,completed,0.3946
O500717,C100216,2024-09-02,mobile_app,beauty,2,25.04,0.0,50.08,25.8,24.28,completed,0.4848
O500717,C100216,2024-09-02,mobile_app,footwear,1,55.34,2.77,52.57,31.76,20.81,completed,0.3959
O500795,C100238,2024-09-02,mobile_app,home,1,54.67,0.0,54.67,31.18,23.49,completed,0.4297
O500927,C100274,2024-09-02,web,beauty,3,44.9,0.0,134.7,70.29,64.41,completed,0.4782
O500927,C100274,2024-09-02,web,electronics,3,403.96,242.38,969.5,837.0,132.5,completed,0.1367
O500927,C100274,2024-09-02,web,beauty,2,46.99,0.0,93.98,41.77,52.21,completed,0.5555
O501196,C100362,2024-09-02,web,apparel,2,106.98,21.4,192.56,100.95,91.61,completed,0.4757
O501196,C100362,2024-09-02,web,electronics,1,266.68,0.0,266.68,243.4,23.28,completed,0.0873
O501910,C100540,2024-09-02,web,apparel,1,126.79,25.36,101.43,50.9,50.53,completed,0.4982
O501910,C100540,2024-09-02,web,home,3,120.01,0.0,360.03,216.88,143.15,completed,0.3976
O502140,C100614,2024-09-02,web,home,2,160.39,16.04,304.74,180.84,123.9,completed,0.4066
O502140,C100614,2024-09-02,web,home,2,97.61,39.04,156.18,98.99,57.19,completed,0.3662
O502305,C100649,2024-09-02,mobile_app,accessories,3,63.28,9.49,180.35,93.14,87.21,completed,0.4836
O502305,C100649,2024-09-02,mobile_app,beauty,2,43.15,0.0,86.3,37.64,48.66,completed,0.5638
O502545,C100724,2024-09-02,web,electronics,2,228.34,0.0,456.68,386.14,70.54,completed,0.1545
O502545,C100724,2024-09-02,web,electronics,1,226.42,45.28,181.14,158.75,22.39,completed,0.1236
O502691,C100768,2024-09-02,mobile_app,home,3,111.74,67.04,268.18,154.21,113.97,completed,0.425
O502691,C100768,2024-09-02,mobile_app,apparel,3,122.61,73.57,294.26,158.89,135.37,completed,0.46
O500039,C100016,2024-09-03,marketplace,apparel,1,90.47,0.0,90.47,51.58,38.89,completed,0.4299
O500258,C100078,2024-09-03,marketplace,footwear,2,261.38,52.28,470.48,272.56,197.92,completed,0.4207
O500258,C100078,2024-09-03,marketplace,apparel,3,95.69,14.35,272.72,164.62,108.1,completed,0.3964
O500258,C100078,2024-09-03,marketplace,home,3,153.48,92.09,368.35,236.42,131.93,completed,0.3582
O500303,C100098,2024-09-03,mobile_app,home,3,53.59,0.0,160.77,96.72,64.05,completed,0.3984
O500448,C100145,2024-09-03,web,accessories,1,71.02,10.65,60.37,28.16,32.21,completed,0.5335
O502141,C100614,2024-09-03,marketplace,accessories,2,78.8,31.52,126.08,61.39,64.69,completed,0.5131
O502141,C100614,2024-09-03,marketplace,home,2,145.7,0.0,291.4,177.76,113.64,completed,0.39
O502388,C100676,2024-09-03,mobile_app,electronics,3,191.87,57.56,518.05,431.97,86.08,completed,0.1662
O502754,C100785,2024-09-03,web,accessories,2,73.09,21.93,124.25,60.6,63.65,completed,0.5123
O502754,C100785,2024-09-03,web,footwear,1,153.12,0.0,153.12,99.24,53.88,completed,0.3519
O500322,C100108,2024-09-04,web,electronics,1,224.19,11.21,212.98,171.74,41.24,completed,0.1936
O500449,C100145,2024-09-04,mobile_app,footwear,1,181.32,0.0,181.32,105.89,75.43,completed,0.416
O500928,C100274,2024-09-04,mobile_app,footwear,2,169.48,0.0,338.96,204.53,134.43,completed,0.3966
O500928,C100274,2024-09-04,mobile_app,accessories,1,84.23,0.0,84.23,40.94,43.29,completed,0.5139
O501027,C100297,2024-09-04,web,apparel,3,61.83,0.0,185.49,106.04,79.45,completed,0.4283
O501027,C100297,2024-09-04,web,apparel,3,51.06,0.0,153.18,89.76,63.42,completed,0.414
O501372,C100416,2024-09-04,web,electronics,1,105.77,15.87,89.9,73.98,15.92,completed,0.1771
O501372,C100416,2024-09-04,web,home,1,61.07,0.0,61.07,35.12,25.95,completed,0.4249
O501372,C100416,2024-09-04,web,beauty,1,35.4,3.54,31.86,14.99,16.87,completed,0.5295
O501476,C100436,2024-09-04,web,beauty,3,42.69,0.0,128.07,58.83,69.24,completed,0.5406
O501476,C100436,2024-09-04,web,home,2,104.04,10.4,197.68,118.68,79.0,completed,0.3996
O501499,C100441,2024-09-04,marketplace,footwear,2,159.59,0.0,319.18,194.54,124.64,completed,0.3905
O501499,C100441,2024-09-04,marketplace,accessories,2,66.85,0.0,133.7,63.28,70.42,completed,0.5267
O501576,C100457,2024-09-04,web,electronics,2,151.61,30.32,272.9,216.01,56.89,completed,0.2085
O501576,C100457,2024-09-04,web,footwear,1,68.19,6.82,61.37,40.92,20.45,completed,0.3332
O501576,C100457,2024-09-04,web,footwear,1,96.44,14.47,81.97,49.08,32.89,completed,0.4012
O501851,C100520,2024-09-04,web,home,3,49.99,0.0,149.97,93.45,56.52,completed,0.3769
O502313,C100650,2024-09-04,web,footwear,2,216.94,21.69,412.19,240.29,171.9,completed,0.417
O502661,C100764,2024-09-04,retail_partner,accessories,2,39.62,3.96,75.28,38.08,37.2,completed,0.4942
O502661,C100764,2024-09-04,retail_partner,electronics,3,239.11,71.73,645.6,496.63,148.97,completed,0.2307
O500059,C100026,2024-09-05,web,electronics,3,196.01,0.0,588.03,428.67,159.36,completed,0.271
O500059,C100026,2024-09-05,web,electronics,2,182.56,18.26,346.86,271.6,75.26,completed,0.217
O500059,C100026,2024-09-05,web,accessories,1,38.07,0.0,38.07,19.0,19.07,completed,0.5009
O500342,C100111,2024-09-05,mobile_app,home,1,81.5,0.0,81.5,47.69,33.81,completed,0.4148
O500588,C100181,2024-09-05,mobile_app,electronics,1,128.38,0.0,128.38,108.78,19.6,completed,0.1527
O500588,C100181,2024-09-05,mobile_app,accessories,3,36.41,21.85,87.38,39.63,47.75,completed,0.5465
O500588,C100181,2024-09-05,mobile_app,electronics,3,162.48,0.0,487.44,410.34,77.1,completed,0.1582
O500768,C100233,2024-09-05,mobile_app,apparel,3,75.47,33.96,192.45,100.4,92.05,completed,0.4783
O500768,C100233,2024-09-05,mobile_app,beauty,2,44.93,0.0,89.86,43.06,46.8,completed,0.5208
O500889,C100266,2024-09-05,web,accessories,2,32.94,0.0,65.88,32.26,33.62,completed,0.5103
O500889,C100266,2024-09-05,web,home,2,35.62,14.25,56.99,33.98,23.01,completed,0.4038
O501482,C100438,2024-09-05,mobile_app,beauty,2,35.97,10.79,61.15,29.21,31.94,completed,0.5223
O501482,C100438,2024-09-05,mobile_app,electronics,2,156.28,15.63,296.93,234.54,62.39,completed,0.2101
O501898,C100537,2024-09-05,web,accessories,3,54.72,16.42,147.74,68.01,79.73,completed,0.5397
O501898,C100537,2024-09-05,web,footwear,2,122.07,0.0,244.14,153.89,90.25,completed,0.3697
O501898,C100537,2024-09-05,web,footwear,1,121.98,6.1,115.88,67.35,48.53,completed,0.4188
O502557,C100728,2024-09-05,web,apparel,1,36.65,7.33,29.32,16.44,12.88,completed,0.4393
O502557,C100728,2024-09-05,web,accessories,1,41.78,0.0,41.78,21.55,20.23,completed,0.4842
O502636,C100753,2024-09-05,web,home,3,52.61,0.0,157.83,98.48,59.35,completed,0.376
O502636,C100753,2024-09-05,web,electronics,3,202.97,0.0,608.91,554.44,54.47,completed,0.0895
O502636,C100753,2024-09-05,web,home,3,48.41,21.78,123.45,80.0,43.45,completed,0.352
O500511,C100160,2024-09-06,mobile_app,footwear,2,107.05,0.0,214.1,128.09,86.01,completed,0.4017
O500511,C100160,2024-09-06,mobile_app,beauty,3,44.12,0.0,132.36,55.59,76.77,completed,0.58
O501234,C100377,2024-09-06,web,footwear,1,70.6,10.59,60.01,37.31,22.7,completed,0.3783
O502061,C100586,2024-09-06,web,electronics,3,217.05,97.67,553.48,491.93,61.55,completed,0.1112
O503210,C100896,2024-09-06,retail_partner,apparel,1,58.32,2.92,55.4,28.76,26.64,completed,0.4809
O503210,C100896,2024-09-06,retail_partner,footwear,1,77.85,15.57,62.28,40.27,22.01,completed,0.3534
O500533,C100168,2024-09-07,marketplace,beauty,3,48.51,21.83,123.7,62.52,61.18,completed,0.4946
O500769,C100233,2024-09-07,marketplace,electronics,3,288.96,86.69,780.19,625.1,155.09,completed,0.1988
O500769,C100233,2024-09-07,marketplace,electronics,3,272.91,122.81,695.92,559.64,136.28,completed,0.1958
O500982,C100282,2024-09-07,retail_partner,footwear,1,83.68,12.55,71.13,42.36,28.77,completed,0.4045
O500982,C100282,2024-09-07,retail_partner,footwear,3,99.54,0.0,298.62,181.61,117.01,completed,0.3918
O500982,C100282,2024-09-07,retail_partner,electronics,1,192.78,19.28,173.5,143.45,30.05,completed,0.1732
O501345,C100406,2024-09-07,web,accessories,1,43.92,0.0,43.92,21.46,22.46,completed,0.5114
O501345,C100406,2024-09-07,web,apparel,1,60.5,0.0,60.5,34.26,26.24,completed,0.4337
O501345,C100406,2024-09-07,web,accessories,1,60.69,9.1,51.59,27.51,24.08,completed,0.4668
O501903,C100538,2024-09-07,web,electronics,2,148.23,0.0,296.46,230.84,65.62,completed,0.2213
O503146,C100875,2024-09-07,web,accessories,1,85.16,0.0,85.16,41.98,43.18,completed,0.507
O503146,C100875,2024-09-07,web,footwear,1,222.88,33.43,189.45,130.62,58.83,completed,0.3105
O503146,C100875,2024-09-07,web,electronics,1,355.99,0.0,355.99,296.17,59.82,completed,0.168
O500011,C100002,2024-09-08,web,accessories,2,46.56,18.62,74.5,36.86,37.64,completed,0.5052
O500011,C100002,2024-09-08,web,beauty,3,29.39,8.82,79.35,39.75,39.6,completed,0.4991
O500383,C100128,2024-09-08,web,electronics,2,348.89,139.56,558.22,443.4,114.82,completed,0.2057
O500557,C100175,2024-09-08,mobile_app,apparel,3,67.07,0.0,201.21,113.54,87.67,completed,0.4357
O500557,C100175,2024-09-08,mobile_app,accessories,3,50.17,0.0,150.51,78.65,71.86,completed,0.4774
O500557,C100175,2024-09-08,mobile_app,electronics,2,346.38,0.0,692.76,551.75,141.01,completed,0.2035
O501518,C100446,2024-09-08,marketplace,electronics,1,249.19,0.0,249.19,202.82,46.37,completed,0.1861
O501528,C100451,2024-09-08,web,electronics,1,223.76,33.56,190.2,159.11,31.09,completed,0.1635
O501697,C100482,2024-09-08,marketplace,apparel,2,40.52,16.21,64.83,32.41,32.42,completed,0.5001
O501697,C100482,2024-09-08,marketplace,home,3,71.12,0.0,213.36,144.58,68.78,completed,0.3224
O503189,C100887,2024-09-08,marketplace,beauty,3,38.63,23.18,92.71,44.43,48.28,completed,0.5208
O503189,C100887,2024-09-08,marketplace,accessories,3,58.63,8.79,167.1,76.82,90.28,completed,0.5403
O500166,C100062,2024-09-09,retail_partner,electronics,2,296.78,0.0,593.56,449.83,143.73,completed,0.2421
O500166,C100062,2024-09-09,retail_partner,accessories,3,83.24,12.49,237.23,128.53,108.7,completed,0.4582
O500166,C100062,2024-09-09,retail_partner,accessories,1,71.36,14.27,57.09,25.66,31.43,completed,0.5505
O500846,C100250,2024-09-09,mobile_app,footwear,1,89.19,0.0,89.19,49.58,39.61,completed,0.4441
O500846,C100250,2024-09-09,mobile_app,footwear,3,181.93,27.29,518.5,314.64,203.86,completed,0.3932
O501445,C100429,2024-09-09,retail_partner,footwear,2,125.7,0.0,251.4,156.65,94.75,completed,0.3769
O501445,C100429,2024-09-09,retail_partner,home,3,92.99,0.0,278.97,184.65,94.32,completed,0.3381
O501445,C100429,2024-09-09,retail_partner,home,3,106.08,31.82,286.42,172.83,113.59,completed,0.3966
O501878,C100532,2024-09-09,marketplace,footwear,1,82.42,16.48,65.94,38.44,27.5,completed,0.417
O501878,C100532,2024-09-09,marketplace,beauty,3,22.0,6.6,59.4,26.88,32.52,completed,0.5475
O502714,C100776,2024-09-09,marketplace,accessories,1,43.1,6.46,36.64,18.37,18.27,completed,0.4986
O502714,C100776,2024-09-09,marketplace,apparel,2,48.77,14.63,82.91,43.52,39.39,completed,0.4751
O503045,C100850,2024-09-09,mobile_app,beauty,1,25.73,5.15,20.58,9.79,10.79,completed,0.5243
O500023,C100009,2024-09-10,retail_partner,footwear,3,64.87,0.0,194.61,119.3,75.31,completed,0.387
O500023,C100009,2024-09-10,retail_partner,beauty,1,17.69,0.0,17.69,8.45,9.24,completed,0.5223
O500023,C100009,2024-09-10,retail_partner,footwear,1,95.88,4.79,91.09,56.36,34.73,completed,0.3813
O500076,C100034,2024-09-10,web,home,2,94.17,0.0,188.34,113.35,74.99,completed,0.3982
O500076,C100034,2024-09-10,web,apparel,2,72.38,21.71,123.05,69.56,53.49,completed,0.4347
O500770,C100233,2024-09-10,mobile_app,accessories,2,42.67,0.0,85.34,44.73,40.61,completed,0.4759
O500817,C100246,2024-09-10,web,beauty,1,65.52,6.55,58.97,28.31,30.66,completed,0.5199
O501137,C100350,2024-09-10,mobile_app,beauty,3,21.68,3.25,61.79,29.13,32.66,completed,0.5286
O501137,C100350,2024-09-10,mobile_app,beauty,1,21.2,4.24,16.96,8.93,8.03,completed,0.4735
O501137,C100350,2024-09-10,mobile_app,accessories,3,49.59,29.75,119.02,61.15,57.87,completed,0.4862
O501230,C100374,2024-09-10,mobile_app,electronics,1,180.94,0.0,180.94,146.57,34.37,completed,0.19
O501549,C100453,2024-09-10,marketplace,electronics,1,307.43,0.0,307.43,248.71,58.72,completed,0.191
O501549,C100453,2024-09-10,marketplace,footwear,3,157.78,47.33,426.01,246.51,179.5,completed,0.4214
O501756,C100500,2024-09-10,web,footwear,2,89.39,35.76,143.02,77.57,65.45,completed,0.4576
O501756,C100500,2024-09-10,web,accessories,2,28.74,0.0,57.48,29.2,28.28,completed,0.492
O501904,C100538,2024-09-10,mobile_app,accessories,3,37.59,0.0,112.77,59.75,53.02,completed,0.4702
O501904,C100538,2024-09-10,mobile_app,footwear,3,87.32,52.39,209.57,130.4,79.17,completed,0.3778
O501904,C100538,2024-09-10,mobile_app,accessories,2,36.4,10.92,61.88,30.89,30.99,completed,0.5008
O501994,C100565,2024-09-10,web,electronics,3,224.39,100.98,572.19,442.79,129.4,completed,0.2261
O501994,C100565,2024-09-10,web,beauty,1,33.68,0.0,33.68,17.21,16.47,completed,0.489
O502247,C100636,2024-09-10,web,electronics,1,190.47,19.05,171.42,152.96,18.46,completed,0.1077
O502247,C100636,2024-09-10,web,home,3,55.55,25.0,141.65,90.69,50.96,completed,0.3598
O502262,C100639,2024-09-10,mobile_app,home,1,120.45,0.0,120.45,72.14,48.31,completed,0.4011
O502575,C100734,2024-09-10,mobile_app,home,2,63.85,0.0,127.7,68.73,58.97,completed,0.4618
O502893,C100816,2024-09-10,mobile_app,accessories,1,29.43,0.0,29.43,13.71,15.72,completed,0.5341
O502893,C100816,2024-09-10,mobile_app,apparel,1,41.6,0.0,41.6,22.4,19.2,completed,0.4615
O500158,C100059,2024-09-11,web,accessories,3,52.66,31.6,126.38,58.12,68.26,completed,0.5401
O500366,C100119,2024-09-11,mobile_app,footwear,3,55.24,0.0,165.72,100.62,65.1,completed,0.3928
O502519,C100718,2024-09-11,mobile_app,beauty,3,32.89,0.0,98.67,42.81,55.86,completed,0.5661
O502737,C100781,2024-09-11,mobile_app,electronics,1,367.91,18.4,349.51,277.43,72.08,completed,0.2062
O502908,C100820,2024-09-11,mobile_app,home,1,50.16,0.0,50.16,36.24,13.92,completed,0.2775
O503062,C100854,2024-09-11,mobile_app,apparel,1,83.23,0.0,83.23,50.19,33.04,completed,0.397
O503117,C100867,2024-09-11,marketplace,apparel,3,75.79,0.0,227.37,109.72,117.65,completed,0.5174
O503117,C100867,2024-09-11,marketplace,electronics,1,171.53,8.58,162.95,132.69,30.26,completed,0.1857
O503125,C100872,2024-09-11,mobile_app,beauty,2,30.49,0.0,60.98,31.85,29.13,completed,0.4777
O503125,C100872,2024-09-11,mobile_app,electronics,1,134.98,0.0,134.98,112.33,22.65,completed,0.1678
O503125,C100872,2024-09-11,mobile_app,footwear,1,58.95,0.0,58.95,35.38,23.57,completed,0.3998
O501276,C100390,2024-09-12,web,home,2,92.31,36.92,147.7,91.31,56.39,completed,0.3818
O501276,C100390,2024-09-12,web,footwear,1,124.4,0.0,124.4,79.53,44.87,completed,0.3607
O501500,C100441,2024-09-12,retail_partner,electronics,3,180.64,108.38,433.54,376.72,56.82,completed,0.1311
O501577,C100457,2024-09-12,mobile_app,home,2,72.51,0.0,145.02,85.31,59.71,completed,0.4117
O501577,C100457,2024-09-12,mobile_app,accessories,2,42.41,12.72,72.1,36.94,35.16,completed,0.4877
O501577,C100457,2024-09-12,mobile_app,beauty,2,37.08,7.42,66.74,33.09,33.65,completed,0.5042
O501607,C100466,2024-09-12,web,apparel,2,47.63,19.05,76.21,42.52,33.69,completed,0.4421
O501607,C100466,2024-09-12,web,home,2,69.2,6.92,131.48,83.67,47.81,completed,0.3636
O501607,C100466,2024-09-12,web,electronics,3,205.98,0.0,617.94,524.92,93.02,completed,0.1505
O502142,C100614,2024-09-12,marketplace,electronics,2,435.06,0.0,870.12,692.3,177.82,completed,0.2044
O502142,C100614,2024-09-12,marketplace,electronics,2,454.32,136.3,772.34,627.6,144.74,completed,0.1874
O502142,C100614,2024-09-12,marketplace,accessories,2,74.41,7.44,141.38,71.54,69.84,completed,0.494
O500190,C100064,2024-09-13,web,beauty,1,58.47,8.77,49.7,22.94,26.76,completed,0.5384
O500190,C100064,2024-09-13,web,beauty,1,45.98,0.0,45.98,22.22,23.76,completed,0.5167
O500190,C100064,2024-09-13,web,home,1,152.27,0.0,152.27,100.03,52.24,completed,0.3431
O501331,C100403,2024-09-13,web,accessories,3,82.82,0.0,248.46,123.96,124.5,completed,0.5011
O501331,C100403,2024-09-13,web,accessories,3,38.26,5.74,109.04,50.67,58.37,completed,0.5353
O501331,C100403,2024-09-13,web,accessories,3,57.86,0.0,173.58,90.31,83.27,completed,0.4797
O501689,C100481,2024-09-13,marketplace,beauty,2,54.42,10.88,97.96,46.56,51.4,completed,0.5247
O501689,C100481,2024-09-13,marketplace,footwear,2,163.83,16.38,311.28,180.53,130.75,completed,0.42
O502205,C100626,2024-09-13,mobile_app,home,2,78.94,15.79,142.09,87.19,54.9,completed,0.3864
O502205,C100626,2024-09-13,mobile_app,electronics,1,245.35,0.0,245.35,188.02,57.33,completed,0.2337
O502205,C100626,2024-09-13,mobile_app,apparel,2,39.36,0.0,78.72,42.16,36.56,completed,0.4644
O500159,C100059,2024-09-14,mobile_app,beauty,3,38.41,0.0,115.23,56.1,59.13,completed,0.5131
O500159,C100059,2024-09-14,mobile_app,home,3,81.13,36.51,206.88,126.59,80.29,completed,0.3881
O500512,C100160,2024-09-14,mobile_app,home,1,175.41,0.0,175.41,111.92,63.49,completed,0.362
O500582,C100179,2024-09-14,marketplace,apparel,2,73.67,14.73,132.61,77.14,55.47,completed,0.4183
O500582,C100179,2024-09-14,marketplace,accessories,1,64.91,6.49,58.42,29.27,29.15,completed,0.499
O500582,C100179,2024-09-14,marketplace,footwear,3,170.19,0.0,510.57,300.27,210.3,completed,0.4119
O501899,C100537,2024-09-14,web,beauty,1,25.97,3.9,22.07,10.08,11.99,completed,0.5433
O501899,C100537,2024-09-14,web,apparel,2,63.68,12.74,114.62,65.15,49.47,completed,0.4316
O501899,C100537,2024-09-14,web,home,3,101.13,60.68,242.71,153.14,89.57,completed,0.369
O502208,C100627,2024-09-14,mobile_app,beauty,2,31.64,12.66,50.62,25.12,25.5,completed,0.5038
O502314,C100650,2024-09-14,retail_partner,footwear,2,167.31,0.0,334.62,197.33,137.29,completed,0.4103
O500167,C100062,2024-09-15,web,beauty,3,38.74,17.43,98.79,47.69,51.1,completed,0.5173
O500167,C100062,2024-09-15,web,accessories,2,74.16,22.25,126.07,66.91,59.16,completed,0.4693
O500167,C100062,2024-09-15,web,home,1,124.75,24.95,99.8,58.85,40.95,completed,0.4103
O500929,C100274,2024-09-15,web,home,1,104.26,10.43,93.83,55.21,38.62,completed,0.4116
O500929,C100274,2024-09-15,web,electronics,3,356.71,0.0,1070.13,899.21,170.92,completed,0.1597
O500929,C100274,2024-09-15,web,electronics,1,396.64,0.0,396.64,314.25,82.39,completed,0.2077
O500990,C100286,2024-09-15,mobile_app,apparel,1,60.42,0.0,60.42,32.35,28.07,completed,0.4646
O500990,C100286,2024-09-15,mobile_app,home,3,44.59,0.0,133.77,77.11,56.66,completed,0.4236
O500990,C100286,2024-09-15,mobile_app,beauty,1,20.48,0.0,20.48,10.36,10.12,completed,0.4941
O501236,C100378,2024-09-15,web,accessories,2,50.3,0.0,100.6,51.13,49.47,completed,0.4917
O501236,C100378,2024-09-15,web,beauty,3,31.4,0.0,94.2,51.15,43.05,completed,0.457
O501784,C100506,2024-09-15,marketplace,accessories,3,65.96,39.58,158.3,74.29,84.01,completed,0.5307
O501784,C100506,2024-09-15,marketplace,apparel,1,101.57,5.08,96.49,54.16,42.33,completed,0.4387
O502071,C100588,2024-09-15,retail_partner,electronics,1,245.87,0.0,245.87,211.49,34.38,completed,0.1398
O502071,C100588,2024-09-15,retail_partner,beauty,2,33.98,0.0,67.96,31.73,36.23,completed,0.5331
O502071,C100588,2024-09-15,retail_partner,accessories,2,74.8,29.92,119.68,59.13,60.55,completed,0.5059
O502077,C100591,2024-09-15,web,apparel,3,52.74,23.73,134.49,75.68,58.81,completed,0.4373
O502386,C100675,2024-09-15,web,electronics,1,253.92,0.0,253.92,214.47,39.45,completed,0.1554
O502386,C100675,2024-09-15,web,beauty,2,19.64,0.0,39.28,18.04,21.24,completed,0.5407
O502386,C100675,2024-09-15,web,home,1,77.48,0.0,77.48,47.54,29.94,completed,0.3864
O502395,C100677,2024-09-15,mobile_app,home,2,133.28,0.0,266.56,151.78,114.78,completed,0.4306
O502395,C100677,2024-09-15,mobile_app,footwear,1,142.68,0.0,142.68,78.54,64.14,completed,0.4495
O502395,C100677,2024-09-15,mobile_app,apparel,1,82.22,0.0,82.22,45.71,36.51,completed,0.4441
O502738,C100781,2024-09-15,web,apparel,1,101.54,0.0,101.54,56.36,45.18,completed,0.4449
O502738,C100781,2024-09-15,web,accessories,3,68.7,30.92,175.18,96.86,78.32,completed,0.4471
O503147,C100875,2024-09-15,mobile_app,apparel,1,80.18,0.0,80.18,41.06,39.12,completed,0.4879
O500064,C100029,2024-09-16,mobile_app,home,1,73.63,0.0,73.63,41.98,31.65,completed,0.4299
O500064,C100029,2024-09-16,mobile_app,footwear,1,94.78,9.48,85.3,51.06,34.24,completed,0.4014
O500064,C100029,2024-09-16,mobile_app,home,3,73.94,0.0,221.82,139.65,82.17,completed,0.3704
O500117,C100048,2024-09-16,mobile_app,accessories,2,18.3,7.32,29.28,14.9,14.38,completed,0.4911
O500136,C100051,2024-09-16,web,apparel,3,111.97,0.0,335.91,193.41,142.5,completed,0.4242
O500136,C100051,2024-09-16,web,accessories,1,100.93,0.0,100.93,47.6,53.33,completed,0.5284
O500136,C100051,2024-09-16,web,electronics,3,301.16,0.0,903.48,762.76,140.72,completed,0.1558
O500467,C100153,2024-09-16,marketplace,footwear,1,112.73,16.91,95.82,59.08,36.74,completed,0.3834
O500467,C100153,2024-09-16,marketplace,footwear,2,74.4,0.0,148.8,89.89,58.91,completed,0.3959
O500534,C100168,2024-09-16,web,footwear,2,41.54,12.46,70.62,41.53,29.09,completed,0.4119
O500534,C100168,2024-09-16,web,beauty,2,30.33,0.0,60.66,30.46,30.2,completed,0.4979
O500534,C100168,2024-09-16,web,footwear,3,103.35,46.51,263.54,158.24,105.3,completed,0.3996
O500644,C100198,2024-09-16,marketplace,beauty,2,27.27,5.45,49.09,23.7,25.39,completed,0.5172
O502315,C100650,2024-09-16,web,beauty,3,49.8,22.41,126.99,63.61,63.38,completed,0.4991
O502315,C100650,2024-09-16,web,footwear,1,167.7,0.0,167.7,101.91,65.79,completed,0.3923
O502779,C100793,2024-09-16,web,accessories,3,73.69,0.0,221.07,114.72,106.35,completed,0.4811
O502779,C100793,2024-09-16,web,footwear,2,171.4,0.0,342.8,192.59,150.21,completed,0.4382
O502779,C100793,2024-09-16,web,accessories,3,55.21,0.0,165.63,81.36,84.27,completed,0.5088
O502796,C100798,2024-09-16,web,apparel,2,78.57,0.0,157.14,88.66,68.48,completed,0.4358
O502796,C100798,2024-09-16,web,apparel,1,108.4,10.84,97.56,53.2,44.36,completed,0.4547
O502796,C100798,2024-09-16,web,beauty,2,68.66,13.73,123.59,59.7,63.89,completed,0.517
O500040,C100016,2024-09-17,web,home,3,134.32,0.0,402.96,253.99,148.97,completed,0.3697
O500297,C100095,2024-09-17,web,accessories,2,84.47,0.0,168.94,81.52,87.42,completed,0.5175
O500297,C100095,2024-09-17,web,beauty,2,31.38,0.0,62.76,28.77,33.99,completed,0.5416
O500323,C100108,2024-09-17,web,home,1,59.1,0.0,59.1,34.17,24.93,completed,0.4218
O500394,C100131,2024-09-17,web,accessories,3,39.61,5.94,112.89,55.8,57.09,completed,0.5057
O500394,C100131,2024-09-17,web,apparel,1,37.04,0.0,37.04,20.99,16.05,completed,0.4333
O500394,C100131,2024-09-17,web,footwear,1,78.78,0.0,78.78,44.54,34.24,completed,0.4346
O500411,C100136,2024-09-17,web,electronics,2,142.12,0.0,284.24,212.87,71.37,completed,0.2511
O500558,C100175,2024-09-17,web,beauty,3,27.15,4.07,77.38,38.3,39.08,completed,0.505
O500558,C100175,2024-09-17,web,apparel,1,74.11,7.41,66.7,38.4,28.3,completed,0.4243
O500892,C100267,2024-09-17,mobile_app,footwear,3,83.69,0.0,251.07,165.51,85.56,completed,0.3408
O501138,C100350,2024-09-17,web,beauty,2,21.49,0.0,42.98,22.56,20.42,completed,0.4751
O501138,C100350,2024-09-17,web,beauty,3,37.53,16.89,95.7,46.82,48.88,completed,0.5108
O501212,C100366,2024-09-17,mobile_app,electronics,3,161.89,72.85,412.82,370.34,42.48,completed,0.1029
O501212,C100366,2024-09-17,mobile_app,apparel,2,38.08,0.0,76.16,37.79,38.37,completed,0.5038
O501252,C100384,2024-09-17,mobile_app,footwear,2,100.2,10.02,190.38,119.81,70.57,completed,0.3707
O501252,C100384,2024-09-17,mobile_app,home,3,78.97,23.69,213.22,129.23,83.99,completed,0.3939
O501252,C100384,2024-09-17,mobile_app,footwear,2,92.71,37.08,148.34,81.39,66.95,completed,0.4513
O501339,C100404,2024-09-17,mobile_app,electronics,3,147.2,22.08,419.52,328.46,91.06,completed,0.2171
O501404,C100424,2024-09-17,web,apparel,1,101.57,0.0,101.57,48.78,52.79,completed,0.5197
O501521,C100448,2024-09-17,retail_partner,beauty,3,23.2,0.0,69.6,33.2,36.4,completed,0.523
O502143,C100614,2024-09-17,marketplace,home,2,111.88,44.75,179.01,116.09,62.92,completed,0.3515
O502143,C100614,2024-09-17,marketplace,apparel,3,99.68,0.0,299.04,161.67,137.37,completed,0.4594
O502144,C100614,2024-09-17,marketplace,beauty,2,47.96,19.18,76.74,38.31,38.43,completed,0.5008
O502144,C100614,2024-09-17,marketplace,apparel,2,76.58,30.63,122.53,66.39,56.14,completed,0.4582
O502340,C100655,2024-09-17,web,electronics,1,338.38,50.76,287.62,235.23,52.39,completed,0.1822
O502340,C100655,2024-09-17,web,beauty,3,34.53,0.0,103.59,40.95,62.64,completed,0.6047
O502658,C100763,2024-09-17,retail_partner,home,1,55.63,8.34,47.29,27.76,19.53,completed,0.413
O500640,C100197,2024-09-18,web,home,3,92.54,0.0,277.62,168.58,109.04,completed,0.3928
O500640,C100197,2024-09-18,web,electronics,2,180.66,0.0,361.32,287.69,73.63,completed,0.2038
O501175,C100359,2024-09-18,web,footwear,2,149.08,0.0,298.16,177.0,121.16,completed,0.4064
O501175,C100359,2024-09-18,web,beauty,2,17.21,6.88,27.54,13.44,14.1,completed,0.512
O502145,C100614,2024-09-18,web,beauty,3,44.77,20.15,114.16,55.39,58.77,completed,0.5148
O503063,C100854,2024-09-18,web,electronics,1,264.73,13.24,251.49,209.46,42.03,completed,0.1671
O503063,C100854,2024-09-18,web,beauty,2,60.23,24.09,96.37,49.8,46.57,completed,0.4832
O503063,C100854,2024-09-18,web,electronics,1,383.85,76.77,307.08,257.81,49.27,completed,0.1604
O500168,C100062,2024-09-19,mobile_app,home,3,138.72,20.81,395.35,268.12,127.23,completed,0.3218
O500168,C100062,2024-09-19,mobile_app,electronics,2,227.7,45.54,409.86,359.67,50.19,completed,0.1225
O500168,C100062,2024-09-19,mobile_app,home,3,131.02,78.61,314.45,200.09,114.36,completed,0.3637
O500169,C100062,2024-09-19,mobile_app,accessories,3,67.5,20.25,182.25,100.16,82.09,completed,0.4504
O500169,C100062,2024-09-19,mobile_app,footwear,2,154.14,0.0,308.28,181.51,126.77,completed,0.4112
O500490,C100155,2024-09-19,marketplace,beauty,1,48.35,2.42,45.93,20.65,25.28,completed,0.5504
O500490,C100155,2024-09-19,marketplace,home,2,148.32,59.33,237.31,155.1,82.21,completed,0.3464
O500490,C100155,2024-09-19,marketplace,accessories,2,72.38,14.48,130.28,64.55,65.73,completed,0.5045
O500718,C100216,2024-09-19,marketplace,home,2,72.95,7.3,138.6,84.35,54.25,completed,0.3914
O500818,C100246,2024-09-19,web,footwear,2,111.51,0.0,223.02,138.06,84.96,completed,0.381
O500818,C100246,2024-09-19,web,footwear,1,182.85,0.0,182.85,108.38,74.47,completed,0.4073
O500818,C100246,2024-09-19,web,beauty,1,61.97,0.0,61.97,30.75,31.22,completed,0.5038
O501690,C100481,2024-09-19,mobile_app,accessories,2,61.46,24.58,98.34,47.9,50.44,completed,0.5129
O501690,C100481,2024-09-19,mobile_app,accessories,1,81.0,4.05,76.95,39.37,37.58,completed,0.4884
O501691,C100481,2024-09-19,web,electronics,1,267.24,13.36,253.88,202.74,51.14,completed,0.2014
O501691,C100481,2024-09-19,web,apparel,1,48.29,0.0,48.29,28.03,20.26,completed,0.4195
O501691,C100481,2024-09-19,web,beauty,1,57.12,8.57,48.55,23.46,25.09,completed,0.5168
O501998,C100567,2024-09-19,web,beauty,2,16.69,6.68,26.7,12.77,13.93,completed,0.5217
O501998,C100567,2024-09-19,web,home,1,65.94,0.0,65.94,40.11,25.83,completed,0.3917
O502050,C100580,2024-09-19,web,beauty,3,48.54,29.12,116.5,60.15,56.35,completed,0.4837
O502164,C100616,2024-09-19,web,accessories,2,52.08,10.42,93.74,45.51,48.23,completed,0.5145
O502164,C100616,2024-09-19,web,apparel,1,75.06,0.0,75.06,40.3,34.76,completed,0.4631
O502626,C100750,2024-09-19,web,apparel,3,94.47,14.17,269.24,166.34,102.9,completed,0.3822
O502626,C100750,2024-09-19,web,apparel,2,81.92,0.0,163.84,86.91,76.93,completed,0.4695
O502860,C100810,2024-09-19,mobile_app,footwear,2,78.82,15.76,141.88,91.42,50.46,completed,0.3557
O502860,C100810,2024-09-19,mobile_app,accessories,3,46.02,0.0,138.06,64.37,73.69,completed,0.5338
O500583,C100179,2024-09-20,mobile_app,electronics,3,489.51,220.28,1248.25,980.02,268.23,completed,0.2149
O500583,C100179,2024-09-20,mobile_app,home,2,138.94,0.0,277.88,174.61,103.27,completed,0.3716
O500930,C100274,2024-09-20,web,accessories,2,79.02,7.9,150.14,77.33,72.81,completed,0.4849
O500930,C100274,2024-09-20,web,apparel,2,66.08,6.61,125.55,67.8,57.75,completed,0.46
O500930,C100274,2024-09-20,web,footwear,1,180.91,18.09,162.82,102.45,60.37,completed,0.3708
O500948,C100276,2024-09-20,mobile_app,accessories,1,55.78,0.0,55.78,28.0,27.78,completed,0.498
O500948,C100276,2024-09-20,mobile_app,beauty,3,32.81,0.0,98.43,48.1,50.33,completed,0.5113
O501039,C100302,2024-09-20,web,home,3,62.71,0.0,188.13,108.95,79.18,completed,0.4209
O501039,C100302,2024-09-20,web,beauty,1,31.61,0.0,31.61,14.94,16.67,completed,0.5274
O501712,C100492,2024-09-20,mobile_app,home,3,73.4,0.0,220.2,126.91,93.29,completed,0.4237
O501712,C100492,2024-09-20,mobile_app,home,2,93.42,0.0,186.84,113.86,72.98,completed,0.3906
O502341,C100655,2024-09-20,web,beauty,1,40.56,0.0,40.56,20.49,20.07,completed,0.4948
O502341,C100655,2024-09-20,web,home,2,118.24,11.82,224.66,131.38,93.28,completed,0.4152
O502446,C100699,2024-09-20,retail_partner,home,1,68.59,6.86,61.73,35.46,26.27,completed,0.4256
O502446,C100699,2024-09-20,retail_partner,electronics,2,277.28,0.0,554.56,429.97,124.59,completed,0.2247
O502668,C100766,2024-09-20,web,apparel,1,54.06,2.7,51.36,28.19,23.17,completed,0.4511
O502668,C100766,2024-09-20,web,apparel,2,56.84,17.05,96.63,47.71,48.92,completed,0.5063
O502668,C100766,2024-09-20,web,footwear,1,113.72,22.74,90.98,56.53,34.45,completed,0.3787
O500041,C100016,2024-09-21,mobile_app,home,3,107.05,16.06,305.09,180.23,124.86,completed,0.4093
O500690,C100207,2024-09-21,web,beauty,1,41.74,0.0,41.74,20.96,20.78,completed,0.4978
O500690,C100207,2024-09-21,web,apparel,1,49.31,0.0,49.31,27.16,22.15,completed,0.4492
O501299,C100397,2024-09-21,mobile_app,home,1,69.24,10.39,58.85,37.9,20.95,completed,0.356
O501299,C100397,2024-09-21,mobile_app,electronics,3,98.83,44.47,252.02,205.03,46.99,completed,0.1865
O501677,C100480,2024-09-21,mobile_app,footwear,1,128.26,0.0,128.26,78.63,49.63,completed,0.3869
O502127,C100606,2024-09-21,mobile_app,footwear,1,111.21,0.0,111.21,68.35,42.86,completed,0.3854
O502473,C100706,2024-09-21,mobile_app,home,3,70.84,42.5,170.02,106.5,63.52,completed,0.3736
O502473,C100706,2024-09-21,mobile_app,home,3,79.61,0.0,238.83,148.29,90.54,completed,0.3791
O502741,C100782,2024-09-21,web,footwear,2,65.37,6.54,124.2,79.79,44.41,completed,0.3576
O502782,C100794,2024-09-21,mobile_app,beauty,2,16.28,6.51,26.05,11.79,14.26,completed,0.5474
O502782,C100794,2024-09-21,mobile_app,electronics,1,196.23,0.0,196.23,166.94,29.29,completed,0.1493
O503183,C100885,2024-09-21,web,footwear,1,57.76,0.0,57.76,34.55,23.21,completed,0.4018
O503183,C100885,2024-09-21,web,home,2,75.64,0.0,151.28,97.0,54.28,completed,0.3588
O500170,C100062,2024-09-22,web,apparel,2,106.95,32.09,181.81,97.3,84.51,completed,0.4648
O500170,C100062,2024-09-22,web,footwear,1,99.12,0.0,99.12,65.24,33.88,completed,0.3418
O500170,C100062,2024-09-22,web,apparel,1,116.3,17.45,98.85,52.07,46.78,completed,0.4732
O501365,C100414,2024-09-22,web,footwear,2,114.12,34.24,194.0,125.42,68.58,completed,0.3535
O501365,C100414,2024-09-22,web,electronics,3,184.06,110.44,441.74,350.79,90.95,completed,0.2059
O501441,C100428,2024-09-22,web,home,2,76.13,15.23,137.03,80.65,56.38,completed,0.4114
O501441,C100428,2024-09-22,web,home,2,63.21,6.32,120.1,68.77,51.33,completed,0.4274
O501441,C100428,2024-09-22,web,accessories,1,27.23,0.0,27.23,12.94,14.29,completed,0.5248
O502316,C100650,2024-09-22,mobile_app,home,2,122.27,0.0,244.54,158.55,85.99,completed,0.3516
O502316,C100650,2024-09-22,mobile_app,apparel,3,92.73,41.73,236.46,143.39,93.07,completed,0.3936
O502316,C100650,2024-09-22,mobile_app,accessories,2,91.02,0.0,182.04,89.41,92.63,completed,0.5088
O502452,C100700,2024-09-22,mobile_app,accessories,1,44.33,0.0,44.33,21.84,22.49,completed,0.5073
O502452,C100700,2024-09-22,mobile_app,footwear,3,133.27,59.97,339.84,201.16,138.68,completed,0.4081
O502452,C100700,2024-09-22,mobile_app,home,1,103.4,0.0,103.4,67.91,35.49,completed,0.3432
O502538,C100722,2024-09-22,mobile_app,accessories,1,63.39,0.0,63.39,32.89,30.5,completed,0.4811
O502538,C100722,2024-09-22,mobile_app,home,3,70.87,42.52,170.09,111.18,58.91,completed,0.3463
O502606,C100745,2024-09-22,web,footwear,3,130.07,78.04,312.17,188.67,123.5,completed,0.3956
O502606,C100745,2024-09-22,web,apparel,3,71.89,32.35,183.32,102.0,81.32,completed,0.4436
O502606,C100745,2024-09-22,web,accessories,2,62.08,18.62,105.54,48.37,57.17,completed,0.5417
O500087,C100039,2024-09-23,mobile_app,beauty,1,26.57,1.33,25.24,13.12,12.12,completed,0.4802
O500601,C100184,2024-09-23,mobile_app,accessories,2,43.76,0.0,87.52,44.02,43.5,completed,0.497
O500601,C100184,2024-09-23,mobile_app,beauty,3,29.24,13.16,74.56,36.62,37.94,completed,0.5089
O500601,C100184,2024-09-23,mobile_app,footwear,2,90.61,9.06,172.16,102.44,69.72,completed,0.405
O500754,C100232,2024-09-23,web,apparel,2,42.55,0.0,85.1,48.34,36.76,completed,0.432
O501096,C100329,2024-09-23,mobile_app,footwear,1,93.85,4.69,89.16,51.86,37.3,completed,0.4183
O501096,C100329,2024-09-23,mobile_app,electronics,2,96.6,9.66,183.54,149.45,34.09,completed,0.1857
O501253,C100384,2024-09-23,marketplace,apparel,2,58.48,0.0,116.96,59.74,57.22,completed,0.4892
O501253,C100384,2024-09-23,marketplace,electronics,3,284.42,85.33,767.93,598.76,169.17,completed,0.2203
O501253,C100384,2024-09-23,marketplace,accessories,1,65.84,0.0,65.84,33.48,32.36,completed,0.4915
O501511,C100443,2024-09-23,web,footwear,3,45.78,0.0,137.34,81.71,55.63,completed,0.4051
O501511,C100443,2024-09-23,web,footwear,3,99.61,44.82,254.01,162.43,91.58,completed,0.3605
O502051,C100580,2024-09-23,mobile_app,accessories,1,60.7,0.0,60.7,30.36,30.34,completed,0.4998
O502051,C100580,2024-09-23,mobile_app,electronics,1,395.8,0.0,395.8,318.55,77.25,completed,0.1952
O502051,C100580,2024-09-23,mobile_app,home,3,185.64,0.0,556.92,335.68,221.24,completed,0.3973
O502146,C100614,2024-09-23,web,apparel,2,129.2,0.0,258.4,139.13,119.27,completed,0.4616
O502146,C100614,2024-09-23,web,electronics,1,361.14,36.11,325.03,250.27,74.76,completed,0.23
O502883,C100814,2024-09-23,mobile_app,apparel,3,86.2,51.72,206.88,116.89,89.99,completed,0.435
O502883,C100814,2024-09-23,mobile_app,electronics,2,320.16,64.03,576.29,456.79,119.5,completed,0.2074
O502883,C100814,2024-09-23,mobile_app,apparel,2,123.36,12.34,234.38,128.39,105.99,completed,0.4522
O500673,C100201,2024-09-24,marketplace,beauty,2,41.02,0.0,82.04,41.16,40.88,completed,0.4983
O500706,C100211,2024-09-24,mobile_app,home,3,70.51,21.15,190.38,117.99,72.39,completed,0.3802
O500706,C100211,2024-09-24,mobile_app,home,3,107.3,0.0,321.9,196.34,125.56,completed,0.3901
O500706,C100211,2024-09-24,mobile_app,beauty,2,49.43,19.77,79.09,39.02,40.07,completed,0.5066
O500838,C100248,2024-09-24,mobile_app,apparel,1,88.81,17.76,71.05,38.82,32.23,completed,0.4536
O500838,C100248,2024-09-24,mobile_app,apparel,2,142.71,42.81,242.61,130.14,112.47,completed,0.4636
O501300,C100397,2024-09-24,marketplace,electronics,2,132.41,26.48,238.34,167.77,70.57,completed,0.2961
O501300,C100397,2024-09-24,marketplace,beauty,2,33.99,0.0,67.98,31.25,36.73,completed,0.5403
O501300,C100397,2024-09-24,marketplace,apparel,1,52.06,2.6,49.46,29.87,19.59,completed,0.3961
O501464,C100435,2024-09-24,mobile_app,home,2,87.1,34.84,139.36,87.58,51.78,completed,0.3716
O501751,C100497,2024-09-24,mobile_app,footwear,2,129.9,0.0,259.8,151.39,108.41,completed,0.4173
O502128,C100606,2024-09-24,web,beauty,1,31.52,1.58,29.94,14.43,15.51,completed,0.518
O502627,C100750,2024-09-24,mobile_app,beauty,3,74.47,44.68,178.73,82.75,95.98,completed,0.537
O502627,C100750,2024-09-24,mobile_app,home,3,168.96,0.0,506.88,323.34,183.54,completed,0.3621
O502627,C100750,2024-09-24,mobile_app,electronics,1,415.83,0.0,415.83,322.2,93.63,completed,0.2252
O502669,C100766,2024-09-24,web,electronics,1,161.78,0.0,161.78,131.75,30.03,completed,0.1856
O502669,C100766,2024-09-24,web,electronics,2,212.16,0.0,424.32,361.09,63.23,completed,0.149
O502718,C100777,2024-09-24,web,electronics,1,189.08,0.0,189.08,144.14,44.94,completed,0.2377
O502718,C100777,2024-09-24,web,beauty,2,23.46,7.04,39.88,18.17,21.71,completed,0.5444
O502718,C100777,2024-09-24,web,electronics,3,125.28,75.17,300.67,236.42,64.25,completed,0.2137
O503006,C100845,2024-09-24,mobile_app,beauty,1,29.97,5.99,23.98,10.77,13.21,completed,0.5509
O503185,C100886,2024-09-24,web,home,2,90.96,0.0,181.92,118.54,63.38,completed,0.3484
O503185,C100886,2024-09-24,web,home,3,64.93,0.0,194.79,112.81,81.98,completed,0.4209
O503185,C100886,2024-09-24,web,accessories,1,41.89,0.0,41.89,21.02,20.87,completed,0.4982
O500191,C100064,2024-09-25,web,apparel,2,94.36,0.0,188.72,100.54,88.18,completed,0.4673
O500197,C100065,2024-09-25,mobile_app,electronics,2,197.74,0.0,395.48,317.02,78.46,completed,0.1984
O500243,C100076,2024-09-25,mobile_app,footwear,3,72.33,0.0,216.99,133.87,83.12,completed,0.3831
O500243,C100076,2024-09-25,mobile_app,apparel,3,36.47,21.88,87.53,47.29,40.24,completed,0.4597
O501765,C100504,2024-09-25,retail_partner,accessories,3,37.18,5.58,105.96,55.38,50.58,completed,0.4773
O501765,C100504,2024-09-25,retail_partner,footwear,2,69.7,6.97,132.43,71.79,60.64,completed,0.4579
O501765,C100504,2024-09-25,retail_partner,apparel,1,33.63,3.36,30.27,16.49,13.78,completed,0.4552
O501900,C100537,2024-09-25,web,apparel,2,66.38,19.91,112.85,68.14,44.71,completed,0.3962
O501900,C100537,2024-09-25,web,home,3,62.45,0.0,187.35,114.43,72.92,completed,0.3892
O502317,C100650,2024-09-25,mobile_app,footwear,3,62.93,37.76,151.03,92.05,58.98,completed,0.3905
O502692,C100768,2024-09-25,mobile_app,home,3,151.39,90.83,363.34,221.92,141.42,completed,0.3892
O502692,C100768,2024-09-25,mobile_app,footwear,3,145.86,65.64,371.94,222.36,149.58,completed,0.4022
O502692,C100768,2024-09-25,mobile_app,home,3,112.88,33.86,304.78,192.98,111.8,completed,0.3668
O503064,C100854,2024-09-25,marketplace,home,1,134.06,0.0,134.06,82.56,51.5,completed,0.3842
O500077,C100034,2024-09-26,mobile_app,accessories,3,42.88,25.73,102.91,46.82,56.09,completed,0.545
O500171,C100062,2024-09-26,web,electronics,2,411.8,164.72,658.88,543.03,115.85,completed,0.1758
O500674,C100201,2024-09-26,marketplace,beauty,1,35.92,3.59,32.33,15.6,16.73,completed,0.5175
O500674,C100201,2024-09-26,marketplace,beauty,1,50.1,0.0,50.1,24.35,25.75,completed,0.514
O500867,C100258,2024-09-26,web,home,1,86.81,4.34,82.47,51.35,31.12,completed,0.3773
O500867,C100258,2024-09-26,web,beauty,2,24.57,0.0,49.14,23.8,25.34,completed,0.5157
O500867,C100258,2024-09-26,web,accessories,1,27.96,0.0,27.96,12.95,15.01,completed,0.5368
O501087,C100325,2024-09-26,retail_partner,beauty,3,32.3,19.38,77.52,36.8,40.72,completed,0.5253
O501087,C100325,2024-09-26,retail_partner,beauty,3,33.47,0.0,100.41,46.98,53.43,completed,0.5321
O501087,C100325,2024-09-26,retail_partner,apparel,1,45.43,6.81,38.62,21.86,16.76,completed,0.434
O501621,C100473,2024-09-26,web,beauty,2,55.16,5.52,104.8,52.32,52.48,completed,0.5008
O501621,C100473,2024-09-26,web,accessories,1,81.74,0.0,81.74,40.17,41.57,completed,0.5086
O501621,C100473,2024-09-26,web,electronics,2,397.78,119.33,676.23,546.96,129.27,completed,0.1912
O501755,C100499,2024-09-26,mobile_app,apparel,1,51.32,2.57,48.75,25.28,23.47,completed,0.4814
O501827,C100513,2024-09-26,web,accessories,3,86.58,38.96,220.78,113.85,106.93,completed,0.4843
O500354,C100115,2024-09-27,web,beauty,3,28.39,0.0,85.17,36.55,48.62,completed,0.5709
O500354,C100115,2024-09-27,web,electronics,1,118.69,0.0,118.69,105.19,13.5,completed,0.1137
O500354,C100115,2024-09-27,web,electronics,3,140.95,63.43,359.42,266.88,92.54,completed,0.2575
O500748,C100230,2024-09-27,web,footwear,1,116.69,0.0,116.69,65.51,51.18,completed,0.4386
O500748,C100230,2024-09-27,web,electronics,2,237.62,0.0,475.24,388.08,87.16,completed,0.1834
O500921,C100273,2024-09-27,mobile_app,beauty,2,65.49,19.65,111.33,51.98,59.35,completed,0.5331
O500921,C100273,2024-09-27,mobile_app,home,1,142.06,28.41,113.65,67.59,46.06,completed,0.4053
O500921,C100273,2024-09-27,mobile_app,home,1,71.04,0.0,71.04,44.7,26.34,completed,0.3708
O500943,C100275,2024-09-27,retail_partner,beauty,2,57.81,0.0,115.62,55.94,59.68,completed,0.5162
O500943,C100275,2024-09-27,retail_partner,accessories,3,79.26,0.0,237.78,121.11,116.67,completed,0.4907
O500943,C100275,2024-09-27,retail_partner,beauty,3,64.21,9.63,183.0,89.67,93.33,completed,0.51
O501007,C100290,2024-09-27,marketplace,footwear,2,144.64,43.39,245.89,134.25,111.64,completed,0.454
O501197,C100362,2024-09-27,web,electronics,3,474.41,142.32,1280.91,1011.75,269.16,completed,0.2101
O501197,C100362,2024-09-27,web,footwear,1,178.91,0.0,178.91,113.25,65.66,completed,0.367
O501197,C100362,2024-09-27,web,beauty,2,52.16,10.43,93.89,47.88,46.01,completed,0.49
O501513,C100444,2024-09-27,web,electronics,1,229.27,34.39,194.88,152.36,42.52,completed,0.2182
O501513,C100444,2024-09-27,web,home,1,108.18,10.82,97.36,60.01,37.35,completed,0.3836
O501832,C100514,2024-09-27,retail_partner,accessories,3,54.28,24.43,138.41,66.97,71.44,completed,0.5161
O501832,C100514,2024-09-27,retail_partner,apparel,1,63.33,0.0,63.33,35.58,27.75,completed,0.4382
O501832,C100514,2024-09-27,retail_partner,beauty,3,23.95,0.0,71.85,33.75,38.1,completed,0.5303
O502318,C100650,2024-09-27,marketplace,electronics,1,255.11,51.02,204.09,164.53,39.56,completed,0.1938
O502318,C100650,2024-09-27,marketplace,apparel,3,98.54,29.56,266.06,147.14,118.92,completed,0.447
O502715,C100776,2024-09-27,retail_partner,footwear,2,115.07,34.52,195.62,116.81,78.81,completed,0.4029
O502715,C100776,2024-09-27,retail_partner,apparel,1,72.73,0.0,72.73,39.31,33.42,completed,0.4595
O500384,C100128,2024-09-28,mobile_app,electronics,1,429.93,0.0,429.93,325.97,103.96,completed,0.2418
O500554,C100174,2024-09-28,web,home,3,101.38,45.62,258.52,166.43,92.09,completed,0.3562
O500554,C100174,2024-09-28,web,accessories,3,59.77,0.0,179.31,95.44,83.87,completed,0.4677
O500554,C100174,2024-09-28,web,footwear,2,89.52,0.0,179.04,106.45,72.59,completed,0.4054
O501211,C100365,2024-09-28,mobile_app,electronics,1,154.94,0.0,154.94,119.71,35.23,completed,0.2274
O501211,C100365,2024-09-28,mobile_app,electronics,3,172.54,51.76,465.86,395.21,70.65,completed,0.1517
O502177,C100618,2024-09-28,web,apparel,1,67.54,0.0,67.54,38.99,28.55,completed,0.4227
O502177,C100618,2024-09-28,web,footwear,1,123.38,0.0,123.38,74.64,48.74,completed,0.395
O502177,C100618,2024-09-28,web,accessories,1,79.01,11.85,67.16,30.9,36.26,completed,0.5399
O502319,C100650,2024-09-28,web,electronics,1,351.56,0.0,351.56,307.68,43.88,completed,0.1248
O502319,C100650,2024-09-28,web,footwear,1,150.85,0.0,150.85,90.63,60.22,completed,0.3992
O502784,C100796,2024-09-28,web,accessories,3,50.46,7.57,143.81,73.54,70.27,completed,0.4886
O502784,C100796,2024-09-28,web,apparel,3,46.78,0.0,140.34,77.13,63.21,completed,0.4504
O502784,C100796,2024-09-28,web,footwear,1,67.74,0.0,67.74,37.62,30.12,completed,0.4446
O500099,C100043,2024-09-29,web,home,1,82.41,4.12,78.29,51.16,27.13,completed,0.3465
O501181,C100360,2024-09-29,web,beauty,3,22.43,0.0,67.29,33.94,33.35,completed,0.4956
O501181,C100360,2024-09-29,web,electronics,3,181.2,0.0,543.6,461.65,81.95,completed,0.1508
O501181,C100360,2024-09-29,web,apparel,1,45.92,0.0,45.92,23.58,22.34,completed,0.4865
O501301,C100397,2024-09-29,mobile_app,accessories,2,45.21,0.0,90.42,44.72,45.7,completed,0.5054
O501301,C100397,2024-09-29,mobile_app,home,3,88.31,0.0,264.93,163.12,101.81,completed,0.3843
O501360,C100411,2024-09-29,marketplace,apparel,3,52.51,0.0,157.53,91.69,65.84,completed,0.418
O501360,C100411,2024-09-29,marketplace,home,3,58.49,35.09,140.38,90.69,49.69,completed,0.354
O501833,C100514,2024-09-29,web,electronics,2,146.46,0.0,292.92,241.29,51.63,completed,0.1763
O501833,C100514,2024-09-29,web,apparel,1,66.11,6.61,59.5,32.24,27.26,completed,0.4582
O502476,C100707,2024-09-29,marketplace,electronics,2,224.83,0.0,449.66,365.7,83.96,completed,0.1867
O502476,C100707,2024-09-29,marketplace,footwear,1,74.29,0.0,74.29,43.8,30.49,completed,0.4104
O502476,C100707,2024-09-29,marketplace,accessories,1,29.7,5.94,23.76,11.93,11.83,completed,0.4979
O502841,C100804,2024-09-29,web,beauty,2,44.6,8.92,80.28,38.94,41.34,completed,0.5149
O502841,C100804,2024-09-29,web,beauty,1,38.71,5.81,32.9,14.4,18.5,completed,0.5623
O502841,C100804,2024-09-29,web,accessories,1,50.6,7.59,43.01,23.19,19.82,completed,0.4608
O503046,C100850,2024-09-29,web,footwear,1,47.64,4.76,42.88,26.05,16.83,completed,0.3925
O503046,C100850,2024-09-29,web,footwear,1,84.48,4.22,80.26,48.23,32.03,completed,0.3991
O503178,C100881,2024-09-29,web,beauty,1,38.12,7.62,30.5,15.02,15.48,completed,0.5075
O503178,C100881,2024-09-29,web,footwear,1,116.51,17.48,99.03,59.8,39.23,completed,0.3961
O500260,C100079,2024-09-30,web,apparel,1,33.15,0.0,33.15,17.28,15.87,completed,0.4787
O500260,C100079,2024-09-30,web,electronics,2,184.6,73.84,295.36,241.87,53.49,completed,0.1811
O500260,C100079,2024-09-30,web,accessories,2,39.97,4.0,75.94,40.75,35.19,completed,0.4634
O500468,C100153,2024-09-30,mobile_app,beauty,2,33.02,13.21,52.83,25.28,27.55,completed,0.5215
O500468,C100153,2024-09-30,mobile_app,beauty,3,41.93,25.16,100.63,46.43,54.2,completed,0.5386
O500468,C100153,2024-09-30,mobile_app,electronics,1,189.93,0.0,189.93,154.79,35.14,completed,0.185
O500992,C100287,2024-09-30,web,home,3,70.02,0.0,210.06,135.58,74.48,completed,0.3546
O500992,C100287,2024-09-30,web,beauty,2,26.73,0.0,53.46,25.73,27.73,completed,0.5187
O500992,C100287,2024-09-30,web,footwear,3,124.7,0.0,374.1,220.91,153.19,completed,0.4095
O501638,C100474,2024-09-30,mobile_app,electronics,2,459.86,183.94,735.78,579.27,156.51,completed,0.2127
O501638,C100474,2024-09-30,mobile_app,home,1,107.45,0.0,107.45,65.3,42.15,completed,0.3923
O501638,C100474,2024-09-30,mobile_app,home,2,123.8,49.52,198.08,120.21,77.87,completed,0.3931
O502010,C100571,2024-09-30,marketplace,accessories,3,50.8,22.86,129.54,65.68,63.86,completed,0.493
O502010,C100571,2024-09-30,marketplace,accessories,3,53.04,7.96,151.16,75.05,76.11,completed,0.5035
O502076,C100590,2024-09-30,mobile_app,accessories,3,49.82,29.89,119.57,59.58,59.99,completed,0.5017
O502076,C100590,2024-09-30,mobile_app,beauty,2,19.71,1.97,37.45,19.33,18.12,completed,0.4838
O502076,C100590,2024-09-30,mobile_app,beauty,3,26.62,0.0,79.86,41.38,38.48,completed,0.4818
O502122,C100604,2024-09-30,web,electronics,1,117.43,0.0,117.43,94.76,22.67,completed,0.1931
O502122,C100604,2024-09-30,web,accessories,2,47.29,0.0,94.58,47.95,46.63,completed,0.493
O502122,C100604,2024-09-30,web,footwear,1,119.35,17.9,101.45,62.52,38.93,completed,0.3837
O502477,C100707,2024-09-30,retail_partner,beauty,3,34.89,0.0,104.67,50.45,54.22,completed,0.518
O502477,C100707,2024-09-30,retail_partner,beauty,1,38.58,1.93,36.65,18.05,18.6,completed,0.5075
O502477,C100707,2024-09-30,retail_partner,apparel,2,47.45,0.0,94.9,56.51,38.39,completed,0.4045
O500469,C100153,2024-10-01,web,electronics,3,268.1,120.65,683.65,581.93,101.72,completed,0.1488
O500469,C100153,2024-10-01,web,electronics,2,219.6,0.0,439.2,348.23,90.97,completed,0.2071
O500469,C100153,2024-10-01,web,accessories,2,38.14,0.0,76.28,37.54,38.74,completed,0.5079
O500847,C100250,2024-10-01,mobile_app,beauty,2,34.29,6.86,61.72,27.12,34.6,completed,0.5606
O500847,C100250,2024-10-01,mobile_app,accessories,2,80.88,32.35,129.41,66.65,62.76,completed,0.485
O501550,C100453,2024-10-01,web,home,2,140.96,28.19,253.73,163.58,90.15,completed,0.3553
O501974,C100554,2024-10-01,marketplace,footwear,3,79.35,35.71,202.34,119.76,82.58,completed,0.4081
O501974,C100554,2024-10-01,marketplace,footwear,2,116.03,11.6,220.46,132.22,88.24,completed,0.4003
O501974,C100554,2024-10-01,marketplace,beauty,2,25.49,0.0,50.98,24.23,26.75,completed,0.5247
O502006,C100570,2024-10-01,retail_partner,home,2,109.95,0.0,219.9,151.78,68.12,completed,0.3098
O502006,C100570,2024-10-01,retail_partner,footwear,2,111.84,0.0,223.68,132.04,91.64,completed,0.4097
O502083,C100594,2024-10-01,web,accessories,1,37.76,0.0,37.76,18.13,19.63,completed,0.5199
O502083,C100594,2024-10-01,web,beauty,3,35.54,15.99,90.63,42.0,48.63,completed,0.5366
O502884,C100814,2024-10-01,web,footwear,1,97.22,0.0,97.22,57.88,39.34,completed,0.4046
O502884,C100814,2024-10-01,web,home,2,82.95,33.18,132.72,86.93,45.79,completed,0.345
O500042,C100016,2024-10-02,retail_partner,accessories,2,92.61,0.0,185.22,95.41,89.81,completed,0.4849
O500164,C100061,2024-10-02,web,apparel,1,50.05,5.0,45.05,23.58,21.47,completed,0.4766
O500164,C100061,2024-10-02,web,accessories,1,37.79,7.56,30.23,15.36,14.87,completed,0.4919
O500172,C100062,2024-10-02,web,electronics,2,390.06,39.01,741.11,670.42,70.69,completed,0.0954
O500542,C100170,2024-10-02,mobile_app,beauty,3,32.65,0.0,97.95,44.19,53.76,completed,0.5489
O500885,C100263,2024-10-02,retail_partner,beauty,2,29.92,5.98,53.86,27.19,26.67,completed,0.4952
O500918,C100272,2024-10-02,mobile_app,beauty,3,34.07,0.0,102.21,51.89,50.32,completed,0.4923
O500918,C100272,2024-10-02,mobile_app,beauty,2,28.74,0.0,57.48,27.14,30.34,completed,0.5278
O501692,C100481,2024-10-02,mobile_app,home,1,159.66,7.98,151.68,94.17,57.51,completed,0.3792
O501692,C100481,2024-10-02,mobile_app,accessories,2,80.74,0.0,161.48,77.36,84.12,completed,0.5209
O501708,C100490,2024-10-02,mobile_app,footwear,3,63.25,18.98,170.77,99.71,71.06,completed,0.4161
O501708,C100490,2024-10-02,mobile_app,apparel,1,57.67,0.0,57.67,29.41,28.26,completed,0.49
O501708,C100490,2024-10-02,mobile_app,footwear,3,79.29,0.0,237.87,149.4,88.47,completed,0.3719
O501852,C100521,2024-10-02,marketplace,footwear,3,101.07,0.0,303.21,187.54,115.67,completed,0.3815
O501852,C100521,2024-10-02,marketplace,apparel,1,40.68,8.14,32.54,16.48,16.06,completed,0.4935
O502189,C100620,2024-10-02,web,accessories,1,66.06,0.0,66.06,31.25,34.81,completed,0.5269
O502320,C100650,2024-10-02,mobile_app,accessories,2,81.34,32.54,130.14,61.36,68.78,completed,0.5285
O502320,C100650,2024-10-02,mobile_app,beauty,1,68.15,6.82,61.33,27.83,33.5,completed,0.5462
O502320,C100650,2024-10-02,mobile_app,footwear,2,136.99,0.0,273.98,166.42,107.56,completed,0.3926
O503030,C100848,2024-10-02,retail_partner,accessories,2,45.05,18.02,72.08,36.15,35.93,completed,0.4985
O503030,C100848,2024-10-02,retail_partner,home,2,69.01,13.8,124.22,84.52,39.7,completed,0.3196
O503030,C100848,2024-10-02,retail_partner,electronics,1,202.04,30.31,171.73,145.59,26.14,completed,0.1522
O500743,C100227,2024-10-03,retail_partner,apparel,2,29.22,8.77,49.67,28.09,21.58,completed,0.4345
O500743,C100227,2024-10-03,retail_partner,home,2,66.67,20.0,113.34,73.78,39.56,completed,0.349
O500869,C100260,2024-10-03,marketplace,footwear,3,91.12,54.67,218.69,123.56,95.13,completed,0.435
O500931,C100274,2024-10-03,mobile_app,home,2,120.88,36.26,205.5,116.36,89.14,completed,0.4338
O500931,C100274,2024-10-03,mobile_app,home,2,118.94,0.0,237.88,152.49,85.39,completed,0.359
O500993,C100287,2024-10-03,web,home,1,74.77,0.0,74.77,46.14,28.63,completed,0.3829
O501149,C100354,2024-10-03,web,home,1,73.7,0.0,73.7,45.84,27.86,completed,0.378
O502597,C100743,2024-10-03,web,home,1,61.86,0.0,61.86,41.85,20.01,completed,0.3235
O502597,C100743,2024-10-03,web,accessories,1,45.87,9.17,36.7,19.25,17.45,completed,0.4755
O502597,C100743,2024-10-03,web,beauty,1,11.71,0.59,11.12,5.23,5.89,completed,0.5297
O502797,C100798,2024-10-03,web,home,2,175.13,0.0,350.26,215.84,134.42,completed,0.3838
O502797,C100798,2024-10-03,web,home,1,145.05,21.76,123.29,84.01,39.28,completed,0.3186
O502826,C100801,2024-10-03,web,accessories,3,75.14,11.27,214.15,112.7,101.45,completed,0.4737
O502989,C100838,2024-10-03,marketplace,beauty,2,42.48,12.74,72.22,34.8,37.42,completed,0.5181
O503194,C100890,2024-10-03,marketplace,accessories,3,45.72,0.0,137.16,66.98,70.18,completed,0.5117
O500284,C100090,2024-10-04,mobile_app,accessories,1,55.75,11.15,44.6,23.19,21.41,completed,0.48
O500284,C100090,2024-10-04,mobile_app,electronics,1,297.52,59.5,238.02,202.49,35.53,completed,0.1493
O500429,C100143,2024-10-04,mobile_app,apparel,2,60.84,6.08,115.6,61.65,53.95,completed,0.4667
O500461,C100151,2024-10-04,mobile_app,accessories,2,34.52,0.0,69.04,34.28,34.76,completed,0.5035
O501237,C100378,2024-10-04,mobile_app,accessories,1,38.07,1.9,36.17,17.7,18.47,completed,0.5106
O501514,C100444,2024-10-04,mobile_app,beauty,2,37.75,15.1,60.4,30.05,30.35,completed,0.5025
O502798,C100798,2024-10-04,mobile_app,footwear,3,112.87,0.0,338.61,199.96,138.65,completed,0.4095
O502798,C100798,2024-10-04,mobile_app,electronics,3,384.47,115.34,1038.07,857.25,180.82,completed,0.1742
O502798,C100798,2024-10-04,mobile_app,beauty,1,67.9,0.0,67.9,33.7,34.2,completed,0.5037
O500013,C100003,2024-10-05,mobile_app,accessories,2,50.37,15.11,85.63,45.01,40.62,completed,0.4744
O500013,C100003,2024-10-05,mobile_app,footwear,2,71.24,14.25,128.23,75.91,52.32,completed,0.408
O500412,C100136,2024-10-05,web,home,2,72.46,7.25,137.67,93.09,44.58,completed,0.3238
O500412,C100136,2024-10-05,web,accessories,2,33.87,3.39,64.35,34.49,29.86,completed,0.464
O500412,C100136,2024-10-05,web,footwear,1,112.8,0.0,112.8,66.34,46.46,completed,0.4119
O501176,C100359,2024-10-05,mobile_app,home,3,115.4,34.62,311.58,185.76,125.82,completed,0.4038
O501176,C100359,2024-10-05,mobile_app,footwear,2,125.25,0.0,250.5,142.06,108.44,completed,0.4329
O501176,C100359,2024-10-05,mobile_app,accessories,1,69.17,13.83,55.34,28.63,26.71,completed,0.4827
O501315,C100401,2024-10-05,mobile_app,accessories,3,49.81,7.47,141.96,73.32,68.64,completed,0.4835
O501669,C100479,2024-10-05,marketplace,footwear,1,52.34,7.85,44.49,28.85,15.64,completed,0.3515
O501669,C100479,2024-10-05,marketplace,home,2,73.32,22.0,124.64,76.58,48.06,completed,0.3856
O501669,C100479,2024-10-05,marketplace,footwear,3,79.13,47.48,189.91,116.28,73.63,completed,0.3877
O502321,C100650,2024-10-05,web,apparel,1,117.76,0.0,117.76,66.5,51.26,completed,0.4353
O502510,C100717,2024-10-05,marketplace,beauty,1,41.3,0.0,41.3,19.27,22.03,completed,0.5334
O502574,C100733,2024-10-05,mobile_app,home,3,77.53,0.0,232.59,150.84,81.75,completed,0.3515
O502574,C100733,2024-10-05,mobile_app,electronics,2,198.28,19.83,376.73,317.92,58.81,completed,0.1561
O502574,C100733,2024-10-05,mobile_app,accessories,3,35.77,0.0,107.31,56.32,50.99,completed,0.4752
O502594,C100742,2024-10-05,mobile_app,footwear,2,65.88,0.0,131.76,79.34,52.42,completed,0.3978
O502594,C100742,2024-10-05,mobile_app,apparel,3,23.49,7.05,63.42,33.18,30.24,completed,0.4768
O502972,C100832,2024-10-05,marketplace,beauty,1,33.64,3.36,30.28,13.62,16.66,completed,0.5502
O502972,C100832,2024-10-05,marketplace,electronics,3,261.2,156.72,626.88,463.22,163.66,completed,0.2611
O502972,C100832,2024-10-05,marketplace,accessories,2,48.33,0.0,96.66,53.4,43.26,completed,0.4475
O503087,C100861,2024-10-05,web,beauty,1,67.8,3.39,64.41,32.82,31.59,completed,0.4905
O503087,C100861,2024-10-05,web,beauty,3,64.6,38.76,155.04,75.94,79.1,completed,0.5102
O503173,C100880,2024-10-05,mobile_app,electronics,1,222.54,22.25,200.29,164.49,35.8,completed,0.1787
O503173,C100880,2024-10-05,mobile_app,accessories,3,49.85,22.43,127.12,64.59,62.53,completed,0.4919
O503173,C100880,2024-10-05,mobile_app,electronics,1,222.37,0.0,222.37,183.92,38.45,completed,0.1729
O500724,C100221,2024-10-06,marketplace,footwear,3,50.94,0.0,152.82,102.19,50.63,completed,0.3313
O500724,C100221,2024-10-06,marketplace,footwear,1,70.58,3.53,67.05,41.64,25.41,completed,0.379
O500724,C100221,2024-10-06,marketplace,footwear,2,64.93,25.97,103.89,63.33,40.56,completed,0.3904
O500796,C100239,2024-10-06,marketplace,electronics,1,165.92,8.3,157.62,130.42,27.2,completed,0.1726
O501098,C100331,2024-10-06,retail_partner,electronics,1,151.79,7.59,144.2,113.72,30.48,completed,0.2114
O501486,C100440,2024-10-06,mobile_app,accessories,2,45.71,0.0,91.42,46.35,45.07,completed,0.493
O501967,C100551,2024-10-06,marketplace,home,2,60.85,0.0,121.7,73.71,47.99,completed,0.3943
O501967,C100551,2024-10-06,marketplace,accessories,2,24.57,0.0,49.14,24.04,25.1,completed,0.5108
O501967,C100551,2024-10-06,marketplace,accessories,3,27.85,16.71,66.84,33.98,32.86,completed,0.4916
O502774,C100792,2024-10-06,mobile_app,electronics,1,126.18,6.31,119.87,105.66,14.21,completed,0.1185
O502774,C100792,2024-10-06,mobile_app,beauty,1,25.87,1.29,24.58,11.71,12.87,completed,0.5236
O500100,C100043,2024-10-07,mobile_app,apparel,3,94.42,28.33,254.93,146.32,108.61,completed,0.426
O500979,C100281,2024-10-07,web,electronics,2,177.03,35.41,318.65,286.45,32.2,completed,0.1011
O501034,C100300,2024-10-07,mobile_app,beauty,2,25.05,2.51,47.59,22.52,25.07,completed,0.5268
O501034,C100300,2024-10-07,mobile_app,home,2,89.97,9.0,170.94,103.81,67.13,completed,0.3927
O501034,C100300,2024-10-07,mobile_app,footwear,1,94.91,0.0,94.91,58.19,36.72,completed,0.3869
O501515,C100445,2024-10-07,web,footwear,1,72.73,3.64,69.09,37.71,31.38,completed,0.4542
O501605,C100465,2024-10-07,mobile_app,footwear,1,99.3,0.0,99.3,65.08,34.22,completed,0.3446
O501605,C100465,2024-10-07,mobile_app,beauty,2,21.86,0.0,43.72,20.32,23.4,completed,0.5352
O501605,C100465,2024-10-07,mobile_app,footwear,3,114.96,17.24,327.64,206.6,121.04,completed,0.3694
O501961,C100549,2024-10-07,web,home,3,115.44,0.0,346.32,215.66,130.66,completed,0.3773
O501961,C100549,2024-10-07,web,apparel,2,113.22,33.97,192.47,99.54,92.93,completed,0.4828
O501961,C100549,2024-10-07,web,home,3,144.03,0.0,432.09,282.23,149.86,completed,0.3468
O502847,C100807,2024-10-07,web,beauty,2,29.04,8.71,49.37,21.52,27.85,completed,0.5641
O502847,C100807,2024-10-07,web,footwear,1,54.88,5.49,49.39,31.52,17.87,completed,0.3618
O502847,C100807,2024-10-07,web,home,1,55.23,8.28,46.95,27.3,19.65,completed,0.4185
O500239,C100074,2024-10-08,web,apparel,1,38.76,5.81,32.95,18.46,14.49,completed,0.4398
O500239,C100074,2024-10-08,web,home,3,58.55,0.0,175.65,113.62,62.03,completed,0.3531
O500988,C100285,2024-10-08,web,apparel,1,49.03,9.81,39.22,20.05,19.17,completed,0.4888
O500988,C100285,2024-10-08,web,apparel,1,46.36,2.32,44.04,24.75,19.29,completed,0.438
O500988,C100285,2024-10-08,web,electronics,2,147.99,14.8,281.18,231.18,50.0,completed,0.1778
O501198,C100362,2024-10-08,web,apparel,3,91.99,0.0,275.97,152.43,123.54,completed,0.4477
O501198,C100362,2024-10-08,web,beauty,3,48.26,28.96,115.82,55.31,60.51,completed,0.5224
O501411,C100426,2024-10-08,marketplace,accessories,1,82.73,16.55,66.18,30.41,35.77,completed,0.5405
O501411,C100426,2024-10-08,marketplace,home,2,149.16,29.83,268.49,166.08,102.41,completed,0.3814
O501459,C100432,2024-10-08,mobile_app,beauty,3,41.33,0.0,123.99,57.44,66.55,completed,0.5367
O501459,C100432,2024-10-08,mobile_app,accessories,3,65.93,19.78,178.01,85.97,92.04,completed,0.517
O502263,C100639,2024-10-08,web,accessories,1,74.99,3.75,71.24,35.31,35.93,completed,0.5044
O502263,C100639,2024-10-08,web,home,1,134.41,26.88,107.53,69.93,37.6,completed,0.3497
O502263,C100639,2024-10-08,web,apparel,3,87.88,0.0,263.64,129.87,133.77,completed,0.5074
O502322,C100650,2024-10-08,web,beauty,1,51.31,0.0,51.31,23.55,27.76,completed,0.541
O502322,C100650,2024-10-08,web,accessories,3,67.53,0.0,202.59,92.55,110.04,completed,0.5432
O502607,C100745,2024-10-08,web,electronics,3,295.01,44.25,840.78,718.1,122.68,completed,0.1459
O502607,C100745,2024-10-08,web,accessories,2,62.57,0.0,125.14,57.72,67.42,completed,0.5388
O502607,C100745,2024-10-08,web,electronics,2,376.02,0.0,752.04,603.75,148.29,completed,0.1972
O502864,C100812,2024-10-08,mobile_app,beauty,1,16.61,0.0,16.61,8.56,8.05,completed,0.4846
O502864,C100812,2024-10-08,mobile_app,accessories,1,26.99,5.4,21.59,11.08,10.51,completed,0.4868
O500589,C100181,2024-10-09,web,footwear,2,40.49,4.05,76.93,46.29,30.64,completed,0.3983
O500589,C100181,2024-10-09,web,electronics,1,135.95,13.59,122.36,98.52,23.84,completed,0.1948
O500589,C100181,2024-10-09,web,home,1,73.45,14.69,58.76,35.4,23.36,completed,0.3975
O500616,C100187,2024-10-09,retail_partner,apparel,3,94.38,0.0,283.14,149.25,133.89,completed,0.4729
O500616,C100187,2024-10-09,retail_partner,beauty,1,54.68,2.73,51.95,24.7,27.25,completed,0.5245
O500616,C100187,2024-10-09,retail_partner,electronics,2,431.61,86.32,776.9,578.31,198.59,completed,0.2556
O501263,C100388,2024-10-09,mobile_app,electronics,3,205.2,30.78,584.82,471.67,113.15,completed,0.1935
O501962,C100549,2024-10-09,web,apparel,3,120.14,54.06,306.36,180.84,125.52,completed,0.4097
O501962,C100549,2024-10-09,web,home,2,91.89,36.76,147.02,92.52,54.5,completed,0.3707
O501962,C100549,2024-10-09,web,beauty,1,50.77,2.54,48.23,24.96,23.27,completed,0.4825
O502021,C100575,2024-10-09,web,accessories,3,75.15,0.0,225.45,114.93,110.52,completed,0.4902
O502486,C100710,2024-10-09,web,beauty,2,29.53,2.95,56.11,27.72,28.39,completed,0.506
O502486,C100710,2024-10-09,web,accessories,2,25.31,10.12,40.5,18.94,21.56,completed,0.5323
O502579,C100736,2024-10-09,marketplace,beauty,2,36.99,14.8,59.18,30.17,29.01,completed,0.4902
O502739,C100781,2024-10-09,web,accessories,2,59.2,0.0,118.4,56.36,62.04,completed,0.524
O502827,C100801,2024-10-09,mobile_app,electronics,2,392.66,0.0,785.32,613.43,171.89,completed,0.2189
O502827,C100801,2024-10-09,mobile_app,electronics,3,408.92,245.35,981.41,752.16,229.25,completed,0.2336
O502845,C100805,2024-10-09,web,beauty,1,29.94,0.0,29.94,14.9,15.04,completed,0.5023
O503200,C100892,2024-10-09,mobile_app,footwear,1,109.12,21.82,87.3,55.48,31.82,completed,0.3645
O503200,C100892,2024-10-09,mobile_app,footwear,3,83.36,0.0,250.08,142.87,107.21,completed,0.4287
O501019,C100295,2024-10-10,marketplace,electronics,3,188.97,56.69,510.22,442.43,67.79,completed,0.1329
O501019,C100295,2024-10-10,marketplace,accessories,3,45.89,6.88,130.79,67.05,63.74,completed,0.4873
O501102,C100334,2024-10-10,mobile_app,apparel,1,23.54,1.18,22.36,11.85,10.51,completed,0.47
O501102,C100334,2024-10-10,mobile_app,home,1,58.92,11.78,47.14,31.93,15.21,completed,0.3227
O501102,C100334,2024-10-10,mobile_app,footwear,1,89.22,0.0,89.22,53.5,35.72,completed,0.4004
O501901,C100537,2024-10-10,marketplace,footwear,3,141.13,63.51,359.88,212.39,147.49,completed,0.4098
O502129,C100607,2024-10-10,marketplace,footwear,2,107.87,32.36,183.38,116.81,66.57,completed,0.363
O502438,C100696,2024-10-10,mobile_app,footwear,2,94.61,0.0,189.22,115.69,73.53,completed,0.3886
O502438,C100696,2024-10-10,mobile_app,home,1,63.89,0.0,63.89,37.39,26.5,completed,0.4148
O502580,C100736,2024-10-10,web,home,2,86.76,17.35,156.17,94.57,61.6,completed,0.3944
O503105,C100862,2024-10-10,web,accessories,1,34.32,0.0,34.32,15.63,18.69,completed,0.5446
O503105,C100862,2024-10-10,web,home,2,63.6,25.44,101.76,63.74,38.02,completed,0.3736
O503105,C100862,2024-10-10,web,home,1,71.85,14.37,57.48,33.71,23.77,completed,0.4135
O500173,C100062,2024-10-11,web,footwear,2,183.31,73.32,293.3,162.38,130.92,completed,0.4464
O500174,C100062,2024-10-11,mobile_app,electronics,1,250.62,37.59,213.03,180.02,33.01,completed,0.155
O500626,C100192,2024-10-11,retail_partner,accessories,3,47.8,21.51,121.89,57.64,64.25,completed,0.5271
O500626,C100192,2024-10-11,retail_partner,footwear,2,73.85,14.77,132.93,75.96,56.97,completed,0.4286
O500626,C100192,2024-10-11,retail_partner,footwear,2,101.19,0.0,202.38,127.98,74.4,completed,0.3676
O500848,C100250,2024-10-11,web,beauty,1,39.11,5.87,33.24,14.9,18.34,completed,0.5517
O500848,C100250,2024-10-11,web,home,2,130.5,0.0,261.0,160.87,100.13,completed,0.3836
O500848,C100250,2024-10-11,web,accessories,3,50.68,22.81,129.23,60.02,69.21,completed,0.5356
O501412,C100426,2024-10-11,mobile_app,beauty,3,48.66,14.6,131.38,55.55,75.83,completed,0.5772
O501412,C100426,2024-10-11,mobile_app,electronics,1,425.43,42.54,382.89,336.04,46.85,completed,0.1224
O501412,C100426,2024-10-11,mobile_app,footwear,2,76.56,30.62,122.5,71.17,51.33,completed,0.419
O501698,C100483,2024-10-11,retail_partner,accessories,2,36.77,0.0,73.54,35.74,37.8,completed,0.514
O501937,C100546,2024-10-11,retail_partner,beauty,2,23.31,0.0,46.62,21.51,25.11,completed,0.5386
O501937,C100546,2024-10-11,retail_partner,electronics,2,135.62,0.0,271.24,213.98,57.26,completed,0.2111
O501937,C100546,2024-10-11,retail_partner,electronics,1,152.17,22.83,129.34,102.03,27.31,completed,0.2111
O502199,C100624,2024-10-11,web,beauty,1,38.3,0.0,38.3,18.13,20.17,completed,0.5266
O502199,C100624,2024-10-11,web,electronics,2,151.04,0.0,302.08,248.63,53.45,completed,0.1769
O502199,C100624,2024-10-11,web,footwear,1,102.61,15.39,87.22,54.93,32.29,completed,0.3702
O502396,C100677,2024-10-11,web,apparel,1,114.63,0.0,114.63,64.71,49.92,completed,0.4355
O502396,C100677,2024-10-11,web,accessories,3,57.36,17.21,154.87,78.51,76.36,completed,0.4931
O502396,C100677,2024-10-11,web,apparel,1,92.05,4.6,87.45,52.21,35.24,completed,0.403
O503169,C100879,2024-10-11,web,beauty,1,56.14,0.0,56.14,26.55,29.59,completed,0.5271
O503169,C100879,2024-10-11,web,electronics,1,399.35,19.97,379.38,278.6,100.78,completed,0.2656
O500105,C100044,2024-10-12,retail_partner,electronics,1,242.84,48.57,194.27,161.52,32.75,completed,0.1686
O500105,C100044,2024-10-12,retail_partner,home,2,55.98,0.0,111.96,67.21,44.75,completed,0.3997
O500491,C100155,2024-10-12,mobile_app,apparel,2,83.18,0.0,166.36,88.53,77.83,completed,0.4678
O500491,C100155,2024-10-12,mobile_app,beauty,1,61.37,6.14,55.23,26.61,28.62,completed,0.5182
O501281,C100392,2024-10-12,web,home,1,78.1,0.0,78.1,47.62,30.48,completed,0.3903
O501281,C100392,2024-10-12,web,home,2,82.63,8.26,157.0,103.09,53.91,completed,0.3434
O501639,C100474,2024-10-12,mobile_app,apparel,2,98.76,19.75,177.77,97.09,80.68,completed,0.4538
O502032,C100577,2024-10-12,web,home,2,85.4,0.0,170.8,102.32,68.48,completed,0.4009
O502032,C100577,2024-10-12,web,accessories,2,51.07,10.21,91.93,43.16,48.77,completed,0.5305
O502439,C100696,2024-10-12,mobile_app,footwear,1,71.39,10.71,60.68,36.6,24.08,completed,0.3968
O502439,C100696,2024-10-12,mobile_app,beauty,2,26.47,5.29,47.65,21.44,26.21,completed,0.5501
O502511,C100717,2024-10-12,web,footwear,2,196.3,0.0,392.6,216.21,176.39,completed,0.4493
O502511,C100717,2024-10-12,web,footwear,3,161.03,0.0,483.09,289.11,193.98,completed,0.4015
O502511,C100717,2024-10-12,web,home,1,164.21,24.63,139.58,90.42,49.16,completed,0.3522
O503088,C100861,2024-10-12,marketplace,footwear,1,187.79,28.17,159.62,100.84,58.78,completed,0.3682
O500192,C100064,2024-10-13,marketplace,footwear,1,219.62,32.94,186.68,112.27,74.41,completed,0.3986
O500192,C100064,2024-10-13,marketplace,footwear,3,193.03,0.0,579.09,360.08,219.01,completed,0.3782
O500192,C100064,2024-10-13,marketplace,accessories,3,61.66,37.0,147.98,73.52,74.46,completed,0.5032
O500641,C100197,2024-10-13,mobile_app,accessories,1,60.06,3.0,57.06,26.42,30.64,completed,0.537
O500641,C100197,2024-10-13,mobile_app,footwear,2,66.06,0.0,132.12,73.79,58.33,completed,0.4415
O501277,C100390,2024-10-13,web,accessories,1,45.14,4.51,40.63,20.48,20.15,completed,0.4959
O501911,C100540,2024-10-13,web,footwear,1,120.54,0.0,120.54,72.96,47.58,completed,0.3947
O501911,C100540,2024-10-13,web,accessories,1,78.12,15.62,62.5,32.1,30.4,completed,0.4864
O502062,C100586,2024-10-13,marketplace,apparel,3,30.16,0.0,90.48,51.5,38.98,completed,0.4308
O502066,C100587,2024-10-13,mobile_app,home,1,44.8,0.0,44.8,28.19,16.61,completed,0.3708
O502066,C100587,2024-10-13,mobile_app,beauty,1,30.89,3.09,27.8,14.34,13.46,completed,0.4842
O502066,C100587,2024-10-13,mobile_app,beauty,3,31.26,9.38,84.4,36.97,47.43,completed,0.562
O502138,C100612,2024-10-13,web,apparel,3,44.51,0.0,133.53,73.28,60.25,completed,0.4512
O502138,C100612,2024-10-13,web,home,2,88.5,0.0,177.0,116.01,60.99,completed,0.3446
O502138,C100612,2024-10-13,web,home,3,81.88,12.28,233.36,142.27,91.09,completed,0.3903
O502524,C100721,2024-10-13,web,apparel,2,57.92,23.17,92.67,50.35,42.32,completed,0.4567
O502524,C100721,2024-10-13,web,apparel,2,41.56,4.16,78.96,44.92,34.04,completed,0.4311
O502524,C100721,2024-10-13,web,beauty,3,26.6,0.0,79.8,38.26,41.54,completed,0.5206
O502539,C100722,2024-10-13,web,electronics,2,422.42,0.0,844.84,680.6,164.24,completed,0.1944
O502539,C100722,2024-10-13,web,footwear,1,209.25,0.0,209.25,132.83,76.42,completed,0.3652
O502539,C100722,2024-10-13,web,electronics,1,384.22,0.0,384.22,321.16,63.06,completed,0.1641
O502628,C100750,2024-10-13,marketplace,electronics,3,420.94,0.0,1262.82,1038.41,224.41,completed,0.1777
O502628,C100750,2024-10-13,marketplace,accessories,3,70.82,42.49,169.97,84.09,85.88,completed,0.5053
O502628,C100750,2024-10-13,marketplace,home,1,105.8,0.0,105.8,59.89,45.91,completed,0.4339
O502885,C100814,2024-10-13,mobile_app,accessories,1,81.02,0.0,81.02,41.96,39.06,completed,0.4821
O503211,C100896,2024-10-13,web,beauty,2,33.1,6.62,59.58,27.56,32.02,completed,0.5374
O503211,C100896,2024-10-13,web,beauty,1,23.57,3.54,20.03,9.25,10.78,completed,0.5382
O503211,C100896,2024-10-13,web,accessories,1,48.19,0.0,48.19,23.94,24.25,completed,0.5032
O500290,C100094,2024-10-14,web,footwear,3,108.46,0.0,325.38,188.06,137.32,completed,0.422
O500290,C100094,2024-10-14,web,footwear,1,90.25,0.0,90.25,54.47,35.78,completed,0.3965
O500689,C100206,2024-10-14,web,footwear,3,39.48,0.0,118.44,77.45,40.99,completed,0.3461
O500689,C100206,2024-10-14,web,electronics,1,179.59,8.98,170.61,137.81,32.8,completed,0.1923
O500689,C100206,2024-10-14,web,home,3,56.76,8.51,161.77,101.49,60.28,completed,0.3726
O501241,C100380,2024-10-14,web,home,2,37.12,3.71,70.53,40.59,29.94,completed,0.4245
O501241,C100380,2024-10-14,web,beauty,2,24.99,10.0,39.98,19.53,20.45,completed,0.5115
O501241,C100380,2024-10-14,web,apparel,3,35.15,0.0,105.45,59.77,45.68,completed,0.4332
O501297,C100396,2024-10-14,web,apparel,3,48.34,7.25,137.77,73.56,64.21,completed,0.4661
O501297,C100396,2024-10-14,web,apparel,2,39.01,0.0,78.02,44.14,33.88,completed,0.4342
O501356,C100410,2024-10-14,web,beauty,1,28.82,0.0,28.82,13.17,15.65,completed,0.543
O501356,C100410,2024-10-14,web,accessories,3,41.23,0.0,123.69,66.26,57.43,completed,0.4643
O501356,C100410,2024-10-14,web,footwear,1,81.53,8.15,73.38,47.93,25.45,completed,0.3468
O501413,C100426,2024-10-14,mobile_app,accessories,2,68.26,20.48,116.04,54.23,61.81,completed,0.5327
O501413,C100426,2024-10-14,mobile_app,home,1,128.42,19.26,109.16,68.45,40.71,completed,0.3729
O501413,C100426,2024-10-14,mobile_app,footwear,2,154.46,46.34,262.58,160.7,101.88,completed,0.388
O501460,C100432,2024-10-14,web,apparel,3,46.68,28.01,112.03,65.74,46.29,completed,0.4132
O501460,C100432,2024-10-14,web,footwear,2,116.5,23.3,209.7,129.94,79.76,completed,0.3804
O501460,C100432,2024-10-14,web,home,2,56.46,16.94,95.98,60.22,35.76,completed,0.3726
O502063,C100586,2024-10-14,marketplace,accessories,3,41.55,24.93,99.72,52.33,47.39,completed,0.4752
O502063,C100586,2024-10-14,marketplace,accessories,2,31.19,9.36,53.02,29.2,23.82,completed,0.4493
O502063,C100586,2024-10-14,marketplace,footwear,3,68.62,41.17,164.69,99.84,64.85,completed,0.3938
O502264,C100639,2024-10-14,web,home,1,138.45,0.0,138.45,91.56,46.89,completed,0.3387
O502264,C100639,2024-10-14,web,beauty,2,40.82,8.16,73.48,35.84,37.64,completed,0.5122
O502342,C100655,2024-10-14,mobile_app,beauty,2,66.9,20.07,113.73,53.69,60.04,completed,0.5279
O502342,C100655,2024-10-14,mobile_app,apparel,1,53.51,10.7,42.81,21.3,21.51,completed,0.5025
O502342,C100655,2024-10-14,mobile_app,beauty,3,49.4,0.0,148.2,73.17,75.03,completed,0.5063
O502440,C100696,2024-10-14,web,accessories,3,28.34,12.75,72.27,37.0,35.27,completed,0.488
O502440,C100696,2024-10-14,web,apparel,3,47.17,7.08,134.43,65.87,68.56,completed,0.51
O502440,C100696,2024-10-14,web,footwear,3,101.66,45.75,259.23,149.17,110.06,completed,0.4246
O502901,C100818,2024-10-14,web,accessories,2,44.51,13.35,75.67,41.48,34.19,completed,0.4518
O502901,C100818,2024-10-14,web,apparel,1,72.5,0.0,72.5,39.81,32.69,completed,0.4509
O502901,C100818,2024-10-14,web,footwear,3,74.06,44.44,177.74,94.14,83.6,completed,0.4703
O500141,C100053,2024-10-15,marketplace,footwear,2,91.04,27.31,154.77,89.18,65.59,completed,0.4238
O500141,C100053,2024-10-15,marketplace,accessories,2,47.53,0.0,95.06,46.58,48.48,completed,0.51
O501070,C100318,2024-10-15,mobile_app,footwear,2,76.04,15.21,136.87,79.46,57.41,completed,0.4194
O501070,C100318,2024-10-15,mobile_app,beauty,1,21.0,0.0,21.0,10.29,10.71,completed,0.51
O501461,C100433,2024-10-15,retail_partner,accessories,1,47.9,0.0,47.9,23.51,24.39,completed,0.5092
O501461,C100433,2024-10-15,retail_partner,footwear,3,52.87,31.72,126.89,74.38,52.51,completed,0.4138
O501461,C100433,2024-10-15,retail_partner,electronics,3,176.66,0.0,529.98,423.6,106.38,completed,0.2007
O501622,C100473,2024-10-15,mobile_app,footwear,2,91.81,0.0,183.62,102.11,81.51,completed,0.4439
O501622,C100473,2024-10-15,mobile_app,electronics,3,361.02,0.0,1083.06,911.82,171.24,completed,0.1581
O501622,C100473,2024-10-15,mobile_app,beauty,1,45.58,4.56,41.02,19.38,21.64,completed,0.5275
O501757,C100500,2024-10-15,web,beauty,2,11.02,3.31,18.73,9.16,9.57,completed,0.5109
O501757,C100500,2024-10-15,web,home,2,83.95,16.79,151.11,97.23,53.88,completed,0.3566
O502998,C100841,2024-10-15,web,footwear,2,62.5,12.5,112.5,66.56,45.94,completed,0.4084
O502998,C100841,2024-10-15,web,beauty,2,21.65,0.0,43.3,22.46,20.84,completed,0.4813
O500058,C100025,2024-10-16,mobile_app,footwear,2,89.82,0.0,179.64,109.29,70.35,completed,0.3916
O500058,C100025,2024-10-16,mobile_app,electronics,2,178.17,0.0,356.34,297.55,58.79,completed,0.165
O500058,C100025,2024-10-16,mobile_app,beauty,3,27.88,0.0,83.64,44.63,39.01,completed,0.4664
O500101,C100043,2024-10-16,retail_partner,footwear,3,134.16,0.0,402.48,234.94,167.54,completed,0.4163
O500101,C100043,2024-10-16,retail_partner,home,3,76.71,34.52,195.61,131.91,63.7,completed,0.3256
O500101,C100043,2024-10-16,retail_partner,footwear,2,177.75,0.0,355.5,219.45,136.05,completed,0.3827
O500148,C100055,2024-10-16,web,footwear,1,90.69,9.07,81.62,51.48,30.14,completed,0.3693
O500148,C100055,2024-10-16,web,beauty,3,27.96,0.0,83.88,39.65,44.23,completed,0.5273
O500148,C100055,2024-10-16,web,home,1,87.55,0.0,87.55,53.35,34.2,completed,0.3906
O500691,C100207,2024-10-16,marketplace,home,2,105.64,0.0,211.28,125.85,85.43,completed,0.4043
O500691,C100207,2024-10-16,marketplace,footwear,2,101.93,20.39,183.47,118.7,64.77,completed,0.353
O501346,C100406,2024-10-16,retail_partner,home,2,94.91,0.0,189.82,121.87,67.95,completed,0.358
O501346,C100406,2024-10-16,retail_partner,home,3,71.64,0.0,214.92,136.97,77.95,completed,0.3627
O501717,C100494,2024-10-16,mobile_app,accessories,3,81.0,0.0,243.0,120.03,122.97,completed,0.506
O501717,C100494,2024-10-16,mobile_app,accessories,3,83.06,0.0,249.18,128.54,120.64,completed,0.4841
O501717,C100494,2024-10-16,mobile_app,electronics,3,400.53,0.0,1201.59,1024.06,177.53,completed,0.1477
O502409,C100683,2024-10-16,marketplace,footwear,3,131.38,78.83,315.31,183.73,131.58,completed,0.4173
O502409,C100683,2024-10-16,marketplace,electronics,3,271.84,40.78,774.74,667.63,107.11,completed,0.1383
O502409,C100683,2024-10-16,marketplace,apparel,2,58.73,11.75,105.71,56.81,48.9,completed,0.4626
O500115,C100047,2024-10-17,web,apparel,2,75.16,0.0,150.32,79.94,70.38,completed,0.4682
O500115,C100047,2024-10-17,web,footwear,1,184.73,0.0,184.73,106.06,78.67,completed,0.4259
O500115,C100047,2024-10-17,web,electronics,2,308.6,0.0,617.2,470.51,146.69,completed,0.2377
O500385,C100128,2024-10-17,web,footwear,3,186.07,55.82,502.39,291.27,211.12,completed,0.4202
O500385,C100128,2024-10-17,web,beauty,3,50.34,0.0,151.02,73.66,77.36,completed,0.5123
O500849,C100250,2024-10-17,marketplace,home,1,151.79,15.18,136.61,83.89,52.72,completed,0.3859
O500849,C100250,2024-10-17,marketplace,footwear,1,105.15,21.03,84.12,48.83,35.29,completed,0.4195
O500849,C100250,2024-10-17,marketplace,beauty,2,52.03,5.2,98.86,46.9,51.96,completed,0.5256
O501235,C100377,2024-10-17,marketplace,footwear,3,67.36,0.0,202.08,113.67,88.41,completed,0.4375
O501235,C100377,2024-10-17,marketplace,beauty,3,28.18,8.45,76.09,32.66,43.43,completed,0.5708
O501235,C100377,2024-10-17,marketplace,beauty,3,34.38,0.0,103.14,52.72,50.42,completed,0.4889
O501462,C100433,2024-10-17,marketplace,footwear,1,90.62,0.0,90.62,60.08,30.54,completed,0.337
O501462,C100433,2024-10-17,marketplace,electronics,3,208.14,0.0,624.42,505.83,118.59,completed,0.1899
O501477,C100436,2024-10-17,marketplace,accessories,1,80.18,0.0,80.18,42.31,37.87,completed,0.4723
O502799,C100798,2024-10-17,mobile_app,accessories,1,36.69,3.67,33.02,16.42,16.6,completed,0.5027
O502799,C100798,2024-10-17,mobile_app,accessories,1,79.56,15.91,63.65,31.2,32.45,completed,0.5098
O502828,C100801,2024-10-17,retail_partner,home,3,108.5,48.82,276.68,169.1,107.58,completed,0.3888
O502828,C100801,2024-10-17,retail_partner,electronics,1,440.94,66.14,374.8,285.71,89.09,completed,0.2377
O502828,C100801,2024-10-17,retail_partner,beauty,1,59.01,8.85,50.16,25.0,25.16,completed,0.5016
O500364,C100118,2024-10-18,marketplace,footwear,2,80.4,32.16,128.64,80.23,48.41,completed,0.3763
O500364,C100118,2024-10-18,marketplace,apparel,3,67.76,20.33,182.95,116.93,66.02,completed,0.3609
O500634,C100196,2024-10-18,web,accessories,3,35.76,0.0,107.28,55.56,51.72,completed,0.4821
O500634,C100196,2024-10-18,web,beauty,2,12.64,3.79,21.49,10.65,10.84,completed,0.5044
O500634,C100196,2024-10-18,web,beauty,3,35.29,0.0,105.87,50.86,55.01,completed,0.5196
O501256,C100385,2024-10-18,mobile_app,home,2,61.94,24.78,99.1,61.92,37.18,completed,0.3752
O501256,C100385,2024-10-18,mobile_app,apparel,3,55.36,0.0,166.08,91.73,74.35,completed,0.4477
O501942,C100548,2024-10-18,web,footwear,2,86.49,17.3,155.68,98.13,57.55,completed,0.3697
O501942,C100548,2024-10-18,web,apparel,1,61.78,12.36,49.42,25.46,23.96,completed,0.4848
O502016,C100574,2024-10-18,web,beauty,3,28.43,4.26,81.03,41.89,39.14,completed,0.483
O502016,C100574,2024-10-18,web,beauty,3,37.56,0.0,112.68,57.43,55.25,completed,0.4903
O502016,C100574,2024-10-18,web,accessories,3,48.3,0.0,144.9,66.13,78.77,completed,0.5436
O503206,C100895,2024-10-18,mobile_app,home,3,49.33,0.0,147.99,90.39,57.6,completed,0.3892
O503206,C100895,2024-10-18,mobile_app,apparel,1,39.6,5.94,33.66,20.45,13.21,completed,0.3925
O503206,C100895,2024-10-18,mobile_app,beauty,2,42.48,0.0,84.96,36.9,48.06,completed,0.5657
O500139,C100052,2024-10-19,web,beauty,2,34.35,6.87,61.83,29.95,31.88,completed,0.5156
O500742,C100226,2024-10-19,mobile_app,home,1,74.02,11.1,62.92,40.15,22.77,completed,0.3619
O500749,C100230,2024-10-19,retail_partner,home,1,74.1,3.71,70.39,43.0,27.39,completed,0.3891
O501718,C100494,2024-10-19,mobile_app,apparel,3,123.98,37.19,334.75,197.92,136.83,completed,0.4088
O501718,C100494,2024-10-19,mobile_app,beauty,1,50.86,0.0,50.86,23.63,27.23,completed,0.5354
O501719,C100494,2024-10-19,marketplace,electronics,1,442.69,0.0,442.69,392.97,49.72,completed,0.1123
O501719,C100494,2024-10-19,marketplace,footwear,2,156.34,0.0,312.68,179.7,132.98,completed,0.4253
O501719,C100494,2024-10-19,marketplace,accessories,3,105.94,47.67,270.15,131.7,138.45,completed,0.5125
O501975,C100554,2024-10-19,mobile_app,footwear,2,96.98,0.0,193.96,114.56,79.4,completed,0.4094
O501975,C100554,2024-10-19,mobile_app,beauty,2,33.74,6.75,60.73,27.7,33.03,completed,0.5439
O501975,C100554,2024-10-19,mobile_app,apparel,2,70.34,7.03,133.65,71.08,62.57,completed,0.4682
O502022,C100575,2024-10-19,mobile_app,home,3,86.46,0.0,259.38,179.57,79.81,completed,0.3077
O502023,C100575,2024-10-19,mobile_app,electronics,3,349.62,209.77,839.09,677.49,161.6,completed,0.1926
O502130,C100607,2024-10-19,web,home,3,63.54,0.0,190.62,119.26,71.36,completed,0.3744
O502130,C100607,2024-10-19,web,accessories,1,32.61,4.89,27.72,13.61,14.11,completed,0.509
O502492,C100711,2024-10-19,web,electronics,2,309.02,61.8,556.24,456.97,99.27,completed,0.1785
O502724,C100780,2024-10-19,mobile_app,footwear,3,84.04,0.0,252.12,156.82,95.3,completed,0.378
O502724,C100780,2024-10-19,mobile_app,beauty,1,26.48,0.0,26.48,13.57,12.91,completed,0.4875
O502842,C100804,2024-10-19,mobile_app,beauty,1,61.42,3.07,58.35,28.4,29.95,completed,0.5133
O502842,C100804,2024-10-19,mobile_app,electronics,2,490.11,0.0,980.22,791.63,188.59,completed,0.1924
O502842,C100804,2024-10-19,mobile_app,footwear,3,194.66,87.6,496.38,294.18,202.2,completed,0.4073
O502862,C100811,2024-10-19,marketplace,home,3,90.6,13.59,258.21,153.98,104.23,completed,0.4037
O500683,C100202,2024-10-20,marketplace,apparel,2,54.12,21.65,86.59,46.4,40.19,completed,0.4641
O500683,C100202,2024-10-20,marketplace,apparel,3,68.46,0.0,205.38,109.58,95.8,completed,0.4665
O500699,C100209,2024-10-20,web,home,1,74.47,0.0,74.47,43.59,30.88,completed,0.4147
O500699,C100209,2024-10-20,web,footwear,2,67.08,13.42,120.74,72.97,47.77,completed,0.3956
O500861,C100254,2024-10-20,marketplace,apparel,1,55.01,2.75,52.26,28.93,23.33,completed,0.4464
O501228,C100372,2024-10-20,retail_partner,footwear,2,104.04,31.21,176.87,106.22,70.65,completed,0.3994
O501228,C100372,2024-10-20,retail_partner,beauty,3,26.73,0.0,80.19,40.71,39.48,completed,0.4923
O501670,C100479,2024-10-20,web,apparel,2,25.48,0.0,50.96,27.06,23.9,completed,0.469
O501670,C100479,2024-10-20,web,accessories,3,42.48,6.37,121.07,62.23,58.84,completed,0.486
O501670,C100479,2024-10-20,web,accessories,3,53.36,24.01,136.07,65.84,70.23,completed,0.5161
O502004,C100569,2024-10-20,retail_partner,footwear,1,93.18,18.64,74.54,42.98,31.56,completed,0.4234
O502178,C100618,2024-10-20,web,footwear,2,140.45,28.09,252.81,148.43,104.38,completed,0.4129
O502178,C100618,2024-10-20,web,beauty,1,48.57,0.0,48.57,24.95,23.62,completed,0.4863
O502178,C100618,2024-10-20,web,electronics,3,366.28,164.83,934.01,739.38,194.63,completed,0.2084
O502670,C100766,2024-10-20,web,footwear,3,117.79,53.01,300.36,179.9,120.46,completed,0.4011
O502670,C100766,2024-10-20,web,home,3,93.07,41.88,237.33,151.88,85.45,completed,0.36
O502670,C100766,2024-10-20,web,home,3,76.37,11.46,217.65,135.5,82.15,completed,0.3774
O503074,C100857,2024-10-20,web,footwear,1,85.3,0.0,85.3,49.39,35.91,completed,0.421
O503074,C100857,2024-10-20,web,accessories,1,32.24,4.84,27.4,13.64,13.76,completed,0.5022
O500692,C100207,2024-10-21,mobile_app,electronics,1,202.58,40.52,162.06,131.39,30.67,completed,0.1893
O501037,C100301,2024-10-21,mobile_app,accessories,3,40.58,12.17,109.57,51.24,58.33,completed,0.5324
O501405,C100424,2024-10-21,web,electronics,3,232.43,104.59,592.7,490.13,102.57,completed,0.1731
O501785,C100506,2024-10-21,web,accessories,3,78.2,11.73,222.87,107.12,115.75,completed,0.5194
O501785,C100506,2024-10-21,web,electronics,3,365.13,0.0,1095.39,919.44,175.95,completed,0.1606
O501785,C100506,2024-10-21,web,accessories,3,62.42,0.0,187.26,92.8,94.46,completed,0.5044
O501811,C100510,2024-10-21,web,footwear,3,75.05,45.03,180.12,97.62,82.5,completed,0.458
O501811,C100510,2024-10-21,web,home,3,62.43,0.0,187.29,112.72,74.57,completed,0.3982
O501836,C100515,2024-10-21,marketplace,electronics,2,289.82,115.93,463.71,382.87,80.84,completed,0.1743
O501863,C100526,2024-10-21,mobile_app,footwear,2,108.44,21.69,195.19,123.96,71.23,completed,0.3649
O501863,C100526,2024-10-21,mobile_app,electronics,1,162.59,0.0,162.59,126.03,36.56,completed,0.2249
O501863,C100526,2024-10-21,mobile_app,accessories,2,29.19,2.92,55.46,29.18,26.28,completed,0.4739
O502067,C100587,2024-10-21,mobile_app,apparel,1,42.18,6.33,35.85,19.58,16.27,completed,0.4538
O502306,C100649,2024-10-21,web,home,3,91.37,0.0,274.11,166.99,107.12,completed,0.3908
O502306,C100649,2024-10-21,web,beauty,2,76.64,30.66,122.62,60.11,62.51,completed,0.5098
O502306,C100649,2024-10-21,web,accessories,2,85.78,0.0,171.56,88.78,82.78,completed,0.4825
O502332,C100651,2024-10-21,web,electronics,3,146.92,66.11,374.65,351.74,22.91,completed,0.0612
O503170,C100879,2024-10-21,web,accessories,2,58.06,0.0,116.12,56.7,59.42,completed,0.5117
O503170,C100879,2024-10-21,web,home,1,145.94,14.59,131.35,85.12,46.23,completed,0.352
O500193,C100064,2024-10-22,mobile_app,footwear,1,196.69,9.83,186.86,113.45,73.41,completed,0.3929
O500193,C100064,2024-10-22,mobile_app,footwear,3,99.97,15.0,284.91,170.17,114.74,completed,0.4027
O500193,C100064,2024-10-22,mobile_app,accessories,2,67.66,27.06,108.26,50.13,58.13,completed,0.5369
O501136,C100349,2024-10-22,mobile_app,electronics,2,179.85,0.0,359.7,284.5,75.2,completed,0.2091
O501713,C100492,2024-10-22,web,footwear,1,88.64,0.0,88.64,53.66,34.98,completed,0.3946
O501713,C100492,2024-10-22,web,apparel,3,74.53,22.36,201.23,108.5,92.73,completed,0.4608
O501810,C100509,2024-10-22,marketplace,electronics,2,267.48,80.24,454.72,403.06,51.66,completed,0.1136
O501857,C100525,2024-10-22,retail_partner,apparel,3,48.87,0.0,146.61,88.74,57.87,completed,0.3947
O502909,C100820,2024-10-22,mobile_app,beauty,3,25.86,15.52,62.06,28.61,33.45,completed,0.539
O502909,C100820,2024-10-22,mobile_app,electronics,1,142.94,0.0,142.94,110.64,32.3,completed,0.226
O502909,C100820,2024-10-22,mobile_app,accessories,2,45.9,4.59,87.21,39.23,47.98,completed,0.5502
O500043,C100016,2024-10-23,web,footwear,1,94.84,9.48,85.36,49.64,35.72,completed,0.4185
O500043,C100016,2024-10-23,web,footwear,1,115.97,0.0,115.97,68.54,47.43,completed,0.409
O500729,C100222,2024-10-23,marketplace,accessories,1,40.62,4.06,36.56,19.16,17.4,completed,0.4759
O500729,C100222,2024-10-23,marketplace,electronics,2,147.57,14.76,280.38,210.06,70.32,completed,0.2508
O500729,C100222,2024-10-23,marketplace,beauty,2,23.89,0.0,47.78,23.28,24.5,completed,0.5128
O501806,C100508,2024-10-23,web,electronics,1,523.77,0.0,523.77,437.1,86.67,completed,0.1655
O501837,C100515,2024-10-23,mobile_app,beauty,3,21.87,3.28,62.33,29.75,32.58,completed,0.5227
O501837,C100515,2024-10-23,mobile_app,apparel,1,59.51,5.95,53.56,32.63,20.93,completed,0.3908
O501837,C100515,2024-10-23,mobile_app,home,3,93.48,14.02,266.42,172.3,94.12,completed,0.3533
O501963,C100549,2024-10-23,marketplace,electronics,2,285.59,0.0,571.18,443.16,128.02,completed,0.2241
O501963,C100549,2024-10-23,marketplace,accessories,1,79.69,0.0,79.69,38.2,41.49,completed,0.5206
O502213,C100629,2024-10-23,mobile_app,beauty,2,25.62,2.56,48.68,24.11,24.57,completed,0.5047
O502213,C100629,2024-10-23,mobile_app,footwear,3,64.6,0.0,193.8,124.4,69.4,completed,0.3581
O502213,C100629,2024-10-23,mobile_app,footwear,2,106.89,32.07,181.71,112.05,69.66,completed,0.3834
O502337,C100653,2024-10-23,web,apparel,3,50.89,0.0,152.67,88.63,64.04,completed,0.4195
O502337,C100653,2024-10-23,web,home,2,99.31,9.93,188.69,119.47,69.22,completed,0.3668
O502379,C100673,2024-10-23,mobile_app,beauty,2,43.65,4.37,82.93,39.56,43.37,completed,0.523
O502379,C100673,2024-10-23,mobile_app,accessories,2,53.07,5.31,100.83,51.77,49.06,completed,0.4866
O502379,C100673,2024-10-23,mobile_app,apparel,3,39.62,23.77,95.09,52.62,42.47,completed,0.4466
O503047,C100850,2024-10-23,marketplace,electronics,1,169.66,16.97,152.69,133.64,19.05,completed,0.1248
O500343,C100111,2024-10-24,web,home,2,77.08,15.42,138.74,76.87,61.87,completed,0.4459
O500343,C100111,2024-10-24,web,electronics,3,421.99,126.6,1139.37,934.14,205.23,completed,0.1801
O500343,C100111,2024-10-24,web,accessories,3,78.64,35.39,200.53,101.01,99.52,completed,0.4963
O500457,C100149,2024-10-24,web,electronics,3,182.76,109.66,438.62,403.66,34.96,completed,0.0797
O500501,C100159,2024-10-24,mobile_app,home,2,81.9,16.38,147.42,88.44,58.98,completed,0.4001
O500501,C100159,2024-10-24,mobile_app,footwear,3,81.38,0.0,244.14,149.51,94.63,completed,0.3876
O501414,C100426,2024-10-24,retail_partner,apparel,1,114.53,11.45,103.08,52.04,51.04,completed,0.4951
O501551,C100453,2024-10-24,mobile_app,accessories,3,69.33,0.0,207.99,102.87,105.12,completed,0.5054
O501551,C100453,2024-10-24,mobile_app,electronics,2,271.54,0.0,543.08,432.69,110.39,completed,0.2033
O502955,C100828,2024-10-24,retail_partner,home,3,64.08,9.61,182.63,118.68,63.95,completed,0.3502
O502955,C100828,2024-10-24,retail_partner,accessories,1,55.65,0.0,55.65,27.88,27.77,completed,0.499
O502955,C100828,2024-10-24,retail_partner,beauty,3,29.87,13.44,76.17,37.42,38.75,completed,0.5087
O500102,C100043,2024-10-25,mobile_app,footwear,2,137.7,13.77,261.63,161.34,100.29,completed,0.3833
O500102,C100043,2024-10-25,mobile_app,home,1,141.11,21.17,119.94,70.6,49.34,completed,0.4114
O500102,C100043,2024-10-25,mobile_app,accessories,1,61.53,0.0,61.53,32.4,29.13,completed,0.4734
O500240,C100074,2024-10-25,mobile_app,beauty,1,26.98,0.0,26.98,13.64,13.34,completed,0.4944
O500240,C100074,2024-10-25,mobile_app,accessories,2,31.02,6.2,55.84,28.5,27.34,completed,0.4896
O500240,C100074,2024-10-25,mobile_app,beauty,2,25.18,10.07,40.29,19.25,21.04,completed,0.5222
O501640,C100474,2024-10-25,web,electronics,2,303.77,121.51,486.03,412.32,73.71,completed,0.1517
O501640,C100474,2024-10-25,web,electronics,3,415.81,249.49,997.94,802.6,195.34,completed,0.1957
O501849,C100519,2024-10-25,mobile_app,electronics,1,218.42,0.0,218.42,184.5,33.92,completed,0.1553
O501849,C100519,2024-10-25,mobile_app,accessories,2,51.43,15.43,87.43,46.13,41.3,completed,0.4724
O501849,C100519,2024-10-25,mobile_app,apparel,3,60.41,0.0,181.23,88.15,93.08,completed,0.5136
O501912,C100540,2024-10-25,marketplace,electronics,1,318.68,0.0,318.68,266.62,52.06,completed,0.1634
O502147,C100614,2024-10-25,mobile_app,apparel,2,92.98,37.19,148.77,81.44,67.33,completed,0.4526
O502147,C100614,2024-10-25,mobile_app,home,2,143.42,28.68,258.16,150.18,107.98,completed,0.4183
O502147,C100614,2024-10-25,mobile_app,footwear,3,168.62,25.29,480.57,274.44,206.13,completed,0.4289
O502193,C100623,2024-10-25,marketplace,beauty,2,30.38,0.0,60.76,28.65,32.11,completed,0.5285
O502193,C100623,2024-10-25,marketplace,footwear,2,86.3,0.0,172.6,105.33,67.27,completed,0.3897
O502200,C100624,2024-10-25,mobile_app,footwear,3,92.16,41.47,235.01,138.72,96.29,completed,0.4097
O502498,C100712,2024-10-25,marketplace,electronics,3,199.44,59.83,538.49,436.15,102.34,completed,0.19
O502498,C100712,2024-10-25,marketplace,footwear,1,138.69,20.8,117.89,61.09,56.8,completed,0.4818
O502558,C100729,2024-10-25,web,beauty,3,25.89,15.53,62.14,25.34,36.8,completed,0.5922
O502558,C100729,2024-10-25,web,beauty,1,20.46,0.0,20.46,10.66,9.8,completed,0.479
O502558,C100729,2024-10-25,web,beauty,2,28.07,0.0,56.14,26.99,29.15,completed,0.5192
O502608,C100745,2024-10-25,web,home,1,117.0,5.85,111.15,74.18,36.97,completed,0.3326
O502805,C100799,2024-10-25,web,beauty,1,46.8,4.68,42.12,21.41,20.71,completed,0.4917
O502805,C100799,2024-10-25,web,footwear,1,165.06,24.76,140.3,95.81,44.49,completed,0.3171
O503065,C100854,2024-10-25,marketplace,apparel,3,63.4,0.0,190.2,96.3,93.9,completed,0.4937
O503065,C100854,2024-10-25,marketplace,beauty,1,61.01,3.05,57.96,25.04,32.92,completed,0.568
O503065,C100854,2024-10-25,marketplace,accessories,2,67.51,13.5,121.52,63.91,57.61,completed,0.4741
O503089,C100861,2024-10-25,mobile_app,footwear,3,117.76,0.0,353.28,204.12,149.16,completed,0.4222
O500103,C100043,2024-10-26,web,apparel,3,88.21,26.46,238.17,127.22,110.95,completed,0.4658
O500103,C100043,2024-10-26,web,home,1,169.67,25.45,144.22,88.93,55.29,completed,0.3834
O500517,C100161,2024-10-26,retail_partner,home,2,83.36,0.0,166.72,101.28,65.44,completed,0.3925
O501623,C100473,2024-10-26,mobile_app,home,1,85.15,0.0,85.15,51.3,33.85,completed,0.3975
O501623,C100473,2024-10-26,mobile_app,home,1,152.98,30.6,122.38,77.12,45.26,completed,0.3698
O501709,C100490,2024-10-26,web,home,3,91.45,0.0,274.35,160.06,114.29,completed,0.4166
O501838,C100515,2024-10-26,web,home,3,88.46,26.54,238.84,157.07,81.77,completed,0.3424
O501838,C100515,2024-10-26,web,accessories,1,36.52,0.0,36.52,18.2,18.32,completed,0.5016
O501838,C100515,2024-10-26,web,home,2,14.88,2.98,26.78,16.6,10.18,completed,0.3801
O502025,C100576,2024-10-26,mobile_app,apparel,3,35.51,0.0,106.53,53.06,53.47,completed,0.5019
O502025,C100576,2024-10-26,mobile_app,beauty,3,27.49,4.12,78.35,39.15,39.2,completed,0.5003
O502025,C100576,2024-10-26,mobile_app,electronics,2,285.37,0.0,570.74,430.46,140.28,completed,0.2458
O502148,C100614,2024-10-26,web,apparel,3,50.08,0.0,150.24,85.81,64.43,completed,0.4288
O502349,C100656,2024-10-26,web,footwear,2,93.77,0.0,187.54,110.96,76.58,completed,0.4083
O502349,C100656,2024-10-26,web,beauty,3,18.26,8.22,46.56,23.95,22.61,completed,0.4856
O502349,C100656,2024-10-26,web,accessories,3,37.29,16.78,95.09,46.53,48.56,completed,0.5107
O502410,C100683,2024-10-26,web,accessories,3,39.73,11.92,107.27,54.93,52.34,completed,0.4879
O502410,C100683,2024-10-26,web,accessories,2,46.31,18.52,74.1,38.3,35.8,completed,0.4831
O502712,C100775,2024-10-26,web,electronics,2,195.72,39.14,352.3,277.92,74.38,completed,0.2111
O502712,C100775,2024-10-26,web,electronics,3,200.26,0.0,600.78,515.56,85.22,completed,0.1418
O502712,C100775,2024-10-26,web,apparel,1,51.73,7.76,43.97,24.34,19.63,completed,0.4464
O502962,C100829,2024-10-26,web,beauty,3,37.56,0.0,112.68,53.56,59.12,completed,0.5247
O502962,C100829,2024-10-26,web,apparel,3,47.3,0.0,141.9,79.5,62.4,completed,0.4397
O502962,C100829,2024-10-26,web,apparel,2,50.23,15.07,85.39,49.49,35.9,completed,0.4204
O503007,C100845,2024-10-26,web,footwear,2,87.87,35.15,140.59,82.66,57.93,completed,0.412
O503007,C100845,2024-10-26,web,accessories,3,53.9,0.0,161.7,80.05,81.65,completed,0.5049
O500344,C100111,2024-10-27,web,electronics,2,350.62,0.0,701.24,567.17,134.07,completed,0.1912
O500780,C100237,2024-10-27,marketplace,apparel,1,84.92,0.0,84.92,49.74,35.18,completed,0.4143
O500780,C100237,2024-10-27,marketplace,electronics,1,446.47,66.97,379.5,320.99,58.51,completed,0.1542
O500819,C100246,2024-10-27,web,beauty,1,66.24,6.62,59.62,27.12,32.5,completed,0.5451
O500819,C100246,2024-10-27,web,electronics,3,410.29,0.0,1230.87,1038.22,192.65,completed,0.1565
O500863,C100255,2024-10-27,marketplace,electronics,2,221.27,0.0,442.54,359.88,82.66,completed,0.1868
O500932,C100274,2024-10-27,mobile_app,accessories,3,96.5,57.9,231.6,112.44,119.16,completed,0.5145
O501379,C100420,2024-10-27,mobile_app,footwear,3,64.56,0.0,193.68,118.14,75.54,completed,0.39
O501720,C100494,2024-10-27,mobile_app,beauty,2,53.7,5.37,102.03,53.27,48.76,completed,0.4779
O502403,C100681,2024-10-27,web,home,3,80.19,24.06,216.51,146.13,70.38,completed,0.3251
O502755,C100785,2024-10-27,web,home,3,144.48,0.0,433.44,262.91,170.53,completed,0.3934
O500492,C100155,2024-10-28,retail_partner,footwear,2,118.09,35.43,200.75,128.64,72.11,completed,0.3592
O500584,C100179,2024-10-28,mobile_app,home,3,129.38,0.0,388.14,233.24,154.9,completed,0.3991
O500584,C100179,2024-10-28,mobile_app,footwear,1,131.98,19.8,112.18,65.44,46.74,completed,0.4167
O500591,C100183,2024-10-28,marketplace,apparel,1,32.35,0.0,32.35,17.56,14.79,completed,0.4572
O500591,C100183,2024-10-28,marketplace,home,3,66.04,39.62,158.5,98.66,59.84,completed,0.3775
O500591,C100183,2024-10-28,marketplace,apparel,3,68.2,0.0,204.6,116.45,88.15,completed,0.4308
O500635,C100196,2024-10-28,web,beauty,3,43.18,0.0,129.54,62.15,67.39,completed,0.5202
O500635,C100196,2024-10-28,web,electronics,2,210.78,0.0,421.56,365.59,55.97,completed,0.1328
O500777,C100235,2024-10-28,marketplace,beauty,1,27.35,0.0,27.35,13.92,13.43,completed,0.491
O500868,C100259,2024-10-28,web,accessories,2,22.62,2.26,42.98,22.42,20.56,completed,0.4784
O501453,C100431,2024-10-28,mobile_app,footwear,2,95.2,28.56,161.84,92.11,69.73,completed,0.4309
O501453,C100431,2024-10-28,mobile_app,accessories,1,43.53,0.0,43.53,22.02,21.51,completed,0.4941
O501453,C100431,2024-10-28,mobile_app,home,1,81.28,0.0,81.28,47.7,33.58,completed,0.4131
O501752,C100497,2024-10-28,mobile_app,home,3,137.94,0.0,413.82,278.75,135.07,completed,0.3264
O501913,C100540,2024-10-28,mobile_app,electronics,1,290.97,0.0,290.97,230.27,60.7,completed,0.2086
O501913,C100540,2024-10-28,mobile_app,home,3,124.84,0.0,374.52,238.74,135.78,completed,0.3625
O501913,C100540,2024-10-28,mobile_app,apparel,2,108.38,10.84,205.92,118.87,87.05,completed,0.4227
O502343,C100655,2024-10-28,web,home,2,122.27,0.0,244.54,150.92,93.62,completed,0.3828
O502343,C100655,2024-10-28,web,home,1,140.17,28.03,112.14,75.37,36.77,completed,0.3279
O502344,C100655,2024-10-28,mobile_app,footwear,2,138.43,27.69,249.17,147.14,102.03,completed,0.4095
O502344,C100655,2024-10-28,mobile_app,home,2,62.19,0.0,124.38,71.28,53.1,completed,0.4269
O502344,C100655,2024-10-28,mobile_app,accessories,1,72.8,3.64,69.16,35.0,34.16,completed,0.4939
O502480,C100708,2024-10-28,mobile_app,electronics,3,145.14,87.08,348.34,291.03,57.31,completed,0.1645
O502480,C100708,2024-10-28,mobile_app,footwear,3,99.58,29.87,268.87,145.73,123.14,completed,0.458
O502933,C100824,2024-10-28,marketplace,beauty,1,64.94,3.25,61.69,29.9,31.79,completed,0.5153
O502933,C100824,2024-10-28,marketplace,home,1,191.53,9.58,181.95,110.47,71.48,completed,0.3929
O502956,C100828,2024-10-28,mobile_app,beauty,2,32.19,0.0,64.38,31.05,33.33,completed,0.5177
O502956,C100828,2024-10-28,mobile_app,beauty,3,17.09,7.69,43.58,20.55,23.03,completed,0.5285
O503053,C100852,2024-10-28,retail_partner,beauty,1,29.67,2.97,26.7,13.22,13.48,completed,0.5049
O503053,C100852,2024-10-28,retail_partner,apparel,2,62.4,12.48,112.32,63.16,49.16,completed,0.4377
O503090,C100861,2024-10-28,mobile_app,apparel,1,88.65,8.87,79.78,45.7,34.08,completed,0.4272
O503090,C100861,2024-10-28,mobile_app,home,2,147.5,0.0,295.0,181.6,113.4,completed,0.3844
O503090,C100861,2024-10-28,mobile_app,footwear,2,170.02,0.0,340.04,193.3,146.74,completed,0.4315
O500693,C100207,2024-10-29,mobile_app,apparel,2,50.33,15.1,85.56,48.23,37.33,completed,0.4363
O500693,C100207,2024-10-29,mobile_app,apparel,2,64.32,25.73,102.91,55.25,47.66,completed,0.4631
O500781,C100237,2024-10-29,web,beauty,3,37.0,0.0,111.0,55.43,55.57,completed,0.5006
O500781,C100237,2024-10-29,web,apparel,3,74.04,0.0,222.12,125.66,96.46,completed,0.4343
O500950,C100277,2024-10-29,mobile_app,beauty,2,32.84,9.85,55.83,28.17,27.66,completed,0.4954
O500994,C100287,2024-10-29,mobile_app,home,2,66.41,13.28,119.54,62.9,56.64,completed,0.4738
O500994,C100287,2024-10-29,mobile_app,footwear,1,70.94,0.0,70.94,45.12,25.82,completed,0.364
O500994,C100287,2024-10-29,mobile_app,beauty,1,28.05,2.81,25.24,11.75,13.49,completed,0.5345
O501177,C100359,2024-10-29,mobile_app,footwear,3,162.22,48.67,437.99,265.7,172.29,completed,0.3934
O501177,C100359,2024-10-29,mobile_app,beauty,3,60.84,0.0,182.52,90.0,92.52,completed,0.5069
O502223,C100633,2024-10-29,retail_partner,electronics,1,286.33,28.63,257.7,221.57,36.13,completed,0.1402
O502223,C100633,2024-10-29,retail_partner,apparel,2,41.04,0.0,82.08,43.41,38.67,completed,0.4711
O502223,C100633,2024-10-29,retail_partner,apparel,3,40.47,18.21,103.2,59.04,44.16,completed,0.4279
O502652,C100761,2024-10-29,web,footwear,1,208.08,20.81,187.27,108.28,78.99,completed,0.4218
O502652,C100761,2024-10-29,web,apparel,3,106.45,47.9,271.45,154.71,116.74,completed,0.4301
O500238,C100073,2024-10-30,mobile_app,footwear,3,73.5,22.05,198.45,118.09,80.36,completed,0.4049
O500272,C100086,2024-10-30,web,accessories,2,24.01,9.6,38.42,19.08,19.34,completed,0.5034
O500272,C100086,2024-10-30,web,footwear,3,53.86,0.0,161.58,98.46,63.12,completed,0.3906
O500529,C100167,2024-10-30,web,beauty,2,34.5,0.0,69.0,31.92,37.08,completed,0.5374
O500529,C100167,2024-10-30,web,electronics,2,195.73,19.57,371.89,299.64,72.25,completed,0.1943
O500529,C100167,2024-10-30,web,beauty,3,20.98,9.44,53.5,27.63,25.87,completed,0.4836
O500725,C100221,2024-10-30,mobile_app,footwear,2,91.98,0.0,183.96,111.93,72.03,completed,0.3916
O500750,C100230,2024-10-30,mobile_app,apparel,2,38.9,0.0,77.8,42.64,35.16,completed,0.4519
O500750,C100230,2024-10-30,mobile_app,apparel,3,41.47,18.66,105.75,58.33,47.42,completed,0.4484
O500911,C100271,2024-10-30,web,footwear,3,156.47,70.41,399.0,253.69,145.31,completed,0.3642
O501044,C100304,2024-10-30,retail_partner,electronics,3,213.39,32.01,608.16,499.86,108.3,completed,0.1781
O501044,C100304,2024-10-30,retail_partner,accessories,1,36.61,5.49,31.12,16.29,14.83,completed,0.4765
O501332,C100403,2024-10-30,marketplace,apparel,2,72.84,0.0,145.68,79.92,65.76,completed,0.4514
O501332,C100403,2024-10-30,marketplace,accessories,3,73.68,33.16,187.88,94.57,93.31,completed,0.4966
O501834,C100514,2024-10-30,retail_partner,footwear,1,85.79,17.16,68.63,37.5,31.13,completed,0.4536
O501834,C100514,2024-10-30,retail_partner,beauty,1,39.0,1.95,37.05,18.25,18.8,completed,0.5074
O501854,C100523,2024-10-30,mobile_app,accessories,1,33.72,0.0,33.72,17.14,16.58,completed,0.4917
O501858,C100525,2024-10-30,marketplace,electronics,2,303.34,30.33,576.35,469.37,106.98,completed,0.1856
O501858,C100525,2024-10-30,marketplace,accessories,1,43.57,6.54,37.03,20.78,16.25,completed,0.4388
O501858,C100525,2024-10-30,marketplace,beauty,1,41.19,4.12,37.07,17.8,19.27,completed,0.5198
O501914,C100540,2024-10-30,web,home,3,207.47,93.36,529.05,342.46,186.59,completed,0.3527
O501914,C100540,2024-10-30,web,footwear,3,149.91,0.0,449.73,272.34,177.39,completed,0.3944
O502074,C100589,2024-10-30,web,footwear,2,62.76,18.83,106.69,66.18,40.51,completed,0.3797
O502074,C100589,2024-10-30,web,footwear,1,74.78,0.0,74.78,41.55,33.23,completed,0.4444
O502149,C100614,2024-10-30,web,home,3,94.26,0.0,282.78,175.38,107.4,completed,0.3798
O502149,C100614,2024-10-30,web,electronics,2,322.37,0.0,644.74,519.1,125.64,completed,0.1949
O502149,C100614,2024-10-30,web,footwear,2,133.76,0.0,267.52,162.94,104.58,completed,0.3909
O502224,C100633,2024-10-30,mobile_app,accessories,1,26.52,5.3,21.22,9.78,11.44,completed,0.5391
O502380,C100673,2024-10-30,web,apparel,3,57.53,0.0,172.59,91.56,81.03,completed,0.4695
O502380,C100673,2024-10-30,web,footwear,1,99.53,0.0,99.53,57.91,41.62,completed,0.4182
O502380,C100673,2024-10-30,web,footwear,2,94.5,9.45,179.55,105.16,74.39,completed,0.4143
O502414,C100684,2024-10-30,mobile_app,beauty,3,24.35,0.0,73.05,36.13,36.92,completed,0.5054
O502414,C100684,2024-10-30,mobile_app,apparel,2,63.06,25.22,100.9,54.27,46.63,completed,0.4621
O500698,C100208,2024-10-31,web,home,2,103.52,20.7,186.34,123.98,62.36,completed,0.3347
O500698,C100208,2024-10-31,web,apparel,2,63.58,12.72,114.44,67.33,47.11,completed,0.4117
O500698,C100208,2024-10-31,web,footwear,2,67.25,0.0,134.5,88.81,45.69,completed,0.3397
O500782,C100237,2024-10-31,marketplace,electronics,3,534.15,240.37,1362.08,1031.02,331.06,completed,0.2431
O500782,C100237,2024-10-31,marketplace,footwear,3,150.03,45.01,405.08,242.58,162.5,completed,0.4012
O501178,C100359,2024-10-31,mobile_app,footwear,1,184.17,0.0,184.17,104.0,80.17,completed,0.4353
O501178,C100359,2024-10-31,mobile_app,apparel,1,43.18,0.0,43.18,25.16,18.02,completed,0.4173
O501178,C100359,2024-10-31,mobile_app,electronics,2,324.6,64.92,584.28,457.34,126.94,completed,0.2173
O501333,C100403,2024-10-31,mobile_app,apparel,1,47.82,7.17,40.65,23.86,16.79,completed,0.413
O501333,C100403,2024-10-31,mobile_app,apparel,3,73.53,0.0,220.59,132.83,87.76,completed,0.3978
O501666,C100478,2024-10-31,web,beauty,1,53.85,5.39,48.46,24.53,23.93,completed,0.4938
O501666,C100478,2024-10-31,web,home,1,120.4,6.02,114.38,70.9,43.48,completed,0.3801
O501666,C100478,2024-10-31,web,home,1,129.19,6.46,122.73,67.88,54.85,completed,0.4469
O501667,C100478,2024-10-31,mobile_app,apparel,3,105.83,63.5,253.99,140.98,113.01,completed,0.4449
O501667,C100478,2024-10-31,mobile_app,beauty,3,61.4,9.21,174.99,85.76,89.23,completed,0.5099
O501667,C100478,2024-10-31,mobile_app,apparel,1,81.8,8.18,73.62,42.55,31.07,completed,0.422
O501828,C100513,2024-10-31,web,home,2,161.29,0.0,322.58,193.39,129.19,completed,0.4005
O501890,C100535,2024-10-31,web,footwear,1,160.52,8.03,152.49,102.76,49.73,completed,0.3261
O501890,C100535,2024-10-31,web,accessories,3,81.08,0.0,243.24,129.57,113.67,completed,0.4673
O501890,C100535,2024-10-31,web,accessories,1,86.65,13.0,73.65,40.12,33.53,completed,0.4553
O502540,C100722,2024-10-31,web,home,2,142.67,42.8,242.54,140.1,102.44,completed,0.4224
O502540,C100722,2024-10-31,web,beauty,3,44.69,13.41,120.66,62.77,57.89,completed,0.4798
O502657,C100762,2024-10-31,web,accessories,2,20.84,8.34,33.34,16.82,16.52,completed,0.4955
O502657,C100762,2024-10-31,web,accessories,2,41.69,0.0,83.38,41.46,41.92,completed,0.5028
O502693,C100768,2024-10-31,web,footwear,1,139.07,0.0,139.07,86.02,53.05,completed,0.3815
O503198,C100891,2024-10-31,web,footwear,3,78.54,0.0,235.62,137.48,98.14,completed,0.4165
O503198,C100891,2024-10-31,web,electronics,1,319.91,31.99,287.92,248.13,39.79,completed,0.1382
O500407,C100135,2024-11-01,web,apparel,3,55.53,33.32,133.27,68.06,65.21,completed,0.4893
O500407,C100135,2024-11-01,web,accessories,3,50.95,7.64,145.21,70.62,74.59,completed,0.5137
O500592,C100183,2024-11-01,web,electronics,2,215.61,86.24,344.98,281.35,63.63,completed,0.1844
O500592,C100183,2024-11-01,web,footwear,2,102.98,0.0,205.96,115.28,90.68,completed,0.4403
O500732,C100223,2024-11-01,web,beauty,3,23.63,7.09,63.8,31.8,32.0,completed,0.5016
O500732,C100223,2024-11-01,web,footwear,3,72.81,0.0,218.43,138.48,79.95,completed,0.366
O500732,C100223,2024-11-01,web,electronics,1,146.98,22.05,124.93,101.09,23.84,completed,0.1908
O500820,C100246,2024-11-01,marketplace,accessories,1,71.06,7.11,63.95,32.79,31.16,completed,0.4873
O500963,C100278,2024-11-01,web,electronics,2,104.08,0.0,208.16,167.62,40.54,completed,0.1948
O501298,C100396,2024-11-01,web,apparel,2,50.58,0.0,101.16,53.77,47.39,completed,0.4685
O501298,C100396,2024-11-01,web,beauty,2,36.13,10.84,61.42,28.61,32.81,completed,0.5342
O501501,C100441,2024-11-01,web,electronics,2,333.79,0.0,667.58,587.21,80.37,completed,0.1204
O501580,C100459,2024-11-01,marketplace,apparel,1,35.42,1.77,33.65,19.08,14.57,completed,0.433
O501580,C100459,2024-11-01,marketplace,footwear,3,94.62,0.0,283.86,180.84,103.02,completed,0.3629
O501580,C100459,2024-11-01,marketplace,home,3,83.42,0.0,250.26,166.54,83.72,completed,0.3345
O501721,C100494,2024-11-01,marketplace,home,1,119.85,0.0,119.85,70.42,49.43,completed,0.4124
O501721,C100494,2024-11-01,marketplace,footwear,3,156.57,0.0,469.71,271.08,198.63,completed,0.4229
O501919,C100541,2024-11-01,mobile_app,apparel,3,56.45,0.0,169.35,86.06,83.29,completed,0.4918
O501919,C100541,2024-11-01,mobile_app,beauty,1,31.7,4.75,26.95,13.14,13.81,completed,0.5124
O501919,C100541,2024-11-01,mobile_app,apparel,3,50.64,7.6,144.32,81.49,62.83,completed,0.4354
O502103,C100596,2024-11-01,mobile_app,footwear,3,142.55,64.15,363.5,212.74,150.76,completed,0.4147
O502103,C100596,2024-11-01,mobile_app,apparel,3,64.49,0.0,193.47,109.88,83.59,completed,0.4321
O502103,C100596,2024-11-01,mobile_app,electronics,2,376.04,0.0,752.08,648.87,103.21,completed,0.1372
O502105,C100597,2024-11-01,web,footwear,3,73.51,22.05,198.48,120.4,78.08,completed,0.3934
O502105,C100597,2024-11-01,web,home,1,109.21,5.46,103.75,64.34,39.41,completed,0.3799
O502105,C100597,2024-11-01,web,footwear,1,82.34,8.23,74.11,42.49,31.62,completed,0.4267
O502892,C100815,2024-11-01,web,footwear,2,85.26,0.0,170.52,99.69,70.83,completed,0.4154
O503201,C100892,2024-11-01,mobile_app,footwear,3,109.65,0.0,328.95,192.52,136.43,completed,0.4147
O503201,C100892,2024-11-01,mobile_app,accessories,1,43.32,4.33,38.99,18.63,20.36,completed,0.5222
O503201,C100892,2024-11-01,mobile_app,footwear,2,75.84,0.0,151.68,93.5,58.18,completed,0.3836
O500095,C100042,2024-11-02,mobile_app,footwear,3,101.32,60.79,243.17,145.08,98.09,completed,0.4034
O500450,C100145,2024-11-02,web,home,2,116.71,35.01,198.41,115.65,82.76,completed,0.4171
O501183,C100361,2024-11-02,web,apparel,1,38.5,0.0,38.5,22.08,16.42,completed,0.4265
O501183,C100361,2024-11-02,web,accessories,1,51.47,5.15,46.32,23.48,22.84,completed,0.4931
O501183,C100361,2024-11-02,web,accessories,1,27.93,2.79,25.14,12.06,13.08,completed,0.5203
O501710,C100491,2024-11-02,marketplace,accessories,3,48.51,7.28,138.25,67.24,71.01,completed,0.5136
O501710,C100491,2024-11-02,marketplace,electronics,3,187.28,28.09,533.75,439.8,93.95,completed,0.176
O501710,C100491,2024-11-02,marketplace,home,1,48.16,2.41,45.75,27.31,18.44,completed,0.4031
O501891,C100535,2024-11-02,web,apparel,1,90.0,0.0,90.0,49.54,40.46,completed,0.4496
O501891,C100535,2024-11-02,web,home,3,136.89,20.53,390.14,247.65,142.49,completed,0.3652
O501925,C100542,2024-11-02,retail_partner,apparel,1,102.58,0.0,102.58,56.09,46.49,completed,0.4532
O502107,C100598,2024-11-02,mobile_app,electronics,2,128.41,25.68,231.14,195.57,35.57,completed,0.1539
O502107,C100598,2024-11-02,mobile_app,electronics,3,159.74,0.0,479.22,419.99,59.23,completed,0.1236
O502107,C100598,2024-11-02,mobile_app,beauty,1,25.53,5.11,20.42,9.27,11.15,completed,0.546
O502114,C100603,2024-11-02,web,accessories,3,35.18,0.0,105.54,51.03,54.51,completed,0.5165
O502179,C100618,2024-11-02,web,footwear,3,158.38,0.0,475.14,261.22,213.92,completed,0.4502
O502179,C100618,2024-11-02,web,electronics,1,353.25,52.99,300.26,250.62,49.64,completed,0.1653
O502265,C100639,2024-11-02,web,apparel,3,87.68,26.3,236.74,122.2,114.54,completed,0.4838
O502265,C100639,2024-11-02,web,footwear,3,130.46,58.71,332.67,197.48,135.19,completed,0.4064
O502265,C100639,2024-11-02,web,footwear,2,141.08,28.22,253.94,169.48,84.46,completed,0.3326
O503091,C100861,2024-11-02,web,beauty,1,50.74,10.15,40.59,18.46,22.13,completed,0.5452
O503091,C100861,2024-11-02,web,accessories,1,61.29,0.0,61.29,30.51,30.78,completed,0.5022
O503091,C100861,2024-11-02,web,accessories,3,43.45,26.07,104.28,54.24,50.04,completed,0.4799
O500395,C100132,2024-11-03,mobile_app,footwear,2,69.84,0.0,139.68,83.53,56.15,completed,0.402
O500395,C100132,2024-11-03,mobile_app,home,2,110.17,11.02,209.32,131.97,77.35,completed,0.3695
O500425,C100142,2024-11-03,mobile_app,beauty,1,29.31,0.0,29.31,13.13,16.18,completed,0.552
O500425,C100142,2024-11-03,mobile_app,footwear,1,90.73,18.15,72.58,44.65,27.93,completed,0.3848
O500425,C100142,2024-11-03,mobile_app,home,3,124.5,37.35,336.15,204.34,131.81,completed,0.3921
O500593,C100183,2024-11-03,web,footwear,2,113.97,0.0,227.94,131.54,96.4,completed,0.4229
O500593,C100183,2024-11-03,web,footwear,2,98.85,19.77,177.93,98.85,79.08,completed,0.4444
O500593,C100183,2024-11-03,web,footwear,1,153.61,7.68,145.93,86.36,59.57,completed,0.4082
O500783,C100237,2024-11-03,mobile_app,apparel,2,71.69,21.51,121.87,65.96,55.91,completed,0.4588
O500783,C100237,2024-11-03,mobile_app,footwear,2,145.97,58.39,233.55,133.37,100.18,completed,0.4289
O500783,C100237,2024-11-03,mobile_app,accessories,1,69.27,10.39,58.88,27.45,31.43,completed,0.5338
O500995,C100287,2024-11-03,mobile_app,footwear,2,86.18,17.24,155.12,98.2,56.92,completed,0.3669
O501003,C100289,2024-11-03,mobile_app,accessories,3,61.77,27.8,157.51,80.06,77.45,completed,0.4917
O501003,C100289,2024-11-03,mobile_app,accessories,2,42.47,0.0,84.94,41.64,43.3,completed,0.5098
O501003,C100289,2024-11-03,mobile_app,home,1,62.77,3.14,59.63,34.91,24.72,completed,0.4146
O501067,C100317,2024-11-03,web,electronics,1,231.79,23.18,208.61,167.54,41.07,completed,0.1969
O501067,C100317,2024-11-03,web,electronics,2,182.05,54.62,309.48,253.91,55.57,completed,0.1796
O501150,C100355,2024-11-03,mobile_app,footwear,3,51.15,23.02,130.43,71.52,58.91,completed,0.4517
O501584,C100461,2024-11-03,web,electronics,1,181.38,0.0,181.38,150.69,30.69,completed,0.1692
O501584,C100461,2024-11-03,web,beauty,3,22.77,0.0,68.31,33.85,34.46,completed,0.5045
O501584,C100461,2024-11-03,web,beauty,2,13.96,5.58,22.34,10.92,11.42,completed,0.5112
O501981,C100558,2024-11-03,web,accessories,3,43.55,0.0,130.65,64.39,66.26,completed,0.5072
O502323,C100650,2024-11-03,web,apparel,2,107.94,0.0,215.88,109.33,106.55,completed,0.4936
O502512,C100717,2024-11-03,mobile_app,accessories,1,65.65,0.0,65.65,32.39,33.26,completed,0.5066
O502512,C100717,2024-11-03,mobile_app,home,1,164.7,0.0,164.7,99.51,65.19,completed,0.3958
O502512,C100717,2024-11-03,mobile_app,beauty,2,34.56,13.82,55.3,26.63,28.67,completed,0.5184
O502986,C100837,2024-11-03,mobile_app,footwear,3,151.39,68.13,386.04,226.55,159.49,completed,0.4131
O502986,C100837,2024-11-03,mobile_app,electronics,2,411.07,164.43,657.71,561.65,96.06,completed,0.1461
O502986,C100837,2024-11-03,mobile_app,footwear,3,109.1,49.09,278.21,176.68,101.53,completed,0.3649
O500470,C100153,2024-11-04,marketplace,beauty,1,32.17,1.61,30.56,14.65,15.91,completed,0.5206
O500470,C100153,2024-11-04,marketplace,electronics,3,187.92,112.75,451.01,367.49,83.52,completed,0.1852
O500470,C100153,2024-11-04,marketplace,beauty,2,38.09,0.0,76.18,39.87,36.31,completed,0.4766
O500602,C100184,2024-11-04,retail_partner,footwear,2,56.38,22.55,90.21,51.19,39.02,completed,0.4325
O500996,C100287,2024-11-04,mobile_app,accessories,2,33.58,0.0,67.16,34.09,33.07,completed,0.4924
O500996,C100287,2024-11-04,mobile_app,accessories,3,52.52,0.0,157.56,81.79,75.77,completed,0.4809
O500996,C100287,2024-11-04,mobile_app,electronics,1,234.51,35.18,199.33,181.31,18.02,completed,0.0904
O501075,C100320,2024-11-04,mobile_app,apparel,1,30.57,0.0,30.57,16.18,14.39,completed,0.4707
O501075,C100320,2024-11-04,mobile_app,accessories,3,43.65,0.0,130.95,63.41,67.54,completed,0.5158
O501075,C100320,2024-11-04,mobile_app,beauty,1,25.76,0.0,25.76,12.23,13.53,completed,0.5252
O501117,C100339,2024-11-04,web,beauty,2,35.08,0.0,70.16,33.83,36.33,completed,0.5178
O501199,C100362,2024-11-04,retail_partner,footwear,1,161.7,8.08,153.62,88.37,65.25,completed,0.4247
O501282,C100392,2024-11-04,web,apparel,2,46.57,13.97,79.17,43.56,35.61,completed,0.4498
O501406,C100424,2024-11-04,mobile_app,apparel,1,96.33,0.0,96.33,52.6,43.73,completed,0.454
O501835,C100514,2024-11-04,mobile_app,home,3,99.78,59.87,239.47,156.29,83.18,completed,0.3474
O501835,C100514,2024-11-04,mobile_app,accessories,1,33.09,3.31,29.78,14.69,15.09,completed,0.5067
O501835,C100514,2024-11-04,mobile_app,footwear,2,100.55,0.0,201.1,123.72,77.38,completed,0.3848
O502220,C100631,2024-11-04,web,electronics,2,165.94,49.78,282.1,239.58,42.52,completed,0.1507
O502593,C100741,2024-11-04,mobile_app,electronics,3,107.77,16.17,307.14,235.29,71.85,completed,0.2339
O502870,C100813,2024-11-04,mobile_app,beauty,1,31.74,3.17,28.57,14.6,13.97,completed,0.489
O502870,C100813,2024-11-04,mobile_app,home,2,68.27,0.0,136.54,84.51,52.03,completed,0.3811
O503011,C100846,2024-11-04,web,accessories,2,74.66,29.86,119.46,59.03,60.43,completed,0.5059
O503011,C100846,2024-11-04,web,electronics,3,245.83,0.0,737.49,577.52,159.97,completed,0.2169
O503011,C100846,2024-11-04,web,home,1,48.53,7.28,41.25,23.21,18.04,completed,0.4373
O500031,C100015,2024-11-05,web,beauty,1,19.1,0.0,19.1,9.64,9.46,completed,0.4953
O500175,C100062,2024-11-05,mobile_app,beauty,2,51.41,10.28,92.54,43.31,49.23,completed,0.532
O500175,C100062,2024-11-05,mobile_app,footwear,1,184.6,0.0,184.6,115.6,69.0,completed,0.3738
O500530,C100167,2024-11-05,retail_partner,beauty,3,36.31,0.0,108.93,54.04,54.89,completed,0.5039
O500784,C100237,2024-11-05,retail_partner,home,1,167.77,25.17,142.6,88.22,54.38,completed,0.3813
O500912,C100271,2024-11-05,web,home,3,79.63,0.0,238.89,130.8,108.09,completed,0.4525
O500912,C100271,2024-11-05,web,accessories,3,81.46,24.44,219.94,106.47,113.47,completed,0.5159
O501859,C100525,2024-11-05,marketplace,footwear,1,74.37,0.0,74.37,44.61,29.76,completed,0.4002
O501859,C100525,2024-11-05,marketplace,beauty,2,36.18,14.47,57.89,31.07,26.82,completed,0.4633
O501859,C100525,2024-11-05,marketplace,footwear,3,69.56,0.0,208.68,134.55,74.13,completed,0.3552
O502453,C100700,2024-11-05,marketplace,beauty,3,38.79,5.82,110.55,53.27,57.28,completed,0.5181
O502614,C100746,2024-11-05,web,electronics,3,278.82,41.82,794.64,672.29,122.35,completed,0.154
O503092,C100861,2024-11-05,marketplace,accessories,2,61.88,12.38,111.38,54.08,57.3,completed,0.5145
O503092,C100861,2024-11-05,marketplace,home,1,181.69,27.25,154.44,96.69,57.75,completed,0.3739
O503092,C100861,2024-11-05,marketplace,home,1,75.83,0.0,75.83,45.62,30.21,completed,0.3984
O500165,C100061,2024-11-06,mobile_app,accessories,2,39.37,0.0,78.74,39.32,39.42,completed,0.5006
O500165,C100061,2024-11-06,mobile_app,apparel,3,29.0,0.0,87.0,45.28,41.72,completed,0.4795
O500264,C100080,2024-11-06,web,apparel,3,60.01,0.0,180.03,91.22,88.81,completed,0.4933
O500264,C100080,2024-11-06,web,beauty,2,41.02,4.1,77.94,37.55,40.39,completed,0.5182
O500264,C100080,2024-11-06,web,home,1,75.4,7.54,67.86,45.6,22.26,completed,0.328
O500300,C100097,2024-11-06,web,accessories,1,40.49,2.02,38.47,21.66,16.81,completed,0.437
O500300,C100097,2024-11-06,web,electronics,3,226.5,135.9,543.6,463.48,80.12,completed,0.1474
O500621,C100189,2024-11-06,web,footwear,1,69.26,6.93,62.33,36.86,25.47,completed,0.4086
O500621,C100189,2024-11-06,web,accessories,3,35.05,0.0,105.15,47.67,57.48,completed,0.5466
O500922,C100273,2024-11-06,web,beauty,2,52.91,0.0,105.82,51.73,54.09,completed,0.5112
O500922,C100273,2024-11-06,web,accessories,2,79.26,0.0,158.52,81.92,76.6,completed,0.4832
O501093,C100327,2024-11-06,mobile_app,footwear,2,106.5,21.3,191.7,115.51,76.19,completed,0.3974
O501257,C100385,2024-11-06,mobile_app,beauty,2,32.55,13.02,52.08,25.26,26.82,completed,0.515
O501407,C100424,2024-11-06,web,accessories,1,94.14,0.0,94.14,45.49,48.65,completed,0.5168
O501407,C100424,2024-11-06,web,footwear,1,136.82,27.36,109.46,67.03,42.43,completed,0.3876
O501407,C100424,2024-11-06,web,home,3,146.38,0.0,439.14,287.27,151.87,completed,0.3458
O501415,C100426,2024-11-06,web,accessories,1,87.39,0.0,87.39,43.7,43.69,completed,0.4999
O501415,C100426,2024-11-06,web,beauty,1,56.0,2.8,53.2,25.26,27.94,completed,0.5252
O501606,C100465,2024-11-06,mobile_app,apparel,2,74.99,0.0,149.98,79.33,70.65,completed,0.4711
O501722,C100494,2024-11-06,web,beauty,1,51.92,0.0,51.92,23.83,28.09,completed,0.541
O501786,C100506,2024-11-06,web,accessories,3,72.91,0.0,218.73,101.53,117.2,completed,0.5358
O501876,C100530,2024-11-06,mobile_app,footwear,2,92.81,27.84,157.78,92.8,64.98,completed,0.4118
O501876,C100530,2024-11-06,mobile_app,electronics,3,133.56,0.0,400.68,321.64,79.04,completed,0.1973
O501876,C100530,2024-11-06,mobile_app,home,3,58.86,17.66,158.92,102.46,56.46,completed,0.3553
O502345,C100655,2024-11-06,mobile_app,beauty,1,34.84,6.97,27.87,13.1,14.77,completed,0.53
O502345,C100655,2024-11-06,mobile_app,footwear,3,167.52,75.38,427.18,264.49,162.69,completed,0.3808
O502367,C100668,2024-11-06,web,electronics,2,242.5,0.0,485.0,421.44,63.56,completed,0.1311
O502367,C100668,2024-11-06,web,apparel,3,61.69,0.0,185.07,97.47,87.6,completed,0.4733
O502367,C100668,2024-11-06,web,accessories,3,42.77,0.0,128.31,64.53,63.78,completed,0.4971
O502402,C100680,2024-11-06,web,apparel,2,23.76,4.75,42.77,24.14,18.63,completed,0.4356
O502854,C100809,2024-11-06,marketplace,footwear,3,91.28,0.0,273.84,157.59,116.25,completed,0.4245
O502886,C100814,2024-11-06,marketplace,beauty,3,50.77,22.85,129.46,58.83,70.63,completed,0.5456
O502886,C100814,2024-11-06,marketplace,home,1,76.83,0.0,76.83,48.1,28.73,completed,0.3739
O502965,C100830,2024-11-06,mobile_app,home,2,73.29,29.32,117.26,63.34,53.92,completed,0.4598
O502965,C100830,2024-11-06,mobile_app,accessories,2,34.57,0.0,69.14,35.31,33.83,completed,0.4893
O502965,C100830,2024-11-06,mobile_app,accessories,2,27.45,10.98,43.92,21.07,22.85,completed,0.5203
O503093,C100861,2024-11-06,mobile_app,home,1,112.93,0.0,112.93,73.32,39.61,completed,0.3507
O503093,C100861,2024-11-06,mobile_app,beauty,2,52.81,5.28,100.34,47.46,52.88,completed,0.527
O503093,C100861,2024-11-06,mobile_app,footwear,3,163.68,49.1,441.94,270.84,171.1,completed,0.3872
O500324,C100108,2024-11-07,mobile_app,electronics,1,198.5,39.7,158.8,133.98,24.82,completed,0.1563
O500324,C100108,2024-11-07,mobile_app,home,2,60.66,12.13,109.19,65.87,43.32,completed,0.3967
O500324,C100108,2024-11-07,mobile_app,electronics,3,189.59,113.75,455.02,381.35,73.67,completed,0.1619
O500365,C100118,2024-11-07,mobile_app,apparel,2,44.4,0.0,88.8,52.32,36.48,completed,0.4108
O500547,C100173,2024-11-07,mobile_app,footwear,2,109.76,0.0,219.52,130.36,89.16,completed,0.4062
O500547,C100173,2024-11-07,mobile_app,footwear,1,87.94,0.0,87.94,50.86,37.08,completed,0.4217
O500547,C100173,2024-11-07,mobile_app,electronics,2,106.01,0.0,212.02,188.83,23.19,completed,0.1094
O500622,C100189,2024-11-07,mobile_app,apparel,1,48.87,4.89,43.98,24.5,19.48,completed,0.4429
O500622,C100189,2024-11-07,mobile_app,beauty,3,26.99,4.05,76.92,34.82,42.1,completed,0.5473
O500622,C100189,2024-11-07,mobile_app,apparel,3,51.92,15.58,140.18,80.76,59.42,completed,0.4239
O500785,C100237,2024-11-07,web,footwear,2,151.9,15.19,288.61,174.9,113.71,completed,0.394
O500785,C100237,2024-11-07,web,beauty,2,32.78,9.83,55.73,25.25,30.48,completed,0.5469
O500839,C100248,2024-11-07,mobile_app,accessories,1,89.84,8.98,80.86,40.86,40.0,completed,0.4947
O500951,C100277,2024-11-07,marketplace,electronics,3,326.57,97.97,881.74,726.28,155.46,completed,0.1763
O500952,C100277,2024-11-07,mobile_app,home,3,129.81,0.0,389.43,263.93,125.5,completed,0.3223
O501416,C100426,2024-11-07,mobile_app,beauty,1,44.65,0.0,44.65,21.17,23.48,completed,0.5259
O501608,C100466,2024-11-07,marketplace,home,2,70.18,0.0,140.36,86.93,53.43,completed,0.3807
O501608,C100466,2024-11-07,marketplace,footwear,1,108.22,10.82,97.4,61.25,36.15,completed,0.3711
O502209,C100628,2024-11-07,mobile_app,electronics,2,219.41,43.88,394.94,315.19,79.75,completed,0.2019
O502209,C100628,2024-11-07,mobile_app,apparel,2,55.27,0.0,110.54,55.9,54.64,completed,0.4943
O502209,C100628,2024-11-07,mobile_app,apparel,2,56.5,0.0,113.0,57.91,55.09,completed,0.4875
O502707,C100773,2024-11-07,mobile_app,beauty,3,20.66,0.0,61.98,30.43,31.55,completed,0.509
O502707,C100773,2024-11-07,mobile_app,beauty,1,27.77,0.0,27.77,13.61,14.16,completed,0.5099
O500462,C100151,2024-11-08,mobile_app,footwear,3,102.43,61.46,245.83,147.18,98.65,completed,0.4013
O500462,C100151,2024-11-08,mobile_app,footwear,1,85.57,12.84,72.73,42.52,30.21,completed,0.4154
O500463,C100151,2024-11-08,web,footwear,3,81.59,0.0,244.77,140.98,103.79,completed,0.424
O500463,C100151,2024-11-08,web,footwear,1,90.73,4.54,86.19,57.13,29.06,completed,0.3372
O500518,C100162,2024-11-08,mobile_app,beauty,2,25.05,7.51,42.59,20.17,22.42,completed,0.5264
O500518,C100162,2024-11-08,mobile_app,footwear,3,89.57,0.0,268.71,160.32,108.39,completed,0.4034
O500518,C100162,2024-11-08,mobile_app,home,3,61.58,27.71,157.03,91.6,65.43,completed,0.4167
O500675,C100201,2024-11-08,marketplace,accessories,1,65.25,0.0,65.25,33.0,32.25,completed,0.4943
O500675,C100201,2024-11-08,marketplace,electronics,1,367.36,36.74,330.62,257.57,73.05,completed,0.2209
O500799,C100241,2024-11-08,retail_partner,accessories,3,56.34,16.9,152.12,72.4,79.72,completed,0.5241
O501479,C100437,2024-11-08,web,apparel,2,67.49,0.0,134.98,70.82,64.16,completed,0.4753
O501479,C100437,2024-11-08,web,accessories,3,50.19,0.0,150.57,73.01,77.56,completed,0.5151
O501479,C100437,2024-11-08,web,electronics,3,234.08,140.45,561.79,496.17,65.62,completed,0.1168
O501678,C100480,2024-11-08,marketplace,footwear,1,118.49,17.77,100.72,56.57,44.15,completed,0.4383
O501678,C100480,2024-11-08,marketplace,footwear,1,160.98,16.1,144.88,95.63,49.25,completed,0.3399
O501678,C100480,2024-11-08,marketplace,home,3,111.71,0.0,335.13,224.49,110.64,completed,0.3301
O501711,C100491,2024-11-08,web,electronics,1,121.86,6.09,115.77,88.88,26.89,completed,0.2323
O501711,C100491,2024-11-08,web,home,2,78.76,23.63,133.89,83.72,50.17,completed,0.3747
O501711,C100491,2024-11-08,web,electronics,2,227.44,68.23,386.65,330.05,56.6,completed,0.1464
O501723,C100494,2024-11-08,mobile_app,accessories,1,53.63,0.0,53.63,27.28,26.35,completed,0.4913
O502092,C100595,2024-11-08,mobile_app,footwear,1,62.91,3.15,59.76,36.57,23.19,completed,0.3881
O502194,C100623,2024-11-08,mobile_app,electronics,1,169.08,0.0,169.08,135.1,33.98,completed,0.201
O502957,C100828,2024-11-08,mobile_app,footwear,2,45.51,0.0,91.02,59.26,31.76,completed,0.3489
O502957,C100828,2024-11-08,mobile_app,electronics,1,293.28,43.99,249.29,196.31,52.98,completed,0.2125
O503207,C100895,2024-11-08,retail_partner,footwear,1,45.71,4.57,41.14,25.34,15.8,completed,0.3841
O500345,C100111,2024-11-09,mobile_app,home,2,98.48,0.0,196.96,127.01,69.95,completed,0.3551
O500345,C100111,2024-11-09,mobile_app,apparel,3,83.78,37.7,213.64,119.61,94.03,completed,0.4401
O500513,C100160,2024-11-09,mobile_app,beauty,1,44.55,2.23,42.32,20.17,22.15,completed,0.5234
O500630,C100194,2024-11-09,marketplace,accessories,3,47.23,0.0,141.69,72.81,68.88,completed,0.4861
O500630,C100194,2024-11-09,marketplace,electronics,1,185.51,37.1,148.41,121.33,27.08,completed,0.1825
O500630,C100194,2024-11-09,marketplace,electronics,3,155.07,23.26,441.95,381.58,60.37,completed,0.1366
O500713,C100215,2024-11-09,marketplace,footwear,3,71.95,0.0,215.85,120.84,95.01,completed,0.4402
O500713,C100215,2024-11-09,marketplace,beauty,2,25.31,10.12,40.5,21.57,18.93,completed,0.4674
O500713,C100215,2024-11-09,marketplace,beauty,3,28.47,12.81,72.6,35.01,37.59,completed,0.5178
O500714,C100215,2024-11-09,mobile_app,accessories,2,10.06,4.02,16.1,8.06,8.04,completed,0.4994
O500714,C100215,2024-11-09,mobile_app,footwear,1,122.36,18.35,104.01,61.82,42.19,completed,0.4056
O500714,C100215,2024-11-09,mobile_app,accessories,3,34.09,10.23,92.04,44.7,47.34,completed,0.5143
O501502,C100441,2024-11-09,marketplace,footwear,1,107.78,5.39,102.39,65.7,36.69,completed,0.3583
O501714,C100492,2024-11-09,mobile_app,electronics,2,253.41,50.68,456.14,337.7,118.44,completed,0.2597
O501714,C100492,2024-11-09,mobile_app,accessories,3,47.28,14.18,127.66,63.72,63.94,completed,0.5009
O502716,C100776,2024-11-09,marketplace,beauty,1,35.67,7.13,28.54,14.31,14.23,completed,0.4986
O502716,C100776,2024-11-09,marketplace,apparel,2,71.9,0.0,143.8,78.82,64.98,completed,0.4519
O502716,C100776,2024-11-09,marketplace,electronics,2,211.44,84.58,338.3,267.69,70.61,completed,0.2087
O503075,C100857,2024-11-09,web,apparel,2,42.05,4.21,79.89,42.79,37.1,completed,0.4644
O503094,C100861,2024-11-09,web,footwear,2,123.04,12.3,233.78,150.57,83.21,completed,0.3559
O503094,C100861,2024-11-09,web,accessories,1,70.29,7.03,63.26,30.82,32.44,completed,0.5128
O503094,C100861,2024-11-09,web,accessories,2,66.57,0.0,133.14,66.96,66.18,completed,0.4971
O500430,C100144,2024-11-10,marketplace,home,3,98.47,59.08,236.33,146.69,89.64,completed,0.3793
O500430,C100144,2024-11-10,marketplace,apparel,2,54.75,0.0,109.5,58.71,50.79,completed,0.4638
O500430,C100144,2024-11-10,marketplace,home,3,82.04,24.61,221.51,145.11,76.4,completed,0.3449
O500627,C100192,2024-11-10,mobile_app,electronics,1,197.75,29.66,168.09,141.75,26.34,completed,0.1567
O500983,C100282,2024-11-10,web,electronics,1,226.32,0.0,226.32,192.67,33.65,completed,0.1487
O500983,C100282,2024-11-10,web,accessories,1,49.26,2.46,46.8,23.33,23.47,completed,0.5015
O500983,C100282,2024-11-10,web,home,2,85.34,34.14,136.54,81.0,55.54,completed,0.4068
O501245,C100383,2024-11-10,web,apparel,2,39.15,11.74,66.56,35.69,30.87,completed,0.4638
O501408,C100424,2024-11-10,web,accessories,2,95.22,38.09,152.35,73.82,78.53,completed,0.5155
O501815,C100512,2024-11-10,web,beauty,2,21.2,8.48,33.92,16.35,17.57,completed,0.518
O501892,C100535,2024-11-10,web,beauty,3,45.88,0.0,137.64,63.73,73.91,completed,0.537
O502026,C100576,2024-11-10,web,accessories,1,26.99,0.0,26.99,13.0,13.99,completed,0.5183
O503190,C100888,2024-11-10,web,electronics,3,156.3,0.0,468.9,391.66,77.24,completed,0.1647
O500066,C100031,2024-11-11,mobile_app,accessories,1,47.88,7.18,40.7,17.94,22.76,completed,0.5592
O500066,C100031,2024-11-11,mobile_app,beauty,2,25.66,5.13,46.19,23.92,22.27,completed,0.4821
O500285,C100090,2024-11-11,mobile_app,home,3,75.38,0.0,226.14,139.02,87.12,completed,0.3852
O500285,C100090,2024-11-11,mobile_app,home,2,66.82,13.36,120.28,78.13,42.15,completed,0.3504
O500285,C100090,2024-11-11,mobile_app,beauty,2,30.88,12.35,49.41,23.37,26.04,completed,0.527
O500330,C100109,2024-11-11,retail_partner,electronics,3,175.89,0.0,527.67,470.15,57.52,completed,0.109
O500330,C100109,2024-11-11,retail_partner,beauty,3,29.28,0.0,87.84,42.7,45.14,completed,0.5139
O500330,C100109,2024-11-11,retail_partner,beauty,3,36.93,11.08,99.71,45.58,54.13,completed,0.5429
O500331,C100109,2024-11-11,web,electronics,2,183.37,0.0,366.74,298.3,68.44,completed,0.1866
O500331,C100109,2024-11-11,web,footwear,2,123.95,0.0,247.9,148.55,99.35,completed,0.4008
O500331,C100109,2024-11-11,web,electronics,2,274.69,0.0,549.38,431.8,117.58,completed,0.214
O500471,C100153,2024-11-11,marketplace,home,3,76.99,0.0,230.97,135.78,95.19,completed,0.4121
O500771,C100233,2024-11-11,retail_partner,apparel,2,108.97,32.69,185.25,99.76,85.49,completed,0.4615
O500771,C100233,2024-11-11,retail_partner,apparel,1,89.57,4.48,85.09,47.38,37.71,completed,0.4432
O500771,C100233,2024-11-11,retail_partner,apparel,3,84.51,0.0,253.53,142.39,111.14,completed,0.4384
O501033,C100299,2024-11-11,mobile_app,electronics,3,160.21,0.0,480.63,394.48,86.15,completed,0.1792
O501033,C100299,2024-11-11,mobile_app,footwear,1,97.35,0.0,97.35,57.71,39.64,completed,0.4072
O501033,C100299,2024-11-11,mobile_app,home,2,59.12,23.65,94.59,60.32,34.27,completed,0.3623
O501350,C100407,2024-11-11,mobile_app,electronics,1,271.03,0.0,271.03,242.03,29.0,completed,0.107
O501350,C100407,2024-11-11,mobile_app,beauty,3,27.82,0.0,83.46,39.22,44.24,completed,0.5301
O502108,C100598,2024-11-11,mobile_app,accessories,2,28.61,0.0,57.22,28.88,28.34,completed,0.4953
O502243,C100634,2024-11-11,mobile_app,electronics,2,423.79,127.14,720.44,616.58,103.86,completed,0.1442
O502243,C100634,2024-11-11,mobile_app,accessories,3,77.85,11.68,221.87,109.9,111.97,completed,0.5047
O502243,C100634,2024-11-11,mobile_app,apparel,2,77.29,7.73,146.85,79.43,67.42,completed,0.4591
O502307,C100649,2024-11-11,web,accessories,1,90.05,0.0,90.05,47.51,42.54,completed,0.4724
O502307,C100649,2024-11-11,web,beauty,3,31.41,18.85,75.38,32.24,43.14,completed,0.5723
O502360,C100662,2024-11-11,web,beauty,3,33.81,0.0,101.43,50.11,51.32,completed,0.506
O502360,C100662,2024-11-11,web,home,2,65.2,0.0,130.4,82.42,47.98,completed,0.3679
O500312,C100102,2024-11-12,mobile_app,accessories,2,48.64,9.73,87.55,46.09,41.46,completed,0.4736
O500465,C100152,2024-11-12,mobile_app,electronics,3,242.25,109.01,617.74,512.73,105.01,completed,0.17
O500465,C100152,2024-11-12,mobile_app,apparel,1,47.29,0.0,47.29,26.05,21.24,completed,0.4491
O500604,C100185,2024-11-12,mobile_app,footwear,1,78.65,15.73,62.92,37.5,25.42,completed,0.404
O500604,C100185,2024-11-12,mobile_app,beauty,1,24.63,0.0,24.63,12.08,12.55,completed,0.5095
O500604,C100185,2024-11-12,mobile_app,beauty,2,10.74,0.0,21.48,10.53,10.95,completed,0.5098
O500688,C100205,2024-11-12,mobile_app,footwear,3,91.8,0.0,275.4,167.61,107.79,completed,0.3914
O500688,C100205,2024-11-12,mobile_app,beauty,1,17.56,2.63,14.93,7.25,7.68,completed,0.5144
O500875,C100261,2024-11-12,web,electronics,2,176.55,70.62,282.48,222.88,59.6,completed,0.211
O500875,C100261,2024-11-12,web,beauty,2,33.08,6.62,59.54,31.95,27.59,completed,0.4634
O501893,C100535,2024-11-12,mobile_app,accessories,3,90.11,27.03,243.3,116.6,126.7,completed,0.5208
O501893,C100535,2024-11-12,mobile_app,accessories,2,74.06,22.22,125.9,62.31,63.59,completed,0.5051
O502180,C100618,2024-11-12,mobile_app,apparel,2,85.25,34.1,136.4,80.69,55.71,completed,0.4084
O502281,C100641,2024-11-12,marketplace,beauty,1,40.95,0.0,40.95,19.86,21.09,completed,0.515
O502308,C100649,2024-11-12,web,electronics,1,382.37,0.0,382.37,327.54,54.83,completed,0.1434
O502308,C100649,2024-11-12,web,apparel,1,82.11,0.0,82.11,44.38,37.73,completed,0.4595
O502397,C100677,2024-11-12,web,electronics,3,368.34,0.0,1105.02,972.69,132.33,completed,0.1198
O502397,C100677,2024-11-12,web,footwear,3,180.16,27.02,513.46,297.45,216.01,completed,0.4207
O500026,C100011,2024-11-13,mobile_app,footwear,1,87.03,0.0,87.03,51.18,35.85,completed,0.4119
O500026,C100011,2024-11-13,mobile_app,home,2,74.37,22.31,126.43,82.29,44.14,completed,0.3491
O500026,C100011,2024-11-13,mobile_app,accessories,2,38.33,7.67,68.99,36.09,32.9,completed,0.4769
O500093,C100041,2024-11-13,web,electronics,3,279.67,0.0,839.01,722.24,116.77,completed,0.1392
O500093,C100041,2024-11-13,web,accessories,2,30.29,9.09,51.49,25.93,25.56,completed,0.4964
O500093,C100041,2024-11-13,web,accessories,2,42.63,17.05,68.21,30.85,37.36,completed,0.5477
O500270,C100084,2024-11-13,mobile_app,apparel,3,52.17,23.48,133.03,71.84,61.19,completed,0.46
O500371,C100122,2024-11-13,mobile_app,accessories,1,35.27,0.0,35.27,16.72,18.55,completed,0.5259
O500371,C100122,2024-11-13,mobile_app,apparel,3,52.85,0.0,158.55,91.88,66.67,completed,0.4205
O500472,C100153,2024-11-13,web,electronics,1,218.4,0.0,218.4,190.07,28.33,completed,0.1297
O500472,C100153,2024-11-13,web,beauty,1,40.84,6.13,34.71,15.95,18.76,completed,0.5405
O501088,C100325,2024-11-13,marketplace,electronics,3,248.57,0.0,745.71,581.12,164.59,completed,0.2207
O501109,C100337,2024-11-13,web,beauty,3,14.9,0.0,44.7,21.62,23.08,completed,0.5163
O501366,C100414,2024-11-13,mobile_app,apparel,3,31.81,19.09,76.34,41.06,35.28,completed,0.4621
O501546,C100452,2024-11-13,web,footwear,3,156.21,93.73,374.9,243.82,131.08,completed,0.3496
O501546,C100452,2024-11-13,web,footwear,2,123.05,24.61,221.49,126.8,94.69,completed,0.4275
O501860,C100525,2024-11-13,web,home,2,75.69,0.0,151.38,87.32,64.06,completed,0.4232
O501860,C100525,2024-11-13,web,electronics,1,202.98,30.45,172.53,142.7,29.83,completed,0.1729
O501860,C100525,2024-11-13,web,electronics,1,207.83,31.17,176.66,142.61,34.05,completed,0.1927
O502072,C100588,2024-11-13,mobile_app,electronics,3,187.56,56.27,506.41,396.05,110.36,completed,0.2179
O502324,C100650,2024-11-13,marketplace,beauty,1,52.13,0.0,52.13,24.93,27.2,completed,0.5218
O502346,C100655,2024-11-13,web,home,2,107.37,42.95,171.79,108.68,63.11,completed,0.3674
O502346,C100655,2024-11-13,web,home,3,127.61,57.42,325.41,214.4,111.01,completed,0.3411
O502346,C100655,2024-11-13,web,beauty,3,44.15,26.49,105.96,46.39,59.57,completed,0.5622
O502378,C100672,2024-11-13,web,accessories,2,37.01,3.7,70.32,34.98,35.34,completed,0.5026
O502441,C100696,2024-11-13,mobile_app,footwear,1,117.25,23.45,93.8,61.59,32.21,completed,0.3434
O500044,C100016,2024-11-14,web,footwear,3,168.09,0.0,504.27,310.24,194.03,completed,0.3848
O500044,C100016,2024-11-14,web,beauty,1,46.99,0.0,46.99,22.82,24.17,completed,0.5144
O500104,C100043,2024-11-14,retail_partner,beauty,3,58.81,8.82,167.61,82.71,84.9,completed,0.5065
O500104,C100043,2024-11-14,retail_partner,accessories,2,81.08,8.11,154.05,76.03,78.02,completed,0.5065
O500259,C100078,2024-11-14,web,footwear,2,193.11,38.62,347.6,210.69,136.91,completed,0.3939
O500408,C100135,2024-11-14,web,apparel,3,55.09,24.79,140.48,77.92,62.56,completed,0.4453
O500642,C100197,2024-11-14,mobile_app,apparel,2,50.32,15.1,85.54,45.64,39.9,completed,0.4664
O500642,C100197,2024-11-14,mobile_app,beauty,2,26.82,0.0,53.64,26.77,26.87,completed,0.5009
O500642,C100197,2024-11-14,mobile_app,home,1,115.88,0.0,115.88,69.96,45.92,completed,0.3963
O500645,C100199,2024-11-14,web,home,2,107.48,0.0,214.96,128.39,86.57,completed,0.4027
O500645,C100199,2024-11-14,web,beauty,3,55.08,16.52,148.72,73.5,75.22,completed,0.5058
O500645,C100199,2024-11-14,web,electronics,3,345.05,0.0,1035.15,880.47,154.68,completed,0.1494
O500949,C100276,2024-11-14,mobile_app,footwear,3,102.3,61.38,245.52,154.09,91.43,completed,0.3724
O500949,C100276,2024-11-14,mobile_app,beauty,3,34.45,20.67,82.68,41.05,41.63,completed,0.5035
O501056,C100310,2024-11-14,web,accessories,3,37.97,22.78,91.13,45.59,45.54,completed,0.4997
O501066,C100316,2024-11-14,marketplace,footwear,1,143.62,14.36,129.26,78.79,50.47,completed,0.3905
O501066,C100316,2024-11-14,marketplace,apparel,1,61.95,0.0,61.95,31.01,30.94,completed,0.4994
O501874,C100529,2024-11-14,marketplace,apparel,2,31.78,0.0,63.56,35.35,28.21,completed,0.4438
O501874,C100529,2024-11-14,marketplace,accessories,3,32.87,14.79,83.82,38.25,45.57,completed,0.5437
O501874,C100529,2024-11-14,marketplace,accessories,2,37.68,3.77,71.59,36.21,35.38,completed,0.4942
O502150,C100614,2024-11-14,mobile_app,home,2,94.17,0.0,188.34,122.71,65.63,completed,0.3485
O502150,C100614,2024-11-14,mobile_app,home,2,117.31,35.19,199.43,119.86,79.57,completed,0.399
O502150,C100614,2024-11-14,mobile_app,footwear,2,103.24,0.0,206.48,127.91,78.57,completed,0.3805
O502151,C100614,2024-11-14,marketplace,accessories,2,64.14,0.0,128.28,62.48,65.8,completed,0.5129
O502151,C100614,2024-11-14,marketplace,accessories,2,63.95,19.18,108.72,48.63,60.09,completed,0.5527
O502297,C100648,2024-11-14,web,footwear,2,79.89,0.0,159.78,97.83,61.95,completed,0.3877
O502297,C100648,2024-11-14,web,home,2,60.58,0.0,121.16,73.75,47.41,completed,0.3913
O502297,C100648,2024-11-14,web,footwear,1,82.51,0.0,82.51,49.17,33.34,completed,0.4041
O502325,C100650,2024-11-14,marketplace,beauty,1,44.68,8.94,35.74,19.09,16.65,completed,0.4659
O502325,C100650,2024-11-14,marketplace,accessories,3,75.8,22.74,204.66,100.84,103.82,completed,0.5073
O502447,C100699,2024-11-14,retail_partner,apparel,1,26.01,0.0,26.01,13.99,12.02,completed,0.4621
O502447,C100699,2024-11-14,retail_partner,footwear,2,76.8,15.36,138.24,85.28,52.96,completed,0.3831
O502447,C100699,2024-11-14,retail_partner,electronics,1,150.02,15.0,135.02,119.2,15.82,completed,0.1172
O502513,C100717,2024-11-14,mobile_app,footwear,2,187.78,37.56,338.0,201.69,136.31,completed,0.4033
O502513,C100717,2024-11-14,mobile_app,electronics,2,505.24,50.52,959.96,823.49,136.47,completed,0.1422
O502513,C100717,2024-11-14,mobile_app,electronics,1,455.16,68.27,386.89,338.24,48.65,completed,0.1257
O502595,C100742,2024-11-14,mobile_app,home,1,72.83,14.57,58.26,34.15,24.11,completed,0.4138
O502616,C100747,2024-11-14,web,beauty,3,29.56,13.3,75.38,35.69,39.69,completed,0.5265
O502622,C100749,2024-11-14,marketplace,footwear,2,78.64,7.86,149.42,87.07,62.35,completed,0.4173
O502622,C100749,2024-11-14,marketplace,footwear,2,86.99,34.8,139.18,79.15,60.03,completed,0.4313
O502622,C100749,2024-11-14,marketplace,apparel,3,55.32,24.89,141.07,76.33,64.74,completed,0.4589
O500514,C100160,2024-11-15,marketplace,home,3,139.05,0.0,417.15,249.48,167.67,completed,0.4019
O500514,C100160,2024-11-15,marketplace,apparel,2,97.87,9.79,185.95,99.54,86.41,completed,0.4647
O500850,C100250,2024-11-15,web,accessories,3,80.55,12.08,229.57,119.07,110.5,completed,0.4813
O501057,C100311,2024-11-15,mobile_app,electronics,2,188.52,0.0,377.04,352.91,24.13,completed,0.064
O501057,C100311,2024-11-15,mobile_app,electronics,2,173.38,34.68,312.08,275.46,36.62,completed,0.1173
O501057,C100311,2024-11-15,mobile_app,apparel,2,48.13,9.63,86.63,46.52,40.11,completed,0.463
O501417,C100426,2024-11-15,web,accessories,1,100.15,0.0,100.15,50.97,49.18,completed,0.4911
O501417,C100426,2024-11-15,web,accessories,2,49.45,0.0,98.9,47.42,51.48,completed,0.5205
O501451,C100430,2024-11-15,marketplace,electronics,1,174.54,26.18,148.36,126.56,21.8,completed,0.1469
O501855,C100523,2024-11-15,retail_partner,apparel,3,35.96,10.79,97.09,55.9,41.19,completed,0.4242
O501855,C100523,2024-11-15,retail_partner,apparel,3,34.67,0.0,104.01,61.62,42.39,completed,0.4076
O501861,C100525,2024-11-15,web,electronics,2,265.86,26.59,505.13,434.68,70.45,completed,0.1395
O502309,C100649,2024-11-15,marketplace,electronics,1,285.45,14.27,271.18,247.21,23.97,completed,0.0884
O502590,C100740,2024-11-15,marketplace,home,3,66.32,0.0,198.96,123.2,75.76,completed,0.3808
O502590,C100740,2024-11-15,marketplace,footwear,2,66.11,0.0,132.22,74.57,57.65,completed,0.436
O502590,C100740,2024-11-15,marketplace,electronics,2,233.27,0.0,466.54,399.02,67.52,completed,0.1447
O503095,C100861,2024-11-15,marketplace,accessories,2,58.7,0.0,117.4,51.99,65.41,completed,0.5572
O500273,C100086,2024-11-16,marketplace,electronics,1,203.97,30.6,173.37,140.15,33.22,completed,0.1916
O500273,C100086,2024-11-16,marketplace,beauty,3,16.43,7.39,41.9,21.72,20.18,completed,0.4816
O500273,C100086,2024-11-16,marketplace,apparel,1,56.4,11.28,45.12,23.67,21.45,completed,0.4754
O500821,C100246,2024-11-16,retail_partner,home,1,141.36,21.2,120.16,72.98,47.18,completed,0.3926
O500821,C100246,2024-11-16,retail_partner,apparel,1,118.87,23.77,95.1,51.15,43.95,completed,0.4621
O501380,C100420,2024-11-16,retail_partner,apparel,3,49.13,0.0,147.39,77.28,70.11,completed,0.4757
O501380,C100420,2024-11-16,retail_partner,beauty,1,29.33,4.4,24.93,12.46,12.47,completed,0.5002
O501380,C100420,2024-11-16,retail_partner,electronics,1,131.17,0.0,131.17,104.27,26.9,completed,0.2051
O501418,C100426,2024-11-16,web,beauty,3,70.68,0.0,212.04,102.65,109.39,completed,0.5159
O501418,C100426,2024-11-16,web,footwear,1,123.68,6.18,117.5,69.26,48.24,completed,0.4106
O501699,C100483,2024-11-16,marketplace,beauty,2,14.93,2.99,26.87,13.21,13.66,completed,0.5084
O501699,C100483,2024-11-16,marketplace,beauty,1,27.48,1.37,26.11,13.47,12.64,completed,0.4841
O501699,C100483,2024-11-16,marketplace,apparel,1,39.9,0.0,39.9,19.79,20.11,completed,0.504
O502024,C100575,2024-11-16,marketplace,accessories,1,60.09,3.0,57.09,28.81,28.28,completed,0.4954
O502024,C100575,2024-11-16,marketplace,beauty,2,59.14,17.74,100.54,47.85,52.69,completed,0.5241
O502024,C100575,2024-11-16,marketplace,apparel,3,116.7,52.52,297.58,148.34,149.24,completed,0.5015
O502027,C100576,2024-11-16,retail_partner,beauty,2,29.55,5.91,53.19,22.93,30.26,completed,0.5689
O502109,C100599,2024-11-16,web,electronics,3,112.03,16.8,319.29,266.22,53.07,completed,0.1662
O502109,C100599,2024-11-16,web,accessories,1,24.83,0.0,24.83,11.03,13.8,completed,0.5558
O502109,C100599,2024-11-16,web,electronics,3,216.69,97.51,552.56,472.93,79.63,completed,0.1441
O502398,C100678,2024-11-16,mobile_app,electronics,1,196.03,0.0,196.03,150.09,45.94,completed,0.2344
O502398,C100678,2024-11-16,mobile_app,home,3,72.5,43.5,174.0,113.88,60.12,completed,0.3455
O500249,C100077,2024-11-17,web,beauty,1,39.41,5.91,33.5,16.45,17.05,completed,0.509
O500249,C100077,2024-11-17,web,beauty,2,22.65,9.06,36.24,16.22,20.02,completed,0.5524
O500391,C100129,2024-11-17,web,beauty,1,29.67,4.45,25.22,11.81,13.41,completed,0.5317
O500391,C100129,2024-11-17,web,electronics,1,133.77,0.0,133.77,105.62,28.15,completed,0.2104
O500391,C100129,2024-11-17,web,beauty,1,20.28,1.01,19.27,8.68,10.59,completed,0.5496
O500409,C100135,2024-11-17,marketplace,beauty,2,34.01,0.0,68.02,34.29,33.73,completed,0.4959
O500409,C100135,2024-11-17,marketplace,accessories,3,48.14,14.44,129.98,62.89,67.09,completed,0.5162
O500953,C100277,2024-11-17,marketplace,home,2,98.87,0.0,197.74,129.51,68.23,completed,0.345
O500953,C100277,2024-11-17,marketplace,apparel,1,77.24,3.86,73.38,39.22,34.16,completed,0.4655
O501120,C100340,2024-11-17,retail_partner,home,2,53.42,16.03,90.81,56.94,33.87,completed,0.373
O501120,C100340,2024-11-17,retail_partner,footwear,1,61.41,0.0,61.41,35.35,26.06,completed,0.4244
O501120,C100340,2024-11-17,retail_partner,accessories,1,51.72,10.34,41.38,19.68,21.7,completed,0.5244
O501283,C100392,2024-11-17,web,home,3,71.83,32.32,183.17,118.13,65.04,completed,0.3551
O501283,C100392,2024-11-17,web,electronics,3,308.36,0.0,925.08,784.14,140.94,completed,0.1524
O501759,C100501,2024-11-17,web,apparel,2,67.83,20.35,115.31,56.33,58.98,completed,0.5115
O501920,C100541,2024-11-17,web,home,2,76.52,0.0,153.04,85.49,67.55,completed,0.4414
O501920,C100541,2024-11-17,web,electronics,1,233.28,0.0,233.28,212.18,21.1,completed,0.0904
O501977,C100555,2024-11-17,mobile_app,apparel,3,49.42,0.0,148.26,82.1,66.16,completed,0.4462
O501977,C100555,2024-11-17,mobile_app,home,3,44.21,0.0,132.63,79.35,53.28,completed,0.4017
O501977,C100555,2024-11-17,mobile_app,footwear,1,80.5,0.0,80.5,43.96,36.54,completed,0.4539
O502353,C100658,2024-11-17,web,accessories,3,39.54,23.72,94.9,43.82,51.08,completed,0.5383
O502353,C100658,2024-11-17,web,electronics,3,134.09,60.34,341.93,269.09,72.84,completed,0.213
O503109,C100864,2024-11-17,web,electronics,1,163.32,16.33,146.99,119.86,27.13,completed,0.1846
O503109,C100864,2024-11-17,web,beauty,3,28.33,17.0,67.99,29.69,38.3,completed,0.5633
O503109,C100864,2024-11-17,web,footwear,2,88.08,35.23,140.93,86.07,54.86,completed,0.3893
O500078,C100035,2024-11-18,web,electronics,1,220.46,0.0,220.46,182.99,37.47,completed,0.17
O500078,C100035,2024-11-18,web,home,2,61.54,24.62,98.46,64.24,34.22,completed,0.3476
O500646,C100199,2024-11-18,web,home,3,87.3,0.0,261.9,162.72,99.18,completed,0.3787
O500646,C100199,2024-11-18,web,electronics,2,450.95,0.0,901.9,686.76,215.14,completed,0.2385
O500744,C100227,2024-11-18,mobile_app,footwear,2,89.05,17.81,160.29,88.73,71.56,completed,0.4464
O500744,C100227,2024-11-18,mobile_app,footwear,2,84.59,8.46,160.72,95.67,65.05,completed,0.4047
O500744,C100227,2024-11-18,mobile_app,footwear,2,84.99,17.0,152.98,90.8,62.18,completed,0.4065
O501246,C100383,2024-11-18,retail_partner,home,1,87.96,17.59,70.37,44.06,26.31,completed,0.3739
O501246,C100383,2024-11-18,retail_partner,beauty,3,37.99,0.0,113.97,50.07,63.9,completed,0.5607
O501246,C100383,2024-11-18,retail_partner,beauty,1,31.86,0.0,31.86,15.51,16.35,completed,0.5132
O501334,C100403,2024-11-18,marketplace,footwear,2,156.5,46.95,266.05,160.71,105.34,completed,0.3959
O501419,C100426,2024-11-18,mobile_app,accessories,1,99.41,0.0,99.41,46.84,52.57,completed,0.5288
O502460,C100702,2024-11-18,web,footwear,3,106.63,15.99,303.9,186.55,117.35,completed,0.3861
O502460,C100702,2024-11-18,web,footwear,1,82.81,8.28,74.53,45.52,29.01,completed,0.3892
O502662,C100764,2024-11-18,mobile_app,beauty,3,22.74,0.0,68.22,32.84,35.38,completed,0.5186
O502662,C100764,2024-11-18,mobile_app,electronics,2,290.98,87.29,494.67,424.45,70.22,completed,0.142
O503008,C100845,2024-11-18,web,apparel,2,71.67,7.17,136.17,76.93,59.24,completed,0.435
O503044,C100849,2024-11-18,web,beauty,1,41.14,0.0,41.14,19.95,21.19,completed,0.5151
O503044,C100849,2024-11-18,web,electronics,1,442.27,22.11,420.16,334.21,85.95,completed,0.2046
O500072,C100033,2024-11-19,web,beauty,3,23.12,0.0,69.36,35.49,33.87,completed,0.4883
O500072,C100033,2024-11-19,web,accessories,2,36.13,0.0,72.26,35.35,36.91,completed,0.5108
O500072,C100033,2024-11-19,web,footwear,3,85.77,51.46,205.85,117.91,87.94,completed,0.4272
O500414,C100137,2024-11-19,mobile_app,home,1,52.78,10.56,42.22,27.31,14.91,completed,0.3532
O500609,C100186,2024-11-19,marketplace,accessories,1,40.13,4.01,36.12,17.47,18.65,completed,0.5163
O500647,C100199,2024-11-19,mobile_app,electronics,3,321.41,0.0,964.23,724.76,239.47,completed,0.2484
O500647,C100199,2024-11-19,mobile_app,beauty,2,54.97,10.99,98.95,47.03,51.92,completed,0.5247
O500647,C100199,2024-11-19,mobile_app,beauty,1,33.83,3.38,30.45,16.12,14.33,completed,0.4706
O500786,C100237,2024-11-19,mobile_app,electronics,1,280.76,42.11,238.65,201.32,37.33,completed,0.1564
O500800,C100241,2024-11-19,mobile_app,apparel,3,35.8,0.0,107.4,61.68,45.72,completed,0.4257
O500887,C100264,2024-11-19,mobile_app,accessories,1,35.47,3.55,31.92,15.6,16.32,completed,0.5113
O500887,C100264,2024-11-19,mobile_app,beauty,2,31.69,12.68,50.7,21.78,28.92,completed,0.5704
O500954,C100277,2024-11-19,mobile_app,apparel,1,82.99,0.0,82.99,43.92,39.07,completed,0.4708
O501200,C100362,2024-11-19,mobile_app,beauty,2,52.48,5.25,99.71,47.12,52.59,completed,0.5274
O501200,C100362,2024-11-19,mobile_app,home,3,105.9,31.77,285.93,172.43,113.5,completed,0.397
O501200,C100362,2024-11-19,mobile_app,beauty,2,66.16,0.0,132.32,61.85,70.47,completed,0.5326
O501284,C100392,2024-11-19,web,accessories,1,39.36,1.97,37.39,18.04,19.35,completed,0.5175
O501361,C100411,2024-11-19,marketplace,accessories,3,37.12,0.0,111.36,55.84,55.52,completed,0.4986
O501361,C100411,2024-11-19,marketplace,accessories,3,52.8,0.0,158.4,74.19,84.21,completed,0.5316
O501420,C100426,2024-11-19,web,apparel,1,92.5,0.0,92.5,52.46,40.04,completed,0.4329
O501420,C100426,2024-11-19,web,footwear,1,83.26,0.0,83.26,51.36,31.9,completed,0.3831
O501420,C100426,2024-11-19,web,beauty,2,67.43,20.23,114.63,53.51,61.12,completed,0.5332
O501982,C100558,2024-11-19,mobile_app,footwear,3,122.58,0.0,367.74,219.25,148.49,completed,0.4038
O502084,C100594,2024-11-19,mobile_app,electronics,2,263.36,105.34,421.38,303.16,118.22,completed,0.2806
O502084,C100594,2024-11-19,mobile_app,electronics,3,185.49,0.0,556.47,500.98,55.49,completed,0.0997
O502181,C100618,2024-11-19,mobile_app,electronics,2,549.38,54.94,1043.82,815.2,228.62,completed,0.219
O502181,C100618,2024-11-19,mobile_app,beauty,3,47.12,0.0,141.36,67.72,73.64,completed,0.5209
O502181,C100618,2024-11-19,mobile_app,electronics,2,135.41,40.62,230.2,212.43,17.77,completed,0.0772
O502399,C100678,2024-11-19,web,footwear,1,73.15,0.0,73.15,45.65,27.5,completed,0.3759
O502399,C100678,2024-11-19,web,electronics,1,159.62,23.94,135.68,118.15,17.53,completed,0.1292
O502756,C100785,2024-11-19,mobile_app,home,2,111.0,11.1,210.9,130.07,80.83,completed,0.3833
O502953,C100827,2024-11-19,web,electronics,2,300.81,0.0,601.62,479.14,122.48,completed,0.2036
O502953,C100827,2024-11-19,web,beauty,2,49.03,0.0,98.06,47.37,50.69,completed,0.5169
O503096,C100861,2024-11-19,mobile_app,apparel,3,107.72,0.0,323.16,186.47,136.69,completed,0.423
O503096,C100861,2024-11-19,mobile_app,footwear,3,95.75,14.36,272.89,163.47,109.42,completed,0.401
O503096,C100861,2024-11-19,mobile_app,apparel,1,80.88,0.0,80.88,47.65,33.23,completed,0.4109
O503118,C100868,2024-11-19,web,accessories,1,43.67,6.55,37.12,18.54,18.58,completed,0.5005
O503118,C100868,2024-11-19,web,accessories,2,47.16,18.86,75.46,39.86,35.6,completed,0.4718
O503118,C100868,2024-11-19,web,accessories,1,47.36,2.37,44.99,22.45,22.54,completed,0.501
O500082,C100038,2024-11-20,mobile_app,electronics,2,138.68,27.74,249.62,218.73,30.89,completed,0.1237
O500082,C100038,2024-11-20,mobile_app,electronics,2,213.48,0.0,426.96,348.58,78.38,completed,0.1836
O500194,C100064,2024-11-20,mobile_app,electronics,3,356.0,213.6,854.4,750.69,103.71,completed,0.1214
O500194,C100064,2024-11-20,mobile_app,footwear,3,180.53,54.16,487.43,301.57,185.86,completed,0.3813
O500194,C100064,2024-11-20,mobile_app,electronics,1,333.97,50.1,283.87,255.07,28.8,completed,0.1015
O500291,C100094,2024-11-20,web,home,1,91.3,13.69,77.61,45.96,31.65,completed,0.4078
O500291,C100094,2024-11-20,web,footwear,3,92.86,0.0,278.58,180.87,97.71,completed,0.3507
O500396,C100132,2024-11-20,mobile_app,footwear,2,91.7,27.51,155.89,90.57,65.32,completed,0.419
O500396,C100132,2024-11-20,mobile_app,apparel,3,56.99,25.65,145.32,80.91,64.41,completed,0.4432
O500585,C100179,2024-11-20,web,apparel,2,94.27,0.0,188.54,94.29,94.25,completed,0.4999
O500585,C100179,2024-11-20,web,home,3,132.06,0.0,396.18,242.19,153.99,completed,0.3887
O500585,C100179,2024-11-20,web,apparel,3,119.54,53.79,304.83,167.81,137.02,completed,0.4495
O500648,C100199,2024-11-20,web,electronics,1,337.87,0.0,337.87,285.71,52.16,completed,0.1544
O500648,C100199,2024-11-20,web,electronics,1,475.3,95.06,380.24,318.98,61.26,completed,0.1611
O500648,C100199,2024-11-20,web,home,3,146.55,43.97,395.68,264.69,130.99,completed,0.3311
O500709,C100213,2024-11-20,mobile_app,home,3,97.77,0.0,293.31,191.89,101.42,completed,0.3458
O500709,C100213,2024-11-20,mobile_app,apparel,2,57.57,23.03,92.11,48.39,43.72,completed,0.4746
O500709,C100213,2024-11-20,mobile_app,apparel,2,55.38,11.08,99.68,52.17,47.51,completed,0.4766
O500730,C100222,2024-11-20,web,footwear,3,98.31,0.0,294.93,152.98,141.95,completed,0.4813
O501071,C100318,2024-11-20,mobile_app,accessories,1,24.22,0.0,24.22,11.83,12.39,completed,0.5116
O501071,C100318,2024-11-20,mobile_app,accessories,2,37.23,0.0,74.46,36.12,38.34,completed,0.5149
O501071,C100318,2024-11-20,mobile_app,electronics,3,226.55,0.0,679.65,535.26,144.39,completed,0.2124
O502448,C100699,2024-11-20,web,electronics,3,261.19,0.0,783.57,601.3,182.27,completed,0.2326
O502448,C100699,2024-11-20,web,home,3,105.55,15.83,300.82,187.92,112.9,completed,0.3753
O502808,C100800,2024-11-20,web,home,3,88.97,0.0,266.91,163.35,103.56,completed,0.388
O502808,C100800,2024-11-20,web,apparel,3,42.0,0.0,126.0,69.91,56.09,completed,0.4452
O502887,C100814,2024-11-20,marketplace,accessories,1,54.17,8.13,46.04,23.8,22.24,completed,0.4831
O502887,C100814,2024-11-20,marketplace,beauty,3,79.9,11.99,227.71,107.86,119.85,completed,0.5263
O500410,C100135,2024-11-21,mobile_app,accessories,3,48.82,0.0,146.46,72.12,74.34,completed,0.5076
O500410,C100135,2024-11-21,mobile_app,accessories,3,39.97,0.0,119.91,55.02,64.89,completed,0.5412
O500420,C100141,2024-11-21,mobile_app,electronics,3,218.99,0.0,656.97,607.09,49.88,completed,0.0759
O500420,C100141,2024-11-21,mobile_app,beauty,2,26.26,5.25,47.27,24.18,23.09,completed,0.4885
O500715,C100215,2024-11-21,mobile_app,footwear,2,124.27,12.43,236.11,152.27,83.84,completed,0.3551
O500715,C100215,2024-11-21,mobile_app,beauty,3,39.38,0.0,118.14,54.86,63.28,completed,0.5356
O500882,C100262,2024-11-21,mobile_app,accessories,2,66.19,19.86,112.52,54.0,58.52,completed,0.5201
O500882,C100262,2024-11-21,mobile_app,accessories,3,46.04,20.72,117.4,56.96,60.44,completed,0.5148
O500882,C100262,2024-11-21,mobile_app,electronics,2,447.49,44.75,850.23,745.31,104.92,completed,0.1234
O500923,C100273,2024-11-21,web,home,3,99.82,59.89,239.57,156.86,82.71,completed,0.3452
O501487,C100440,2024-11-21,mobile_app,home,1,81.48,0.0,81.48,53.28,28.2,completed,0.3461
O501983,C100558,2024-11-21,mobile_app,apparel,1,47.24,0.0,47.24,25.0,22.24,completed,0.4708
O501983,C100558,2024-11-21,mobile_app,home,2,81.03,16.21,145.85,89.16,56.69,completed,0.3887
O501983,C100558,2024-11-21,mobile_app,accessories,1,54.02,5.4,48.62,26.23,22.39,completed,0.4605
O502133,C100609,2024-11-21,web,electronics,2,131.33,26.27,236.39,190.4,45.99,completed,0.1946
O502133,C100609,2024-11-21,web,electronics,3,225.43,33.81,642.48,539.43,103.05,completed,0.1604
O502133,C100609,2024-11-21,web,home,2,58.04,0.0,116.08,70.2,45.88,completed,0.3952
O502368,C100669,2024-11-21,web,home,1,60.3,12.06,48.24,28.65,19.59,completed,0.4061
O502368,C100669,2024-11-21,web,electronics,3,165.29,0.0,495.87,416.09,79.78,completed,0.1609
O502461,C100702,2024-11-21,mobile_app,home,1,83.34,4.17,79.17,44.39,34.78,completed,0.4393
O502461,C100702,2024-11-21,mobile_app,accessories,1,37.72,1.89,35.83,17.38,18.45,completed,0.5149
O502462,C100702,2024-11-21,mobile_app,footwear,2,97.73,0.0,195.46,110.35,85.11,completed,0.4354
O503148,C100875,2024-11-21,mobile_app,apparel,1,91.31,18.26,73.05,42.24,30.81,completed,0.4218
O503148,C100875,2024-11-21,mobile_app,accessories,3,61.01,36.61,146.42,73.27,73.15,completed,0.4996
O500116,C100047,2024-11-22,web,home,1,129.16,12.92,116.24,76.19,40.05,completed,0.3445
O500218,C100067,2024-11-22,web,apparel,3,52.95,23.83,135.02,73.93,61.09,completed,0.4525
O500218,C100067,2024-11-22,web,beauty,3,45.03,0.0,135.09,65.12,69.97,completed,0.518
O500332,C100110,2024-11-22,web,apparel,2,49.89,14.97,84.81,45.1,39.71,completed,0.4682
O500332,C100110,2024-11-22,web,electronics,2,185.86,0.0,371.72,297.37,74.35,completed,0.2
O500386,C100128,2024-11-22,web,beauty,2,59.4,23.76,95.04,45.5,49.54,completed,0.5213
O500386,C100128,2024-11-22,web,apparel,3,74.3,0.0,222.9,122.39,100.51,completed,0.4509
O500386,C100128,2024-11-22,web,footwear,2,157.38,31.48,283.28,168.27,115.01,completed,0.406
O500464,C100151,2024-11-22,mobile_app,footwear,1,73.38,0.0,73.38,44.66,28.72,completed,0.3914
O500464,C100151,2024-11-22,mobile_app,footwear,1,96.52,9.65,86.87,50.88,35.99,completed,0.4143
O500464,C100151,2024-11-22,mobile_app,home,3,89.63,26.89,242.0,130.03,111.97,completed,0.4627
O500466,C100152,2024-11-22,mobile_app,footwear,3,76.61,0.0,229.83,124.51,105.32,completed,0.4583
O500466,C100152,2024-11-22,mobile_app,home,2,78.22,0.0,156.44,89.95,66.49,completed,0.425
O500466,C100152,2024-11-22,mobile_app,footwear,3,77.1,0.0,231.3,137.18,94.12,completed,0.4069
O500594,C100183,2024-11-22,marketplace,accessories,1,47.39,4.74,42.65,22.19,20.46,completed,0.4797
O500772,C100233,2024-11-22,marketplace,apparel,3,90.15,54.09,216.36,115.28,101.08,completed,0.4672
O500772,C100233,2024-11-22,marketplace,apparel,1,73.79,14.76,59.03,34.27,24.76,completed,0.4194
O500772,C100233,2024-11-22,marketplace,beauty,3,47.9,0.0,143.7,70.59,73.11,completed,0.5088
O500876,C100261,2024-11-22,mobile_app,apparel,1,33.81,0.0,33.81,17.55,16.26,completed,0.4809
O501624,C100473,2024-11-22,web,apparel,3,109.36,0.0,328.08,185.04,143.04,completed,0.436
O502326,C100650,2024-11-22,mobile_app,electronics,1,336.13,33.61,302.52,235.47,67.05,completed,0.2216
O502326,C100650,2024-11-22,mobile_app,electronics,2,395.57,158.23,632.91,539.78,93.13,completed,0.1471
O502326,C100650,2024-11-22,mobile_app,footwear,1,147.75,14.78,132.97,84.3,48.67,completed,0.366
O502609,C100745,2024-11-22,mobile_app,accessories,2,87.07,17.41,156.73,77.39,79.34,completed,0.5062
O502850,C100808,2024-11-22,marketplace,home,2,68.08,6.81,129.35,81.89,47.46,completed,0.3669
O500176,C100062,2024-11-23,mobile_app,beauty,3,54.19,0.0,162.57,77.11,85.46,completed,0.5257
O500176,C100062,2024-11-23,mobile_app,accessories,1,56.87,0.0,56.87,28.03,28.84,completed,0.5071
O500176,C100062,2024-11-23,mobile_app,beauty,2,67.43,0.0,134.86,67.98,66.88,completed,0.4959
O500346,C100111,2024-11-23,mobile_app,accessories,2,61.28,18.38,104.18,50.84,53.34,completed,0.512
O500346,C100111,2024-11-23,mobile_app,apparel,1,125.05,25.01,100.04,54.26,45.78,completed,0.4576
O500559,C100175,2024-11-23,retail_partner,apparel,3,59.97,26.99,152.92,88.15,64.77,completed,0.4236
O500559,C100175,2024-11-23,retail_partner,accessories,2,45.48,4.55,86.41,45.76,40.65,completed,0.4704
O500559,C100175,2024-11-23,retail_partner,home,2,90.37,18.07,162.67,96.25,66.42,completed,0.4083
O500723,C100220,2024-11-23,marketplace,footwear,3,66.44,19.93,179.39,108.12,71.27,completed,0.3973
O501110,C100337,2024-11-23,mobile_app,electronics,1,204.72,10.24,194.48,165.41,29.07,completed,0.1495
O501110,C100337,2024-11-23,mobile_app,footwear,1,75.59,15.12,60.47,37.25,23.22,completed,0.384
O501125,C100344,2024-11-23,mobile_app,accessories,2,37.28,11.18,63.38,30.98,32.4,completed,0.5112
O501125,C100344,2024-11-23,mobile_app,accessories,1,22.84,4.57,18.27,9.55,8.72,completed,0.4773
O501125,C100344,2024-11-23,mobile_app,apparel,1,54.56,5.46,49.1,27.79,21.31,completed,0.434
O501133,C100348,2024-11-23,web,footwear,2,139.39,55.76,223.02,138.95,84.07,completed,0.377
O501133,C100348,2024-11-23,web,home,1,74.37,3.72,70.65,46.93,23.72,completed,0.3357
O501204,C100364,2024-11-23,marketplace,beauty,1,39.47,1.97,37.5,17.63,19.87,completed,0.5299
O501302,C100397,2024-11-23,mobile_app,apparel,2,50.93,10.19,91.67,47.78,43.89,completed,0.4788
O501302,C100397,2024-11-23,mobile_app,apparel,3,60.71,0.0,182.13,95.32,86.81,completed,0.4766
O501362,C100412,2024-11-23,marketplace,footwear,3,79.49,47.69,190.78,112.6,78.18,completed,0.4098
O501362,C100412,2024-11-23,marketplace,home,3,56.13,33.68,134.71,83.53,51.18,completed,0.3799
O501421,C100426,2024-11-23,web,beauty,2,53.99,0.0,107.98,52.13,55.85,completed,0.5172
O501421,C100426,2024-11-23,web,apparel,3,92.1,41.44,234.86,133.96,100.9,completed,0.4296
O501880,C100533,2024-11-23,retail_partner,accessories,2,35.87,7.17,64.57,29.18,35.39,completed,0.5481
O502442,C100696,2024-11-23,mobile_app,electronics,1,258.96,0.0,258.96,192.65,66.31,completed,0.2561
O502442,C100696,2024-11-23,mobile_app,home,1,65.65,0.0,65.65,41.17,24.48,completed,0.3729
O502720,C100778,2024-11-23,retail_partner,home,1,66.32,3.32,63.0,37.89,25.11,completed,0.3986
O502760,C100787,2024-11-23,mobile_app,apparel,3,77.7,0.0,233.1,121.28,111.82,completed,0.4797
O502963,C100829,2024-11-23,mobile_app,beauty,1,26.72,2.67,24.05,11.63,12.42,completed,0.5164
O503083,C100859,2024-11-23,mobile_app,electronics,3,227.06,102.18,579.0,464.05,114.95,completed,0.1985
O503083,C100859,2024-11-23,mobile_app,beauty,2,27.92,0.0,55.84,26.86,28.98,completed,0.519
O503083,C100859,2024-11-23,mobile_app,footwear,1,72.81,0.0,72.81,44.16,28.65,completed,0.3935
O500160,C100059,2024-11-24,web,footwear,2,55.59,16.68,94.5,56.86,37.64,completed,0.3983
O500160,C100059,2024-11-24,web,beauty,2,30.26,3.03,57.49,28.27,29.22,completed,0.5083
O500160,C100059,2024-11-24,web,beauty,1,20.54,0.0,20.54,10.24,10.3,completed,0.5015
O500426,C100142,2024-11-24,web,beauty,2,33.42,10.03,56.81,26.16,30.65,completed,0.5395
O500426,C100142,2024-11-24,web,accessories,2,25.41,0.0,50.82,24.43,26.39,completed,0.5193
O501205,C100364,2024-11-24,web,footwear,1,125.76,0.0,125.76,78.27,47.49,completed,0.3776
O501205,C100364,2024-11-24,web,apparel,1,70.79,7.08,63.71,31.82,31.89,completed,0.5005
O501205,C100364,2024-11-24,web,accessories,3,32.34,0.0,97.02,48.04,48.98,completed,0.5048
O501566,C100454,2024-11-24,web,home,2,151.29,0.0,302.58,190.15,112.43,completed,0.3716
O501566,C100454,2024-11-24,web,apparel,1,84.95,16.99,67.96,35.61,32.35,completed,0.476
O501566,C100454,2024-11-24,web,footwear,3,114.12,0.0,342.36,199.26,143.1,completed,0.418
O501816,C100512,2024-11-24,web,accessories,1,41.04,2.05,38.99,17.7,21.29,completed,0.546
O501816,C100512,2024-11-24,web,electronics,3,115.49,34.65,311.82,260.81,51.01,completed,0.1636
O502085,C100594,2024-11-24,web,apparel,3,58.38,0.0,175.14,95.12,80.02,completed,0.4569
O502085,C100594,2024-11-24,web,apparel,3,73.49,33.07,187.4,107.87,79.53,completed,0.4244
O502085,C100594,2024-11-24,web,apparel,1,42.34,0.0,42.34,24.43,17.91,completed,0.423
O502327,C100650,2024-11-24,marketplace,beauty,2,40.73,0.0,81.46,37.7,43.76,completed,0.5372
O502514,C100717,2024-11-24,web,home,2,109.97,0.0,219.94,140.61,79.33,completed,0.3607
O503084,C100860,2024-11-24,mobile_app,accessories,3,50.14,22.56,127.86,59.65,68.21,completed,0.5335
O503084,C100860,2024-11-24,mobile_app,electronics,3,256.53,0.0,769.59,662.78,106.81,completed,0.1388
O503192,C100889,2024-11-24,mobile_app,beauty,3,36.75,0.0,110.25,51.06,59.19,completed,0.5369
O500198,C100066,2024-11-25,marketplace,footwear,2,146.46,0.0,292.92,166.42,126.5,completed,0.4319
O500325,C100108,2024-11-25,marketplace,accessories,2,60.77,18.23,103.31,54.7,48.61,completed,0.4705
O500649,C100199,2024-11-25,web,footwear,3,177.55,53.27,479.38,294.66,184.72,completed,0.3853
O500649,C100199,2024-11-25,web,electronics,1,368.56,36.86,331.7,260.39,71.31,completed,0.215
O500649,C100199,2024-11-25,web,beauty,3,52.85,7.93,150.62,72.04,78.58,completed,0.5217
O500650,C100199,2024-11-25,marketplace,beauty,1,52.78,0.0,52.78,24.52,28.26,completed,0.5354
O500650,C100199,2024-11-25,marketplace,footwear,2,162.59,16.26,308.92,179.93,128.99,completed,0.4176
O500650,C100199,2024-11-25,marketplace,beauty,1,74.18,7.42,66.76,29.93,36.83,completed,0.5517
O500787,C100237,2024-11-25,marketplace,home,1,126.14,0.0,126.14,75.75,50.39,completed,0.3995
O500787,C100237,2024-11-25,marketplace,footwear,2,147.67,44.3,251.04,147.52,103.52,completed,0.4124
O501238,C100378,2024-11-25,web,beauty,2,33.02,9.91,56.13,27.4,28.73,completed,0.5118
O501238,C100378,2024-11-25,web,electronics,2,251.75,25.18,478.32,390.97,87.35,completed,0.1826
O501335,C100403,2024-11-25,retail_partner,home,1,178.98,17.9,161.08,94.64,66.44,completed,0.4125
O501335,C100403,2024-11-25,retail_partner,apparel,2,90.46,9.05,171.87,90.93,80.94,completed,0.4709
O501383,C100422,2024-11-25,retail_partner,electronics,3,426.71,192.02,1088.11,907.03,181.08,completed,0.1664
O501422,C100426,2024-11-25,web,home,1,116.1,0.0,116.1,69.95,46.15,completed,0.3975
O501423,C100426,2024-11-25,web,apparel,2,85.0,25.5,144.5,79.44,65.06,completed,0.4502
O501423,C100426,2024-11-25,web,electronics,3,461.28,69.19,1314.65,1014.86,299.79,completed,0.228
O501567,C100454,2024-11-25,web,footwear,1,182.09,0.0,182.09,114.31,67.78,completed,0.3722
O501567,C100454,2024-11-25,web,beauty,2,48.3,0.0,96.6,40.9,55.7,completed,0.5766
O501733,C100495,2024-11-25,marketplace,electronics,3,153.89,0.0,461.67,379.19,82.48,completed,0.1787
O501733,C100495,2024-11-25,marketplace,apparel,1,49.0,4.9,44.1,23.77,20.33,completed,0.461
O501733,C100495,2024-11-25,marketplace,electronics,3,256.68,38.5,731.54,614.24,117.3,completed,0.1603
O501926,C100542,2024-11-25,marketplace,accessories,1,83.76,0.0,83.76,39.31,44.45,completed,0.5307
O501926,C100542,2024-11-25,marketplace,footwear,2,142.56,0.0,285.12,181.11,104.01,completed,0.3648
O501926,C100542,2024-11-25,marketplace,footwear,1,270.92,13.55,257.37,157.43,99.94,completed,0.3883
O502115,C100603,2024-11-25,mobile_app,electronics,1,230.97,11.55,219.42,175.95,43.47,completed,0.1981
O502115,C100603,2024-11-25,mobile_app,footwear,2,97.17,0.0,194.34,117.64,76.7,completed,0.3947
O502115,C100603,2024-11-25,mobile_app,accessories,1,46.05,4.6,41.45,18.91,22.54,completed,0.5438
O502134,C100609,2024-11-25,mobile_app,electronics,3,166.88,100.13,400.51,360.46,40.05,completed,0.1
O502134,C100609,2024-11-25,mobile_app,footwear,2,96.91,9.69,184.13,111.67,72.46,completed,0.3935
O502134,C100609,2024-11-25,mobile_app,home,1,84.48,8.45,76.03,49.65,26.38,completed,0.347
O502152,C100614,2024-11-25,mobile_app,accessories,1,91.0,18.2,72.8,34.85,37.95,completed,0.5213
O502152,C100614,2024-11-25,mobile_app,footwear,1,210.35,42.07,168.28,99.82,68.46,completed,0.4068
O502152,C100614,2024-11-25,mobile_app,electronics,3,478.1,71.72,1362.58,1139.82,222.76,completed,0.1635
O502328,C100650,2024-11-25,web,footwear,1,170.13,0.0,170.13,96.89,73.24,completed,0.4305
O502328,C100650,2024-11-25,web,beauty,3,39.47,5.92,112.49,52.5,59.99,completed,0.5333
O502328,C100650,2024-11-25,web,footwear,3,144.68,0.0,434.04,241.31,192.73,completed,0.444
O502843,C100804,2024-11-25,marketplace,apparel,2,51.25,0.0,102.5,57.88,44.62,completed,0.4353
O502843,C100804,2024-11-25,marketplace,beauty,2,24.58,4.92,44.24,20.13,24.11,completed,0.545
O502843,C100804,2024-11-25,marketplace,beauty,1,49.2,0.0,49.2,23.88,25.32,completed,0.5146
O502954,C100827,2024-11-25,mobile_app,footwear,2,115.54,23.11,207.97,129.27,78.7,completed,0.3784
O502954,C100827,2024-11-25,mobile_app,accessories,3,66.12,9.92,188.44,91.16,97.28,completed,0.5162
O502954,C100827,2024-11-25,mobile_app,beauty,2,41.2,12.36,70.04,33.36,36.68,completed,0.5237
O502992,C100840,2024-11-25,web,beauty,2,17.97,0.0,35.94,16.41,19.53,completed,0.5434
O502992,C100840,2024-11-25,web,apparel,3,45.91,13.77,123.96,69.55,54.41,completed,0.4389
O503097,C100861,2024-11-25,web,electronics,1,366.07,54.91,311.16,251.85,59.31,completed,0.1906
O503097,C100861,2024-11-25,web,beauty,2,59.39,0.0,118.78,57.38,61.4,completed,0.5169
O503097,C100861,2024-11-25,web,electronics,1,312.35,0.0,312.35,270.63,41.72,completed,0.1336
O503213,C100898,2024-11-25,marketplace,electronics,1,119.87,5.99,113.88,89.3,24.58,completed,0.2158
O503213,C100898,2024-11-25,marketplace,accessories,3,33.99,20.39,81.58,39.36,42.22,completed,0.5175
O500106,C100045,2024-11-26,web,apparel,1,51.55,0.0,51.55,29.42,22.13,completed,0.4293
O500177,C100062,2024-11-26,web,apparel,3,99.51,29.85,268.68,157.54,111.14,completed,0.4137
O500199,C100066,2024-11-26,retail_partner,apparel,3,73.65,0.0,220.95,116.78,104.17,completed,0.4715
O500199,C100066,2024-11-26,retail_partner,accessories,1,68.32,10.25,58.07,29.9,28.17,completed,0.4851
O500200,C100066,2024-11-26,mobile_app,beauty,2,56.5,11.3,101.7,48.46,53.24,completed,0.5235
O500459,C100150,2024-11-26,mobile_app,apparel,1,53.14,7.97,45.17,24.49,20.68,completed,0.4578
O500737,C100224,2024-11-26,web,home,3,101.71,15.26,289.87,169.03,120.84,completed,0.4169
O500737,C100224,2024-11-26,web,footwear,1,135.42,20.31,115.11,64.17,50.94,completed,0.4425
O500955,C100277,2024-11-26,marketplace,footwear,2,133.39,26.68,240.1,159.61,80.49,completed,0.3352
O501127,C100345,2024-11-26,retail_partner,electronics,2,209.32,62.8,355.84,299.7,56.14,completed,0.1578
O501127,C100345,2024-11-26,retail_partner,footwear,1,109.99,5.5,104.49,67.72,36.77,completed,0.3519
O501127,C100345,2024-11-26,retail_partner,home,3,93.97,42.29,239.62,146.54,93.08,completed,0.3884
O501357,C100410,2024-11-26,web,footwear,1,71.71,7.17,64.54,40.2,24.34,completed,0.3771
O501357,C100410,2024-11-26,web,home,3,71.23,0.0,213.69,127.08,86.61,completed,0.4053
O501357,C100410,2024-11-26,web,electronics,3,146.2,87.72,350.88,286.01,64.87,completed,0.1849
O501839,C100515,2024-11-26,web,electronics,2,222.01,0.0,444.02,355.57,88.45,completed,0.1992
O501839,C100515,2024-11-26,web,home,3,81.02,24.31,218.75,129.72,89.03,completed,0.407
O501839,C100515,2024-11-26,web,footwear,3,90.55,0.0,271.65,156.28,115.37,completed,0.4247
O501864,C100526,2024-11-26,retail_partner,home,2,73.81,29.52,118.1,63.42,54.68,completed,0.463
O501864,C100526,2024-11-26,retail_partner,home,1,111.08,16.66,94.42,56.12,38.3,completed,0.4056
O502153,C100614,2024-11-26,mobile_app,electronics,2,306.81,61.36,552.26,454.25,98.01,completed,0.1775
O502577,C100735,2024-11-26,web,apparel,2,43.37,13.01,73.73,40.92,32.81,completed,0.445
O502759,C100786,2024-11-26,mobile_app,electronics,2,207.55,41.51,373.59,302.15,71.44,completed,0.1912
O502829,C100801,2024-11-26,web,home,1,196.35,0.0,196.35,119.9,76.45,completed,0.3894
O503184,C100885,2024-11-26,marketplace,home,2,78.13,23.44,132.82,84.92,47.9,completed,0.3606
O503184,C100885,2024-11-26,marketplace,home,3,53.49,0.0,160.47,111.01,49.46,completed,0.3082
O500283,C100089,2024-11-27,retail_partner,footwear,2,63.71,25.48,101.94,62.15,39.79,completed,0.3903
O500317,C100104,2024-11-27,marketplace,footwear,2,69.53,0.0,139.06,83.27,55.79,completed,0.4012
O500397,C100132,2024-11-27,web,beauty,2,43.44,13.03,73.85,39.86,33.99,completed,0.4603
O500651,C100199,2024-11-27,retail_partner,footwear,1,193.34,9.67,183.67,116.9,66.77,completed,0.3635
O500651,C100199,2024-11-27,retail_partner,footwear,1,158.49,0.0,158.49,95.57,62.92,completed,0.397
O500651,C100199,2024-11-27,retail_partner,footwear,3,145.77,43.73,393.58,216.25,177.33,completed,0.4506
O500652,C100199,2024-11-27,web,home,3,93.46,28.04,252.34,149.8,102.54,completed,0.4064
O500652,C100199,2024-11-27,web,apparel,3,99.38,44.72,253.42,150.25,103.17,completed,0.4071
O500652,C100199,2024-11-27,web,beauty,1,68.08,0.0,68.08,30.28,37.8,completed,0.5552
O500708,C100212,2024-11-27,marketplace,accessories,2,47.78,4.78,90.78,44.29,46.49,completed,0.5121
O500708,C100212,2024-11-27,marketplace,home,1,65.36,9.8,55.56,37.59,17.97,completed,0.3234
O500708,C100212,2024-11-27,marketplace,electronics,1,185.53,0.0,185.53,159.3,26.23,completed,0.1414
O500956,C100277,2024-11-27,web,apparel,3,70.3,21.09,189.81,109.91,79.9,completed,0.4209
O500956,C100277,2024-11-27,web,footwear,3,160.01,0.0,480.03,316.78,163.25,completed,0.3401
O500964,C100279,2024-11-27,mobile_app,beauty,1,43.57,0.0,43.57,20.52,23.05,completed,0.529
O501051,C100308,2024-11-27,web,apparel,2,26.37,5.27,47.47,26.49,20.98,completed,0.442
O501051,C100308,2024-11-27,web,electronics,2,113.07,45.23,180.91,140.08,40.83,completed,0.2257
O501051,C100308,2024-11-27,web,beauty,2,26.38,5.28,47.48,23.0,24.48,completed,0.5156
O501122,C100342,2024-11-27,marketplace,beauty,3,22.97,0.0,68.91,35.08,33.83,completed,0.4909
O501122,C100342,2024-11-27,marketplace,beauty,1,29.96,3.0,26.96,12.83,14.13,completed,0.5241
O501247,C100383,2024-11-27,retail_partner,electronics,2,175.45,70.18,280.72,224.92,55.8,completed,0.1988
O501247,C100383,2024-11-27,retail_partner,beauty,3,36.68,5.5,104.54,47.57,56.97,completed,0.545
O501336,C100403,2024-11-27,mobile_app,home,3,98.15,0.0,294.45,182.98,111.47,completed,0.3786
O501424,C100426,2024-11-27,marketplace,beauty,3,38.12,22.87,91.49,46.46,45.03,completed,0.4922
O501927,C100542,2024-11-27,retail_partner,beauty,3,57.29,25.78,146.09,69.36,76.73,completed,0.5252
O502282,C100641,2024-11-27,web,home,1,145.33,29.07,116.26,71.54,44.72,completed,0.3847
O502282,C100641,2024-11-27,web,electronics,2,332.05,99.61,564.49,454.81,109.68,completed,0.1943
O502282,C100641,2024-11-27,web,home,3,96.83,58.1,232.39,137.83,94.56,completed,0.4069
O502934,C100824,2024-11-27,marketplace,accessories,2,68.25,13.65,122.85,57.6,65.25,completed,0.5311
O502934,C100824,2024-11-27,marketplace,electronics,2,441.81,176.72,706.9,553.11,153.79,completed,0.2176
O502934,C100824,2024-11-27,marketplace,accessories,1,85.05,12.76,72.29,34.89,37.4,completed,0.5174
O503066,C100854,2024-11-27,web,apparel,1,75.58,0.0,75.58,41.66,33.92,completed,0.4488
O503066,C100854,2024-11-27,web,beauty,3,51.13,15.34,138.05,68.11,69.94,completed,0.5066
O503066,C100854,2024-11-27,web,electronics,3,293.29,87.99,791.88,700.16,91.72,completed,0.1158
O500493,C100155,2024-11-28,web,home,3,126.99,0.0,380.97,243.77,137.2,completed,0.3601
O500493,C100155,2024-11-28,web,footwear,3,158.85,47.66,428.89,276.45,152.44,completed,0.3554
O500560,C100175,2024-11-28,marketplace,footwear,3,116.72,52.52,297.64,186.4,111.24,completed,0.3737
O500595,C100183,2024-11-28,mobile_app,home,2,49.2,9.84,88.56,51.28,37.28,completed,0.421
O500595,C100183,2024-11-28,mobile_app,apparel,2,45.9,4.59,87.21,44.93,42.28,completed,0.4848
O501206,C100364,2024-11-28,web,accessories,1,50.75,0.0,50.75,26.07,24.68,completed,0.4863
O501321,C100402,2024-11-28,mobile_app,footwear,1,80.1,0.0,80.1,46.37,33.73,completed,0.4211
O501321,C100402,2024-11-28,mobile_app,footwear,1,92.59,9.26,83.33,48.26,35.07,completed,0.4209
O502610,C100745,2024-11-28,mobile_app,beauty,1,73.33,7.33,66.0,29.11,36.89,completed,0.5589
O502610,C100745,2024-11-28,mobile_app,electronics,1,383.3,0.0,383.3,299.3,84.0,completed,0.2191
O502617,C100747,2024-11-28,mobile_app,electronics,1,160.07,8.0,152.07,119.77,32.3,completed,0.2124
O502653,C100761,2024-11-28,mobile_app,electronics,3,480.79,144.24,1298.13,1046.97,251.16,completed,0.1935
O502653,C100761,2024-11-28,mobile_app,electronics,2,496.31,198.52,794.1,666.49,127.61,completed,0.1607
O503098,C100861,2024-11-28,retail_partner,accessories,1,64.37,6.44,57.93,27.02,30.91,completed,0.5336
O500178,C100062,2024-11-29,marketplace,footwear,3,157.4,0.0,472.2,280.75,191.45,completed,0.4054
O500178,C100062,2024-11-29,marketplace,home,2,143.37,0.0,286.74,168.56,118.18,completed,0.4122
O500653,C100199,2024-11-29,mobile_app,accessories,3,81.73,0.0,245.19,128.39,116.8,completed,0.4764
O500653,C100199,2024-11-29,mobile_app,apparel,3,92.16,0.0,276.48,156.07,120.41,completed,0.4355
O500653,C100199,2024-11-29,mobile_app,apparel,1,98.48,0.0,98.48,54.72,43.76,completed,0.4444
O500788,C100237,2024-11-29,mobile_app,apparel,2,72.46,7.25,137.67,74.81,62.86,completed,0.4566
O500788,C100237,2024-11-29,mobile_app,accessories,2,74.94,7.49,142.39,69.3,73.09,completed,0.5133
O500924,C100273,2024-11-29,mobile_app,home,3,131.8,39.54,355.86,236.4,119.46,completed,0.3357
O500924,C100273,2024-11-29,mobile_app,accessories,3,69.48,0.0,208.44,100.66,107.78,completed,0.5171
O500924,C100273,2024-11-29,mobile_app,apparel,1,62.92,12.58,50.34,27.53,22.81,completed,0.4531
O500933,C100274,2024-11-29,web,beauty,3,61.72,0.0,185.16,96.14,89.02,completed,0.4808
O500965,C100279,2024-11-29,web,home,1,190.46,28.57,161.89,105.86,56.03,completed,0.3461
O501442,C100428,2024-11-29,mobile_app,apparel,1,60.33,0.0,60.33,33.12,27.21,completed,0.451
O501442,C100428,2024-11-29,mobile_app,apparel,3,52.5,31.5,126.0,70.77,55.23,completed,0.4383
O502266,C100639,2024-11-29,web,beauty,2,58.84,0.0,117.68,57.66,60.02,completed,0.51
O502266,C100639,2024-11-29,web,footwear,3,162.62,48.79,439.07,237.41,201.66,completed,0.4593
O502266,C100639,2024-11-29,web,electronics,1,307.78,30.78,277.0,238.1,38.9,completed,0.1404
O502362,C100663,2024-11-29,web,electronics,1,223.97,0.0,223.97,204.52,19.45,completed,0.0868
O502362,C100663,2024-11-29,web,electronics,1,194.9,0.0,194.9,139.78,55.12,completed,0.2828
O502362,C100663,2024-11-29,web,beauty,3,19.1,0.0,57.3,28.39,28.91,completed,0.5045
O502515,C100717,2024-11-29,web,footwear,2,117.65,35.3,200.0,123.75,76.25,completed,0.3812
O502515,C100717,2024-11-29,web,home,1,118.88,23.78,95.1,55.8,39.3,completed,0.4132
O502515,C100717,2024-11-29,web,apparel,3,68.06,0.0,204.18,111.91,92.27,completed,0.4519
O502993,C100840,2024-11-29,web,footwear,2,100.69,30.21,171.17,102.6,68.57,completed,0.4006
O500313,C100102,2024-11-30,web,apparel,3,57.42,17.23,155.03,93.11,61.92,completed,0.3994
O500313,C100102,2024-11-30,web,footwear,3,108.67,0.0,326.01,193.29,132.72,completed,0.4071
O500313,C100102,2024-11-30,web,accessories,3,36.58,0.0,109.74,54.67,55.07,completed,0.5018
O500326,C100108,2024-11-30,mobile_app,apparel,1,41.66,6.25,35.41,18.64,16.77,completed,0.4736
O500326,C100108,2024-11-30,mobile_app,electronics,3,249.75,37.46,711.79,620.3,91.49,completed,0.1285
O500966,C100279,2024-11-30,web,footwear,3,152.42,22.86,434.4,257.99,176.41,completed,0.4061
O500966,C100279,2024-11-30,web,electronics,3,290.02,0.0,870.06,713.45,156.61,completed,0.18
O500966,C100279,2024-11-30,web,accessories,3,58.94,26.52,150.3,75.42,74.88,completed,0.4982
O500967,C100279,2024-11-30,marketplace,apparel,3,80.77,24.23,218.08,130.41,87.67,completed,0.402
O500967,C100279,2024-11-30,marketplace,apparel,3,109.8,49.41,279.99,144.68,135.31,completed,0.4833
O501020,C100295,2024-11-30,mobile_app,apparel,2,48.57,4.86,92.28,44.94,47.34,completed,0.513
O501020,C100295,2024-11-30,mobile_app,footwear,1,99.14,9.91,89.23,55.9,33.33,completed,0.3735
O501201,C100362,2024-11-30,web,home,3,118.3,0.0,354.9,206.05,148.85,completed,0.4194
O501921,C100541,2024-11-30,web,home,2,86.38,0.0,172.76,108.92,63.84,completed,0.3695
O501921,C100541,2024-11-30,web,electronics,3,189.6,28.44,540.36,449.37,90.99,completed,0.1684
O501921,C100541,2024-11-30,web,footwear,2,66.22,6.62,125.82,74.06,51.76,completed,0.4114
O501964,C100549,2024-11-30,mobile_app,footwear,3,146.19,0.0,438.57,250.46,188.11,completed,0.4289
O502182,C100618,2024-11-30,marketplace,footwear,2,175.06,0.0,350.12,202.56,147.56,completed,0.4215
O502182,C100618,2024-11-30,marketplace,electronics,2,350.46,70.09,630.83,519.87,110.96,completed,0.1759
O502182,C100618,2024-11-30,marketplace,footwear,1,189.83,18.98,170.85,101.34,69.51,completed,0.4068
O502454,C100700,2024-11-30,web,apparel,1,47.76,0.0,47.76,25.82,21.94,completed,0.4594
O502454,C100700,2024-11-30,web,apparel,3,36.69,0.0,110.07,62.06,48.01,completed,0.4362
O502454,C100700,2024-11-30,web,footwear,1,86.26,4.31,81.95,55.63,26.32,completed,0.3212
O502834,C100803,2024-11-30,mobile_app,electronics,2,218.59,0.0,437.18,336.53,100.65,completed,0.2302
O502834,C100803,2024-11-30,mobile_app,beauty,1,30.92,0.0,30.92,15.97,14.95,completed,0.4835
O502834,C100803,2024-11-30,mobile_app,electronics,3,274.08,164.45,657.79,478.59,179.2,completed,0.2724
O503076,C100857,2024-11-30,marketplace,accessories,3,43.5,0.0,130.5,62.04,68.46,completed,0.5246
O503076,C100857,2024-11-30,marketplace,accessories,2,39.38,0.0,78.76,41.54,37.22,completed,0.4726
O503122,C100870,2024-11-30,retail_partner,footwear,3,78.33,47.0,187.99,95.02,92.97,completed,0.4945
O503123,C100870,2024-11-30,mobile_app,home,1,47.6,0.0,47.6,32.4,15.2,completed,0.3193
O503123,C100870,2024-11-30,mobile_app,accessories,1,31.79,6.36,25.43,11.46,13.97,completed,0.5494
O503123,C100870,2024-11-30,mobile_app,beauty,1,17.89,0.89,17.0,8.43,8.57,completed,0.5041
O500045,C100016,2024-12-01,web,accessories,3,44.43,0.0,133.29,66.24,67.05,completed,0.503
O500045,C100016,2024-12-01,web,footwear,3,219.25,0.0,657.75,405.48,252.27,completed,0.3835
O500333,C100110,2024-12-01,mobile_app,accessories,3,27.21,0.0,81.63,40.14,41.49,completed,0.5083
O500333,C100110,2024-12-01,mobile_app,accessories,2,34.59,10.38,58.8,30.85,27.95,completed,0.4753
O500392,C100129,2024-12-01,web,apparel,3,47.89,0.0,143.67,72.93,70.74,completed,0.4924
O500515,C100160,2024-12-01,mobile_app,footwear,1,140.03,0.0,140.03,78.41,61.62,completed,0.44
O500515,C100160,2024-12-01,mobile_app,beauty,3,49.16,0.0,147.48,69.65,77.83,completed,0.5277
O500515,C100160,2024-12-01,mobile_app,accessories,2,83.85,16.77,150.93,77.55,73.38,completed,0.4862
O500895,C100270,2024-12-01,marketplace,accessories,3,44.0,0.0,132.0,67.26,64.74,completed,0.4905
O500895,C100270,2024-12-01,marketplace,accessories,2,51.84,15.55,88.13,45.83,42.3,completed,0.48
O500984,C100283,2024-12-01,mobile_app,footwear,3,86.81,52.09,208.34,134.64,73.7,completed,0.3537
O500984,C100283,2024-12-01,mobile_app,home,2,25.74,0.0,51.48,35.78,15.7,completed,0.305
O500984,C100283,2024-12-01,mobile_app,beauty,2,34.42,3.44,65.4,32.12,33.28,completed,0.5089
O502007,C100570,2024-12-01,marketplace,electronics,3,172.9,0.0,518.7,416.88,101.82,completed,0.1963
O502081,C100593,2024-12-01,mobile_app,home,3,63.39,9.51,180.66,117.5,63.16,completed,0.3496
O502081,C100593,2024-12-01,mobile_app,apparel,2,62.64,0.0,125.28,72.69,52.59,completed,0.4198
O502081,C100593,2024-12-01,mobile_app,home,3,47.12,28.27,113.09,67.58,45.51,completed,0.4024
O502183,C100618,2024-12-01,web,beauty,1,48.65,2.43,46.22,22.77,23.45,completed,0.5074
O502183,C100618,2024-12-01,web,electronics,2,401.13,0.0,802.26,675.31,126.95,completed,0.1582
O502361,C100662,2024-12-01,web,electronics,3,182.9,109.74,438.96,334.48,104.48,completed,0.238
O502361,C100662,2024-12-01,web,accessories,2,48.98,14.69,83.27,41.7,41.57,completed,0.4992
O502408,C100682,2024-12-01,retail_partner,home,3,45.87,20.64,116.97,77.89,39.08,completed,0.3341
O502408,C100682,2024-12-01,retail_partner,footwear,3,107.25,32.18,289.57,175.04,114.53,completed,0.3955
O502548,C100726,2024-12-01,marketplace,apparel,2,42.12,12.64,71.6,39.87,31.73,completed,0.4432
O502548,C100726,2024-12-01,marketplace,electronics,3,152.51,0.0,457.53,355.57,101.96,completed,0.2228
O502548,C100726,2024-12-01,marketplace,apparel,3,57.02,0.0,171.06,87.34,83.72,completed,0.4894
O503099,C100861,2024-12-01,mobile_app,electronics,3,359.93,215.96,863.83,685.89,177.94,completed,0.206
O503099,C100861,2024-12-01,mobile_app,electronics,2,325.01,0.0,650.02,534.45,115.57,completed,0.1778
O503174,C100880,2024-12-01,web,apparel,3,77.38,46.43,185.71,98.43,87.28,completed,0.47
O500398,C100132,2024-12-02,marketplace,footwear,2,105.64,0.0,211.28,135.27,76.01,completed,0.3598
O500398,C100132,2024-12-02,marketplace,footwear,1,92.4,9.24,83.16,52.05,31.11,completed,0.3741
O500398,C100132,2024-12-02,marketplace,beauty,3,20.99,12.59,50.38,24.93,25.45,completed,0.5052
O500676,C100201,2024-12-02,mobile_app,footwear,3,157.1,0.0,471.3,285.95,185.35,completed,0.3933
O500913,C100271,2024-12-02,web,apparel,3,68.29,0.0,204.87,108.36,96.51,completed,0.4711
O500913,C100271,2024-12-02,web,apparel,3,100.02,0.0,300.06,173.66,126.4,completed,0.4212
O500944,C100275,2024-12-02,mobile_app,home,3,133.34,0.0,400.02,246.5,153.52,completed,0.3838
O500968,C100279,2024-12-02,mobile_app,home,3,155.18,46.55,418.99,269.3,149.69,completed,0.3573
O500968,C100279,2024-12-02,mobile_app,electronics,1,326.55,16.33,310.22,276.96,33.26,completed,0.1072
O500968,C100279,2024-12-02,mobile_app,beauty,2,55.04,0.0,110.08,51.75,58.33,completed,0.5299
O501052,C100308,2024-12-02,web,footwear,2,83.37,8.34,158.4,89.35,69.05,completed,0.4359
O501052,C100308,2024-12-02,web,footwear,2,94.35,18.87,169.83,97.84,71.99,completed,0.4239
O501052,C100308,2024-12-02,web,accessories,1,28.17,0.0,28.17,13.62,14.55,completed,0.5165
O501130,C100346,2024-12-02,mobile_app,beauty,3,19.27,2.89,54.92,25.62,29.3,completed,0.5335
O501130,C100346,2024-12-02,mobile_app,electronics,2,149.59,0.0,299.18,251.83,47.35,completed,0.1583
O501503,C100441,2024-12-02,web,home,1,135.98,13.6,122.38,70.93,51.45,completed,0.4204
O501902,C100537,2024-12-02,web,beauty,2,31.96,3.2,60.72,29.18,31.54,completed,0.5194
O502225,C100633,2024-12-02,marketplace,beauty,1,34.52,1.73,32.79,14.87,17.92,completed,0.5465
O502225,C100633,2024-12-02,marketplace,footwear,1,105.68,0.0,105.68,59.9,45.78,completed,0.4332
O502629,C100750,2024-12-02,mobile_app,home,3,119.33,53.7,304.29,192.06,112.23,completed,0.3688
O502806,C100799,2024-12-02,retail_partner,footwear,2,219.81,43.96,395.66,236.21,159.45,completed,0.403
O502888,C100814,2024-12-02,marketplace,home,3,94.65,28.4,255.55,166.45,89.1,completed,0.3487
O502888,C100814,2024-12-02,marketplace,footwear,2,169.26,0.0,338.52,208.05,130.47,completed,0.3854
O502978,C100835,2024-12-02,retail_partner,home,2,81.83,0.0,163.66,100.84,62.82,completed,0.3838
O500052,C100020,2024-12-03,web,footwear,3,58.67,0.0,176.01,109.17,66.84,completed,0.3798
O500089,C100040,2024-12-03,web,apparel,3,55.04,8.26,156.86,89.24,67.62,completed,0.4311
O500089,C100040,2024-12-03,web,footwear,3,70.5,31.72,179.78,106.71,73.07,completed,0.4064
O500089,C100040,2024-12-03,web,footwear,3,66.22,19.87,178.79,106.8,71.99,completed,0.4027
O500789,C100237,2024-12-03,mobile_app,footwear,3,178.66,0.0,535.98,291.45,244.53,completed,0.4562
O500790,C100237,2024-12-03,mobile_app,apparel,1,120.47,24.09,96.38,54.88,41.5,completed,0.4306
O501011,C100292,2024-12-03,web,electronics,3,217.83,98.02,555.47,429.19,126.28,completed,0.2273
O501011,C100292,2024-12-03,web,footwear,3,87.84,0.0,263.52,148.49,115.03,completed,0.4365
O501668,C100478,2024-12-03,web,footwear,2,91.66,0.0,183.32,113.61,69.71,completed,0.3803
O502154,C100614,2024-12-03,retail_partner,apparel,3,92.64,0.0,277.92,167.7,110.22,completed,0.3966
O502154,C100614,2024-12-03,retail_partner,beauty,2,29.54,5.91,53.17,25.86,27.31,completed,0.5136
O502226,C100633,2024-12-03,mobile_app,accessories,3,36.25,0.0,108.75,54.59,54.16,completed,0.498
O502226,C100633,2024-12-03,mobile_app,accessories,2,56.49,0.0,112.98,54.8,58.18,completed,0.515
O502226,C100633,2024-12-03,mobile_app,accessories,1,66.21,0.0,66.21,34.33,31.88,completed,0.4815
O502654,C100761,2024-12-03,web,home,3,116.36,52.36,296.72,190.2,106.52,completed,0.359
O502654,C100761,2024-12-03,web,apparel,1,96.38,0.0,96.38,50.21,46.17,completed,0.479
O502654,C100761,2024-12-03,web,apparel,3,99.5,14.93,283.57,158.54,125.03,completed,0.4409
O502973,C100832,2024-12-03,web,home,1,76.08,7.61,68.47,41.15,27.32,completed,0.399
O502973,C100832,2024-12-03,web,home,1,88.92,17.78,71.14,48.43,22.71,completed,0.3192
O503009,C100845,2024-12-03,marketplace,footwear,1,103.89,10.39,93.5,54.09,39.41,completed,0.4215
O500067,C100031,2024-12-04,web,accessories,3,58.43,26.29,149.0,71.72,77.28,completed,0.5187
O500387,C100128,2024-12-04,mobile_app,accessories,2,60.51,24.2,96.82,49.79,47.03,completed,0.4857
O500387,C100128,2024-12-04,mobile_app,beauty,2,65.56,0.0,131.12,65.77,65.35,completed,0.4984
O500387,C100128,2024-12-04,mobile_app,home,1,123.46,12.35,111.11,65.23,45.88,completed,0.4129
O500561,C100175,2024-12-04,mobile_app,electronics,1,186.45,0.0,186.45,159.29,27.16,completed,0.1457
O500561,C100175,2024-12-04,mobile_app,apparel,1,42.34,4.23,38.11,19.19,18.92,completed,0.4965
O500561,C100175,2024-12-04,mobile_app,electronics,3,193.54,0.0,580.62,505.62,75.0,completed,0.1292
O500570,C100178,2024-12-04,web,electronics,3,123.06,18.46,350.72,313.34,37.38,completed,0.1066
O500570,C100178,2024-12-04,web,beauty,1,25.14,0.0,25.14,11.77,13.37,completed,0.5318
O500700,C100209,2024-12-04,mobile_app,footwear,1,86.13,0.0,86.13,49.64,36.49,completed,0.4237
O500957,C100277,2024-12-04,marketplace,beauty,3,44.57,13.37,120.34,60.82,59.52,completed,0.4946
O501068,C100317,2024-12-04,mobile_app,footwear,1,100.46,5.02,95.44,56.79,38.65,completed,0.405
O501068,C100317,2024-12-04,mobile_app,apparel,1,53.3,7.99,45.31,24.39,20.92,completed,0.4617
O501157,C100357,2024-12-04,marketplace,accessories,2,24.8,0.0,49.6,26.63,22.97,completed,0.4631
O501603,C100464,2024-12-04,mobile_app,beauty,3,57.43,0.0,172.29,90.36,81.93,completed,0.4755
O501603,C100464,2024-12-04,mobile_app,accessories,1,81.67,4.08,77.59,41.24,36.35,completed,0.4685
O501603,C100464,2024-12-04,mobile_app,footwear,3,127.06,57.18,324.0,197.56,126.44,completed,0.3902
O501646,C100475,2024-12-04,web,beauty,2,39.34,0.0,78.68,38.47,40.21,completed,0.5111
O501646,C100475,2024-12-04,web,beauty,1,25.31,0.0,25.31,12.15,13.16,completed,0.52
O501724,C100494,2024-12-04,web,accessories,1,58.09,0.0,58.09,28.88,29.21,completed,0.5028
O501872,C100528,2024-12-04,mobile_app,apparel,2,36.3,14.52,58.08,30.7,27.38,completed,0.4714
O502106,C100597,2024-12-04,web,electronics,2,205.86,82.34,329.38,281.61,47.77,completed,0.145
O502106,C100597,2024-12-04,web,home,1,101.98,20.4,81.58,51.27,30.31,completed,0.3715
O502106,C100597,2024-12-04,web,electronics,3,249.55,0.0,748.65,582.57,166.08,completed,0.2218
O502310,C100649,2024-12-04,web,footwear,2,171.39,0.0,342.78,212.57,130.21,completed,0.3799
O502347,C100655,2024-12-04,mobile_app,footwear,3,182.78,109.67,438.67,249.63,189.04,completed,0.4309
O502449,C100699,2024-12-04,marketplace,electronics,1,133.52,0.0,133.52,104.96,28.56,completed,0.2139
O502761,C100787,2024-12-04,web,footwear,1,178.81,0.0,178.81,111.65,67.16,completed,0.3756
O503067,C100854,2024-12-04,web,footwear,1,165.45,16.54,148.91,94.16,54.75,completed,0.3677
O500265,C100081,2024-12-05,mobile_app,footwear,2,76.0,0.0,152.0,92.38,59.62,completed,0.3922
O500265,C100081,2024-12-05,mobile_app,home,2,68.73,13.75,123.71,77.95,45.76,completed,0.3699
O500287,C100091,2024-12-05,web,apparel,3,46.81,28.09,112.34,57.16,55.18,completed,0.4912
O501018,C100294,2024-12-05,marketplace,footwear,1,53.92,8.09,45.83,26.35,19.48,completed,0.425
O501018,C100294,2024-12-05,marketplace,home,1,107.78,0.0,107.78,64.0,43.78,completed,0.4062
O501018,C100294,2024-12-05,marketplace,beauty,1,22.46,3.37,19.09,9.28,9.81,completed,0.5139
O501207,C100364,2024-12-05,web,beauty,1,43.0,8.6,34.4,15.35,19.05,completed,0.5538
O501207,C100364,2024-12-05,web,apparel,1,39.04,0.0,39.04,21.49,17.55,completed,0.4495
O502052,C100580,2024-12-05,retail_partner,home,2,154.47,0.0,308.94,186.03,122.91,completed,0.3978
O502052,C100580,2024-12-05,retail_partner,footwear,1,151.76,7.59,144.17,83.22,60.95,completed,0.4228
O502830,C100801,2024-12-05,marketplace,home,2,142.45,0.0,284.9,171.21,113.69,completed,0.3991
O503004,C100844,2024-12-05,web,home,1,60.09,0.0,60.09,39.48,20.61,completed,0.343
O503004,C100844,2024-12-05,web,apparel,1,29.77,0.0,29.77,16.98,12.79,completed,0.4296
O503085,C100860,2024-12-05,marketplace,home,1,79.96,8.0,71.96,41.84,30.12,completed,0.4186
O503085,C100860,2024-12-05,marketplace,accessories,3,44.47,13.34,120.07,60.31,59.76,completed,0.4977
O500201,C100066,2024-12-06,web,electronics,1,285.35,14.27,271.08,227.23,43.85,completed,0.1618
O500201,C100066,2024-12-06,web,electronics,1,373.75,0.0,373.75,307.18,66.57,completed,0.1781
O500694,C100207,2024-12-06,web,accessories,2,51.26,0.0,102.52,51.72,50.8,completed,0.4955
O500969,C100279,2024-12-06,mobile_app,electronics,2,382.97,0.0,765.94,651.13,114.81,completed,0.1499
O500969,C100279,2024-12-06,mobile_app,accessories,2,48.77,0.0,97.54,44.51,53.03,completed,0.5437
O501384,C100422,2024-12-06,web,footwear,3,161.52,96.91,387.65,248.03,139.62,completed,0.3602
O501615,C100468,2024-12-06,mobile_app,home,1,62.46,6.25,56.21,34.18,22.03,completed,0.3919
O501615,C100468,2024-12-06,mobile_app,beauty,1,23.42,0.0,23.42,10.27,13.15,completed,0.5615
O501641,C100474,2024-12-06,web,accessories,1,81.56,0.0,81.56,39.4,42.16,completed,0.5169
O501641,C100474,2024-12-06,web,electronics,1,305.02,15.25,289.77,238.56,51.21,completed,0.1767
O501641,C100474,2024-12-06,web,electronics,3,286.34,0.0,859.02,635.51,223.51,completed,0.2602
O501760,C100501,2024-12-06,marketplace,apparel,3,51.98,0.0,155.94,90.12,65.82,completed,0.4221
O501760,C100501,2024-12-06,marketplace,home,3,86.85,0.0,260.55,164.93,95.62,completed,0.367
O501875,C100529,2024-12-06,marketplace,electronics,1,115.46,5.77,109.69,95.55,14.14,completed,0.1289
O501875,C100529,2024-12-06,marketplace,footwear,3,74.01,11.1,210.93,106.92,104.01,completed,0.4931
O502086,C100594,2024-12-06,mobile_app,beauty,3,20.62,3.09,58.77,30.05,28.72,completed,0.4887
O502086,C100594,2024-12-06,mobile_app,beauty,3,45.94,27.56,110.26,49.43,60.83,completed,0.5517
O502086,C100594,2024-12-06,mobile_app,footwear,2,73.68,0.0,147.36,91.13,56.23,completed,0.3816
O502155,C100614,2024-12-06,marketplace,footwear,1,184.1,18.41,165.69,98.33,67.36,completed,0.4065
O502155,C100614,2024-12-06,marketplace,electronics,2,282.62,113.05,452.19,388.75,63.44,completed,0.1403
O500305,C100100,2024-12-07,mobile_app,home,3,89.71,0.0,269.13,170.42,98.71,completed,0.3668
O500415,C100138,2024-12-07,web,footwear,1,68.27,6.83,61.44,37.73,23.71,completed,0.3859
O500415,C100138,2024-12-07,web,accessories,2,42.31,4.23,80.39,40.23,40.16,completed,0.4996
O500415,C100138,2024-12-07,web,home,2,66.13,0.0,132.26,74.99,57.27,completed,0.433
O501289,C100394,2024-12-07,retail_partner,beauty,3,31.36,18.82,75.26,34.91,40.35,completed,0.5361
O501289,C100394,2024-12-07,retail_partner,home,2,93.43,0.0,186.86,109.32,77.54,completed,0.415
O501289,C100394,2024-12-07,retail_partner,accessories,1,52.65,0.0,52.65,24.36,28.29,completed,0.5373
O501363,C100412,2024-12-07,mobile_app,accessories,3,27.29,8.19,73.68,32.31,41.37,completed,0.5615
O501363,C100412,2024-12-07,mobile_app,beauty,2,28.74,0.0,57.48,28.78,28.7,completed,0.4993
O501363,C100412,2024-12-07,mobile_app,accessories,2,37.54,11.26,63.82,31.5,32.32,completed,0.5064
O501409,C100424,2024-12-07,web,electronics,2,275.78,0.0,551.56,452.54,99.02,completed,0.1795
O501409,C100424,2024-12-07,web,electronics,2,453.18,0.0,906.36,725.17,181.19,completed,0.1999
O501862,C100525,2024-12-07,mobile_app,accessories,1,46.8,0.0,46.8,23.46,23.34,completed,0.4987
O501915,C100540,2024-12-07,mobile_app,accessories,2,114.41,0.0,228.82,120.54,108.28,completed,0.4732
O501922,C100541,2024-12-07,web,accessories,2,59.19,17.76,100.62,51.95,48.67,completed,0.4837
O501922,C100541,2024-12-07,web,footwear,1,147.37,0.0,147.37,86.6,60.77,completed,0.4124
O501922,C100541,2024-12-07,web,footwear,2,113.68,45.47,181.89,103.79,78.1,completed,0.4294
O501992,C100563,2024-12-07,marketplace,apparel,2,46.67,4.67,88.67,49.8,38.87,completed,0.4384
O501992,C100563,2024-12-07,marketplace,footwear,1,75.53,15.11,60.42,34.15,26.27,completed,0.4348
O502201,C100624,2024-12-07,marketplace,home,3,81.33,12.2,231.79,148.98,82.81,completed,0.3573
O502201,C100624,2024-12-07,marketplace,beauty,3,19.26,0.0,57.78,29.25,28.53,completed,0.4938
O502201,C100624,2024-12-07,marketplace,apparel,1,63.29,0.0,63.29,31.63,31.66,completed,0.5002
O502210,C100628,2024-12-07,web,apparel,3,55.15,33.09,132.36,70.77,61.59,completed,0.4653
O502294,C100645,2024-12-07,marketplace,accessories,1,35.88,1.79,34.09,15.88,18.21,completed,0.5342
O502630,C100750,2024-12-07,web,electronics,1,260.87,39.13,221.74,177.91,43.83,completed,0.1977
O502630,C100750,2024-12-07,web,home,2,100.57,10.06,191.08,120.52,70.56,completed,0.3693
O502935,C100824,2024-12-07,web,electronics,3,393.31,59.0,1120.93,935.91,185.02,completed,0.1651
O503171,C100879,2024-12-07,web,electronics,2,357.88,0.0,715.76,626.48,89.28,completed,0.1247
O500224,C100069,2024-12-08,web,home,1,51.87,0.0,51.87,35.04,16.83,completed,0.3245
O500388,C100128,2024-12-08,mobile_app,footwear,1,178.98,0.0,178.98,115.32,63.66,completed,0.3557
O500388,C100128,2024-12-08,mobile_app,footwear,2,182.92,0.0,365.84,214.25,151.59,completed,0.4144
O500388,C100128,2024-12-08,mobile_app,footwear,2,139.08,13.91,264.25,160.68,103.57,completed,0.3919
O500402,C100133,2024-12-08,mobile_app,accessories,1,44.13,8.83,35.3,16.54,18.76,completed,0.5314
O500402,C100133,2024-12-08,mobile_app,apparel,2,56.23,0.0,112.46,63.31,49.15,completed,0.437
O500402,C100133,2024-12-08,mobile_app,footwear,2,80.53,0.0,161.06,93.34,67.72,completed,0.4205
O500519,C100162,2024-12-08,mobile_app,apparel,2,37.78,11.33,64.23,39.63,24.6,completed,0.383
O500519,C100162,2024-12-08,mobile_app,apparel,1,49.31,0.0,49.31,29.52,19.79,completed,0.4013
O500519,C100162,2024-12-08,mobile_app,home,3,42.62,12.79,115.07,69.92,45.15,completed,0.3924
O500654,C100199,2024-12-08,web,electronics,2,244.83,97.93,391.73,325.66,66.07,completed,0.1687
O500654,C100199,2024-12-08,web,apparel,1,78.82,0.0,78.82,44.99,33.83,completed,0.4292
O500655,C100199,2024-12-08,web,footwear,1,164.19,0.0,164.19,93.7,70.49,completed,0.4293
O500655,C100199,2024-12-08,web,footwear,1,185.54,37.11,148.43,90.72,57.71,completed,0.3888
O500677,C100201,2024-12-08,web,electronics,3,263.96,79.19,712.69,589.86,122.83,completed,0.1723
O500677,C100201,2024-12-08,web,apparel,1,84.77,16.95,67.82,36.32,31.5,completed,0.4645
O500791,C100237,2024-12-08,mobile_app,beauty,1,45.01,0.0,45.01,20.72,24.29,completed,0.5397
O500970,C100279,2024-12-08,web,electronics,1,390.08,0.0,390.08,288.77,101.31,completed,0.2597
O500970,C100279,2024-12-08,web,apparel,1,83.49,0.0,83.49,46.72,36.77,completed,0.4404
O500971,C100279,2024-12-08,web,apparel,1,86.81,4.34,82.47,40.96,41.51,completed,0.5033
O500971,C100279,2024-12-08,web,footwear,1,180.28,27.04,153.24,97.34,55.9,completed,0.3648
O501126,C100344,2024-12-08,mobile_app,footwear,1,51.41,5.14,46.27,27.39,18.88,completed,0.408
O501134,C100348,2024-12-08,marketplace,electronics,1,116.36,0.0,116.36,100.12,16.24,completed,0.1396
O501134,C100348,2024-12-08,marketplace,beauty,2,26.26,0.0,52.52,24.94,27.58,completed,0.5251
O501151,C100355,2024-12-08,retail_partner,beauty,2,36.58,14.63,58.53,30.53,28.0,completed,0.4784
O501208,C100364,2024-12-08,mobile_app,footwear,3,99.74,0.0,299.22,178.33,120.89,completed,0.404
O501208,C100364,2024-12-08,mobile_app,apparel,3,66.0,39.6,158.4,82.16,76.24,completed,0.4813
O501208,C100364,2024-12-08,mobile_app,home,3,88.36,0.0,265.08,155.72,109.36,completed,0.4126
O501248,C100383,2024-12-08,marketplace,accessories,3,46.83,0.0,140.49,68.53,71.96,completed,0.5122
O501248,C100383,2024-12-08,marketplace,apparel,3,45.39,0.0,136.17,74.22,61.95,completed,0.4549
O501248,C100383,2024-12-08,marketplace,home,3,53.37,0.0,160.11,106.12,53.99,completed,0.3372
O501425,C100426,2024-12-08,web,electronics,3,398.73,59.81,1136.38,901.71,234.67,completed,0.2065
O501568,C100454,2024-12-08,mobile_app,home,1,123.45,12.35,111.1,69.79,41.31,completed,0.3718
O501568,C100454,2024-12-08,mobile_app,home,3,171.24,0.0,513.72,314.53,199.19,completed,0.3877
O501642,C100474,2024-12-08,web,home,3,109.09,0.0,327.27,215.63,111.64,completed,0.3411
O501642,C100474,2024-12-08,web,accessories,3,56.68,8.5,161.54,80.18,81.36,completed,0.5037
O501725,C100494,2024-12-08,web,accessories,2,112.54,11.25,213.83,108.13,105.7,completed,0.4943
O501725,C100494,2024-12-08,web,apparel,2,69.37,20.81,117.93,59.69,58.24,completed,0.4939
O501725,C100494,2024-12-08,web,footwear,2,177.4,17.74,337.06,199.9,137.16,completed,0.4069
O502958,C100828,2024-12-08,web,apparel,3,54.55,32.73,130.92,68.01,62.91,completed,0.4805
O503054,C100852,2024-12-08,mobile_app,beauty,3,19.1,5.73,51.57,27.14,24.43,completed,0.4737
O503054,C100852,2024-12-08,mobile_app,beauty,3,24.61,14.77,59.06,31.26,27.8,completed,0.4707
O503199,C100891,2024-12-08,web,electronics,1,181.71,0.0,181.71,151.41,30.3,completed,0.1667
O503199,C100891,2024-12-08,web,beauty,3,32.94,0.0,98.82,53.53,45.29,completed,0.4583
O500081,C100037,2024-12-09,marketplace,footwear,2,98.21,39.28,157.14,102.22,54.92,completed,0.3495
O500081,C100037,2024-12-09,marketplace,beauty,3,20.3,0.0,60.9,29.87,31.03,completed,0.5095
O500081,C100037,2024-12-09,marketplace,home,2,70.61,0.0,141.22,97.51,43.71,completed,0.3095
O500631,C100195,2024-12-09,web,home,2,68.88,6.89,130.87,80.37,50.5,completed,0.3859
O500972,C100279,2024-12-09,web,electronics,1,475.53,0.0,475.53,390.9,84.63,completed,0.178
O500972,C100279,2024-12-09,web,footwear,2,154.32,15.43,293.21,152.79,140.42,completed,0.4789
O500972,C100279,2024-12-09,web,home,2,89.59,26.88,152.3,101.91,50.39,completed,0.3309
O501012,C100292,2024-12-09,retail_partner,apparel,1,49.09,4.91,44.18,24.42,19.76,completed,0.4473
O501123,C100342,2024-12-09,mobile_app,apparel,1,52.15,0.0,52.15,29.31,22.84,completed,0.438
O501337,C100403,2024-12-09,marketplace,home,2,182.78,54.83,310.73,198.05,112.68,completed,0.3626
O501454,C100431,2024-12-09,mobile_app,beauty,1,36.27,0.0,36.27,18.12,18.15,completed,0.5004
O501454,C100431,2024-12-09,mobile_app,footwear,1,86.52,8.65,77.87,51.1,26.77,completed,0.3438
O501647,C100475,2024-12-09,mobile_app,accessories,1,48.26,0.0,48.26,24.03,24.23,completed,0.5021
O501647,C100475,2024-12-09,mobile_app,apparel,2,63.86,6.39,121.33,71.27,50.06,completed,0.4126
O501916,C100540,2024-12-09,retail_partner,apparel,1,123.61,24.72,98.89,51.75,47.14,completed,0.4767
O501916,C100540,2024-12-09,retail_partner,home,1,74.29,3.71,70.58,45.62,24.96,completed,0.3536
O501916,C100540,2024-12-09,retail_partner,electronics,3,463.13,138.94,1250.45,988.51,261.94,completed,0.2095
O502348,C100655,2024-12-09,mobile_app,footwear,1,150.5,15.05,135.45,84.48,50.97,completed,0.3763
O502348,C100655,2024-12-09,mobile_app,electronics,1,399.25,19.96,379.29,301.28,78.01,completed,0.2057
O502889,C100814,2024-12-09,retail_partner,footwear,3,114.33,0.0,342.99,205.32,137.67,completed,0.4014
O502889,C100814,2024-12-09,retail_partner,apparel,1,53.32,2.67,50.65,26.51,24.14,completed,0.4766
O502889,C100814,2024-12-09,retail_partner,apparel,1,76.18,0.0,76.18,44.62,31.56,completed,0.4143
O503100,C100861,2024-12-09,mobile_app,beauty,1,51.54,0.0,51.54,25.21,26.33,completed,0.5109
O503100,C100861,2024-12-09,mobile_app,electronics,2,262.69,0.0,525.38,435.9,89.48,completed,0.1703
O503100,C100861,2024-12-09,mobile_app,home,2,116.16,23.23,209.09,125.58,83.51,completed,0.3994
O500202,C100066,2024-12-10,retail_partner,accessories,3,70.4,10.56,200.64,107.28,93.36,completed,0.4653
O500945,C100275,2024-12-10,mobile_app,electronics,1,110.43,0.0,110.43,89.96,20.47,completed,0.1854
O500945,C100275,2024-12-10,mobile_app,beauty,2,71.44,14.29,128.59,62.19,66.4,completed,0.5164
O500945,C100275,2024-12-10,mobile_app,beauty,2,36.42,10.93,61.91,27.94,33.97,completed,0.5487
O501179,C100359,2024-12-10,mobile_app,footwear,2,158.69,47.61,269.77,159.08,110.69,completed,0.4103
O501179,C100359,2024-12-10,mobile_app,electronics,1,337.69,67.54,270.15,206.14,64.01,completed,0.2369
O501179,C100359,2024-12-10,mobile_app,electronics,2,365.71,0.0,731.42,588.59,142.83,completed,0.1953
O501338,C100403,2024-12-10,mobile_app,footwear,3,192.75,0.0,578.25,362.65,215.6,completed,0.3728
O501552,C100453,2024-12-10,marketplace,apparel,2,117.97,0.0,235.94,119.37,116.57,completed,0.4941
O501552,C100453,2024-12-10,marketplace,electronics,2,261.68,0.0,523.36,424.91,98.45,completed,0.1881
O501843,C100518,2024-12-10,web,beauty,3,17.05,0.0,51.15,24.63,26.52,completed,0.5185
O501843,C100518,2024-12-10,web,beauty,1,27.63,0.0,27.63,13.8,13.83,completed,0.5005
O501873,C100528,2024-12-10,mobile_app,beauty,2,28.76,2.88,54.64,26.59,28.05,completed,0.5134
O501873,C100528,2024-12-10,mobile_app,accessories,2,39.08,7.82,70.34,36.14,34.2,completed,0.4862
O501928,C100542,2024-12-10,mobile_app,footwear,1,108.05,21.61,86.44,56.85,29.59,completed,0.3423
O501928,C100542,2024-12-10,mobile_app,accessories,1,76.49,0.0,76.49,40.4,36.09,completed,0.4718
O501928,C100542,2024-12-10,mobile_app,apparel,2,71.74,0.0,143.48,84.06,59.42,completed,0.4141
O502156,C100614,2024-12-10,mobile_app,electronics,3,460.23,138.07,1242.62,998.23,244.39,completed,0.1967
O502195,C100623,2024-12-10,web,apparel,2,51.52,15.46,87.58,52.66,34.92,completed,0.3987
O502411,C100683,2024-12-10,web,electronics,1,284.74,14.24,270.5,211.34,59.16,completed,0.2187
O502411,C100683,2024-12-10,web,beauty,1,34.13,3.41,30.72,14.86,15.86,completed,0.5163
O502671,C100766,2024-12-10,marketplace,electronics,3,295.76,133.09,754.19,559.14,195.05,completed,0.2586
O502671,C100766,2024-12-10,marketplace,electronics,2,245.36,24.54,466.18,368.37,97.81,completed,0.2098
O502671,C100766,2024-12-10,marketplace,beauty,2,38.05,15.22,60.88,27.98,32.9,completed,0.5404
O503217,C100899,2024-12-10,web,electronics,3,216.67,32.5,617.51,549.24,68.27,completed,0.1106
O503217,C100899,2024-12-10,web,apparel,3,49.45,0.0,148.35,83.75,64.6,completed,0.4355
O503217,C100899,2024-12-10,web,home,2,56.72,5.67,107.77,67.89,39.88,completed,0.37
O500030,C100014,2024-12-11,web,home,1,64.8,0.0,64.8,40.11,24.69,completed,0.381
O500080,C100036,2024-12-11,web,accessories,2,22.7,0.0,45.4,22.21,23.19,completed,0.5108
O500080,C100036,2024-12-11,web,footwear,2,82.5,8.25,156.75,92.26,64.49,completed,0.4114
O500203,C100066,2024-12-11,web,home,1,134.96,0.0,134.96,80.6,54.36,completed,0.4028
O500203,C100066,2024-12-11,web,apparel,3,143.08,42.92,386.32,213.23,173.09,completed,0.448
O500203,C100066,2024-12-11,web,accessories,1,64.27,3.21,61.06,32.89,28.17,completed,0.4613
O500204,C100066,2024-12-11,mobile_app,electronics,1,293.33,0.0,293.33,219.98,73.35,completed,0.2501
O500306,C100100,2024-12-11,marketplace,beauty,1,27.89,0.0,27.89,14.48,13.41,completed,0.4808
O500934,C100274,2024-12-11,web,apparel,3,64.93,0.0,194.79,108.18,86.61,completed,0.4446
O500980,C100281,2024-12-11,web,home,3,84.05,50.43,201.72,133.89,67.83,completed,0.3363
O501426,C100426,2024-12-11,mobile_app,home,3,119.49,0.0,358.47,218.42,140.05,completed,0.3907
O501426,C100426,2024-12-11,mobile_app,electronics,1,257.95,25.8,232.15,173.72,58.43,completed,0.2517
O501426,C100426,2024-12-11,mobile_app,footwear,1,145.58,21.84,123.74,73.83,49.91,completed,0.4033
O501446,C100429,2024-12-11,mobile_app,home,3,60.44,36.26,145.06,92.3,52.76,completed,0.3637
O501446,C100429,2024-12-11,mobile_app,beauty,1,34.68,0.0,34.68,16.38,18.3,completed,0.5277
O501522,C100449,2024-12-11,mobile_app,apparel,1,54.03,10.81,43.22,23.04,20.18,completed,0.4669
O501522,C100449,2024-12-11,mobile_app,footwear,1,47.16,0.0,47.16,27.91,19.25,completed,0.4082
O501726,C100494,2024-12-11,mobile_app,accessories,1,70.59,0.0,70.59,35.86,34.73,completed,0.492
O501726,C100494,2024-12-11,mobile_app,beauty,1,60.16,9.02,51.14,23.14,28.0,completed,0.5475
O501840,C100516,2024-12-11,mobile_app,home,1,74.37,3.72,70.65,42.93,27.72,completed,0.3924
O501840,C100516,2024-12-11,mobile_app,footwear,3,84.96,38.23,216.65,130.4,86.25,completed,0.3981
O501929,C100542,2024-12-11,mobile_app,accessories,2,71.38,14.28,128.48,64.07,64.41,completed,0.5013
O501929,C100542,2024-12-11,mobile_app,home,1,156.5,0.0,156.5,105.75,50.75,completed,0.3243
O502196,C100623,2024-12-11,web,home,3,94.65,0.0,283.95,166.89,117.06,completed,0.4123
O502196,C100623,2024-12-11,web,apparel,1,62.31,12.46,49.85,25.49,24.36,completed,0.4887
O502196,C100623,2024-12-11,web,electronics,3,213.55,64.07,576.58,460.59,115.99,completed,0.2012
O502311,C100649,2024-12-11,web,apparel,3,98.39,0.0,295.17,176.47,118.7,completed,0.4021
O502311,C100649,2024-12-11,web,apparel,2,74.45,0.0,148.9,83.3,65.6,completed,0.4406
O502450,C100699,2024-12-11,marketplace,accessories,3,40.22,12.07,108.59,54.37,54.22,completed,0.4993
O502450,C100699,2024-12-11,marketplace,home,1,77.68,11.65,66.03,40.43,25.6,completed,0.3877
O502487,C100710,2024-12-11,web,beauty,3,42.32,0.0,126.96,55.96,71.0,completed,0.5592
O502487,C100710,2024-12-11,web,accessories,2,38.91,11.67,66.15,35.36,30.79,completed,0.4655
O502855,C100809,2024-12-11,web,apparel,1,61.9,3.1,58.8,33.35,25.45,completed,0.4328
O502855,C100809,2024-12-11,web,home,1,79.8,0.0,79.8,48.92,30.88,completed,0.387
O502855,C100809,2024-12-11,web,footwear,1,94.56,0.0,94.56,59.54,35.02,completed,0.3703
O502994,C100840,2024-12-11,web,apparel,1,49.78,7.47,42.31,25.46,16.85,completed,0.3983
O502994,C100840,2024-12-11,web,apparel,1,71.54,0.0,71.54,40.94,30.6,completed,0.4277
O502994,C100840,2024-12-11,web,electronics,1,203.66,30.55,173.11,137.21,35.9,completed,0.2074
O500773,C100234,2024-12-12,retail_partner,apparel,2,42.65,17.06,68.24,36.58,31.66,completed,0.464
O500773,C100234,2024-12-12,retail_partner,footwear,1,79.91,0.0,79.91,47.8,32.11,completed,0.4018
O500890,C100266,2024-12-12,marketplace,home,1,63.23,0.0,63.23,37.45,25.78,completed,0.4077
O500890,C100266,2024-12-12,marketplace,electronics,2,216.14,43.23,389.05,280.52,108.53,completed,0.279
O500890,C100266,2024-12-12,marketplace,apparel,3,36.24,0.0,108.72,59.06,49.66,completed,0.4568
O501303,C100397,2024-12-12,marketplace,footwear,2,84.83,16.97,152.69,91.01,61.68,completed,0.404
O501381,C100420,2024-12-12,web,electronics,1,237.96,0.0,237.96,196.37,41.59,completed,0.1748
O501917,C100540,2024-12-12,web,apparel,1,71.39,0.0,71.39,39.84,31.55,completed,0.4419
O501917,C100540,2024-12-12,web,beauty,1,63.45,0.0,63.45,31.38,32.07,completed,0.5054
O501917,C100540,2024-12-12,web,accessories,2,63.21,0.0,126.42,68.54,57.88,completed,0.4578
O501976,C100554,2024-12-12,mobile_app,apparel,2,79.25,0.0,158.5,85.22,73.28,completed,0.4623
O501976,C100554,2024-12-12,mobile_app,beauty,3,24.07,3.61,68.6,31.78,36.82,completed,0.5367
O502197,C100623,2024-12-12,marketplace,beauty,2,27.44,2.74,52.14,25.67,26.47,completed,0.5077
O502351,C100657,2024-12-12,mobile_app,accessories,3,18.92,0.0,56.76,28.66,28.1,completed,0.4951
O502481,C100708,2024-12-12,retail_partner,accessories,2,42.23,16.89,67.57,31.63,35.94,completed,0.5319
O502566,C100731,2024-12-12,web,apparel,2,49.37,19.75,78.99,42.78,36.21,completed,0.4584
O502566,C100731,2024-12-12,web,accessories,3,35.47,0.0,106.41,56.85,49.56,completed,0.4657
O502642,C100758,2024-12-12,web,footwear,1,89.34,8.93,80.41,46.34,34.07,completed,0.4237
O502642,C100758,2024-12-12,web,beauty,3,24.9,0.0,74.7,36.04,38.66,completed,0.5175
O502642,C100758,2024-12-12,web,home,1,51.99,10.4,41.59,24.89,16.7,completed,0.4015
O503214,C100898,2024-12-12,web,electronics,1,176.19,35.24,140.95,110.79,30.16,completed,0.214
O503214,C100898,2024-12-12,web,footwear,1,64.34,9.65,54.69,29.36,25.33,completed,0.4632
O503214,C100898,2024-12-12,web,beauty,2,21.61,2.16,41.06,19.62,21.44,completed,0.5222
O500079,C100035,2024-12-13,marketplace,apparel,2,50.11,0.0,100.22,56.44,43.78,completed,0.4368
O500079,C100035,2024-12-13,marketplace,home,2,59.49,5.95,113.03,69.92,43.11,completed,0.3814
O500973,C100279,2024-12-13,web,apparel,1,68.48,0.0,68.48,41.32,27.16,completed,0.3966
O500973,C100279,2024-12-13,web,accessories,1,34.69,0.0,34.69,18.24,16.45,completed,0.4742
O501249,C100383,2024-12-13,web,apparel,3,66.18,0.0,198.54,109.07,89.47,completed,0.4506
O501249,C100383,2024-12-13,web,footwear,2,55.91,0.0,111.82,66.58,45.24,completed,0.4046
O501249,C100383,2024-12-13,web,apparel,3,54.86,0.0,164.58,98.91,65.67,completed,0.399
O501625,C100473,2024-12-13,retail_partner,accessories,2,68.01,0.0,136.02,64.75,71.27,completed,0.524
O501933,C100543,2024-12-13,web,home,2,54.86,0.0,109.72,68.68,41.04,completed,0.374
O501933,C100543,2024-12-13,web,accessories,1,45.01,9.0,36.01,18.49,17.52,completed,0.4865
O501933,C100543,2024-12-13,web,apparel,3,51.07,15.32,137.89,72.69,65.2,completed,0.4728
O502591,C100740,2024-12-13,mobile_app,footwear,3,88.59,53.15,212.62,122.6,90.02,completed,0.4234
O502591,C100740,2024-12-13,mobile_app,electronics,1,283.29,14.16,269.13,230.14,38.99,completed,0.1449
O502856,C100809,2024-12-13,mobile_app,home,3,85.62,38.53,218.33,141.11,77.22,completed,0.3537
O502890,C100814,2024-12-13,mobile_app,apparel,2,118.64,0.0,237.28,127.85,109.43,completed,0.4612
O502890,C100814,2024-12-13,mobile_app,footwear,3,142.83,0.0,428.49,273.43,155.06,completed,0.3619
O502890,C100814,2024-12-13,mobile_app,home,3,114.64,0.0,343.92,214.3,129.62,completed,0.3769
O503068,C100854,2024-12-13,web,accessories,1,50.53,10.11,40.42,20.49,19.93,completed,0.4931
O503101,C100861,2024-12-13,mobile_app,apparel,2,110.14,44.06,176.22,91.43,84.79,completed,0.4812
O503101,C100861,2024-12-13,mobile_app,apparel,1,65.0,0.0,65.0,36.84,28.16,completed,0.4332
O503119,C100868,2024-12-13,web,electronics,3,185.48,0.0,556.44,468.45,87.99,completed,0.1581
O500225,C100069,2024-12-14,retail_partner,beauty,2,36.52,10.96,62.08,27.53,34.55,completed,0.5565
O500225,C100069,2024-12-14,retail_partner,electronics,1,141.68,0.0,141.68,130.39,11.29,completed,0.0797
O500225,C100069,2024-12-14,retail_partner,accessories,2,34.63,6.93,62.33,28.83,33.5,completed,0.5375
O500307,C100100,2024-12-14,web,accessories,3,46.53,0.0,139.59,60.21,79.38,completed,0.5687
O500307,C100100,2024-12-14,web,accessories,1,44.5,2.23,42.27,21.4,20.87,completed,0.4937
O500307,C100100,2024-12-14,web,home,3,74.34,11.15,211.87,124.41,87.46,completed,0.4128
O500389,C100128,2024-12-14,mobile_app,home,1,152.97,15.3,137.67,81.15,56.52,completed,0.4105
O500389,C100128,2024-12-14,mobile_app,accessories,1,63.56,3.18,60.38,32.33,28.05,completed,0.4646
O500636,C100196,2024-12-14,mobile_app,electronics,3,233.65,35.05,665.9,561.13,104.77,completed,0.1573
O500636,C100196,2024-12-14,mobile_app,electronics,3,162.54,0.0,487.62,424.97,62.65,completed,0.1285
O500870,C100260,2024-12-14,web,footwear,1,75.85,0.0,75.85,44.27,31.58,completed,0.4163
O500985,C100283,2024-12-14,web,electronics,1,160.48,24.07,136.41,119.86,16.55,completed,0.1213
O500985,C100283,2024-12-14,web,beauty,1,26.87,0.0,26.87,13.69,13.18,completed,0.4905
O501069,C100317,2024-12-14,mobile_app,footwear,3,80.66,0.0,241.98,141.28,100.7,completed,0.4162
O501069,C100317,2024-12-14,mobile_app,apparel,2,33.81,0.0,67.62,36.33,31.29,completed,0.4627
O501069,C100317,2024-12-14,mobile_app,home,3,83.47,0.0,250.41,161.08,89.33,completed,0.3567
O501250,C100383,2024-12-14,web,accessories,1,48.95,7.34,41.61,18.8,22.81,completed,0.5482
O501250,C100383,2024-12-14,web,home,2,61.54,6.15,116.93,77.51,39.42,completed,0.3371
O501504,C100441,2024-12-14,marketplace,electronics,3,307.24,138.26,783.46,591.91,191.55,completed,0.2445
O501504,C100441,2024-12-14,marketplace,apparel,1,100.41,0.0,100.41,55.31,45.1,completed,0.4492
O501504,C100441,2024-12-14,marketplace,home,1,122.27,6.11,116.16,72.22,43.94,completed,0.3783
O501923,C100541,2024-12-14,retail_partner,beauty,2,35.94,3.59,68.29,34.11,34.18,completed,0.5005
O502312,C100649,2024-12-14,web,footwear,1,124.35,24.87,99.48,57.18,42.3,completed,0.4252
O502312,C100649,2024-12-14,web,footwear,3,176.0,26.4,501.6,294.46,207.14,completed,0.413
O502387,C100675,2024-12-14,web,accessories,2,25.74,5.15,46.33,24.56,21.77,completed,0.4699
O500355,C100115,2024-12-15,web,beauty,2,38.17,0.0,76.34,36.47,39.87,completed,0.5223
O500516,C100160,2024-12-15,web,beauty,1,39.44,0.0,39.44,18.95,20.49,completed,0.5195
O500516,C100160,2024-12-15,web,apparel,2,89.86,0.0,179.72,94.07,85.65,completed,0.4766
O500656,C100199,2024-12-15,web,home,1,119.11,0.0,119.11,74.28,44.83,completed,0.3764
O500656,C100199,2024-12-15,web,accessories,3,92.01,0.0,276.03,147.54,128.49,completed,0.4655
O500792,C100237,2024-12-15,mobile_app,apparel,3,50.52,30.31,121.25,66.94,54.31,completed,0.4479
O500792,C100237,2024-12-15,mobile_app,apparel,1,80.07,0.0,80.07,41.58,38.49,completed,0.4807
O501295,C100395,2024-12-15,marketplace,accessories,1,56.92,11.38,45.54,24.42,21.12,completed,0.4638
O501295,C100395,2024-12-15,marketplace,home,1,72.31,0.0,72.31,44.84,27.47,completed,0.3799
O501295,C100395,2024-12-15,marketplace,accessories,1,27.9,5.58,22.32,11.89,10.43,completed,0.4673
O501385,C100422,2024-12-15,mobile_app,apparel,2,94.89,18.98,170.8,103.13,67.67,completed,0.3962
O501385,C100422,2024-12-15,mobile_app,electronics,3,217.6,0.0,652.8,526.85,125.95,completed,0.1929
O501385,C100422,2024-12-15,mobile_app,home,1,146.47,14.65,131.82,89.01,42.81,completed,0.3248
O501693,C100481,2024-12-15,retail_partner,apparel,1,91.98,18.4,73.58,39.88,33.7,completed,0.458
O501693,C100481,2024-12-15,retail_partner,electronics,1,463.49,0.0,463.49,398.79,64.7,completed,0.1396
O501693,C100481,2024-12-15,retail_partner,home,1,84.04,0.0,84.04,49.36,34.68,completed,0.4127
O501727,C100494,2024-12-15,web,beauty,3,67.89,0.0,203.67,96.19,107.48,completed,0.5277
O501727,C100494,2024-12-15,web,footwear,1,129.26,6.46,122.8,68.91,53.89,completed,0.4388
O501727,C100494,2024-12-15,web,accessories,2,49.09,14.73,83.45,42.38,41.07,completed,0.4922
O501995,C100565,2024-12-15,web,footwear,3,66.23,0.0,198.69,119.48,79.21,completed,0.3987
O501995,C100565,2024-12-15,web,home,2,85.05,0.0,170.1,117.29,52.81,completed,0.3105
O502296,C100647,2024-12-15,marketplace,beauty,1,25.8,0.0,25.8,13.12,12.68,completed,0.4915
O502296,C100647,2024-12-15,marketplace,accessories,3,34.99,10.5,94.47,46.47,48.0,completed,0.5081
O502296,C100647,2024-12-15,marketplace,apparel,1,47.4,0.0,47.4,25.6,21.8,completed,0.4599
O502423,C100689,2024-12-15,web,electronics,1,191.08,0.0,191.08,170.19,20.89,completed,0.1093
O502455,C100700,2024-12-15,mobile_app,home,3,62.15,18.64,167.81,98.38,69.43,completed,0.4137
O502455,C100700,2024-12-15,mobile_app,beauty,3,36.26,21.76,87.02,42.15,44.87,completed,0.5156
O502516,C100717,2024-12-15,mobile_app,home,2,151.21,45.36,257.06,153.49,103.57,completed,0.4029
O502516,C100717,2024-12-15,mobile_app,footwear,3,150.16,45.05,405.43,246.33,159.1,completed,0.3924
O502516,C100717,2024-12-15,mobile_app,beauty,2,58.43,17.53,99.33,46.63,52.7,completed,0.5306
O502587,C100738,2024-12-15,mobile_app,beauty,2,28.83,0.0,57.66,25.91,31.75,completed,0.5506
O502587,C100738,2024-12-15,mobile_app,footwear,1,68.95,13.79,55.16,35.91,19.25,completed,0.349
O502587,C100738,2024-12-15,mobile_app,beauty,1,23.42,1.17,22.25,10.86,11.39,completed,0.5119
O502623,C100749,2024-12-15,marketplace,electronics,1,294.98,0.0,294.98,231.57,63.41,completed,0.215
O502762,C100787,2024-12-15,web,apparel,2,43.81,0.0,87.62,47.53,40.09,completed,0.4575
O502762,C100787,2024-12-15,web,beauty,2,38.33,3.83,72.83,34.93,37.9,completed,0.5204
O502762,C100787,2024-12-15,web,apparel,1,83.88,0.0,83.88,45.29,38.59,completed,0.4601
O503010,C100845,2024-12-15,web,electronics,3,140.02,0.0,420.06,351.15,68.91,completed,0.164
O503010,C100845,2024-12-15,web,electronics,1,205.45,20.55,184.9,155.04,29.86,completed,0.1615
O503010,C100845,2024-12-15,web,footwear,1,158.76,0.0,158.76,100.1,58.66,completed,0.3695
O500205,C100066,2024-12-16,mobile_app,beauty,3,32.43,0.0,97.29,48.8,48.49,completed,0.4984
O500205,C100066,2024-12-16,mobile_app,apparel,2,113.16,45.26,181.06,96.44,84.62,completed,0.4674
O500527,C100165,2024-12-16,mobile_app,apparel,3,50.72,30.43,121.73,73.22,48.51,completed,0.3985
O500527,C100165,2024-12-16,mobile_app,beauty,3,44.45,0.0,133.35,59.53,73.82,completed,0.5536
O500657,C100199,2024-12-16,marketplace,beauty,1,53.38,0.0,53.38,27.26,26.12,completed,0.4893
O500657,C100199,2024-12-16,marketplace,beauty,1,54.9,0.0,54.9,25.52,29.38,completed,0.5352
O500657,C100199,2024-12-16,marketplace,footwear,2,115.71,23.14,208.28,133.58,74.7,completed,0.3587
O501386,C100422,2024-12-16,web,beauty,3,49.37,0.0,148.11,70.4,77.71,completed,0.5247
O501386,C100422,2024-12-16,web,footwear,1,183.91,0.0,183.91,105.44,78.47,completed,0.4267
O501386,C100422,2024-12-16,web,beauty,2,33.13,0.0,66.26,30.76,35.5,completed,0.5358
O501728,C100494,2024-12-16,marketplace,accessories,3,57.15,25.72,145.73,75.93,69.8,completed,0.479
O501728,C100494,2024-12-16,marketplace,accessories,3,65.88,29.65,167.99,86.89,81.1,completed,0.4828
O501728,C100494,2024-12-16,marketplace,apparel,3,37.24,0.0,111.72,62.23,49.49,completed,0.443
O501807,C100508,2024-12-16,mobile_app,electronics,2,298.38,59.68,537.08,447.23,89.85,completed,0.1673
O501807,C100508,2024-12-16,mobile_app,apparel,3,59.84,35.9,143.62,87.41,56.21,completed,0.3914
O501807,C100508,2024-12-16,mobile_app,home,2,140.86,0.0,281.72,161.02,120.7,completed,0.4284
O502028,C100576,2024-12-16,mobile_app,electronics,3,228.0,136.8,547.2,447.84,99.36,completed,0.1816
O502028,C100576,2024-12-16,mobile_app,apparel,1,54.89,0.0,54.89,31.49,23.4,completed,0.4263
O502663,C100764,2024-12-16,web,beauty,3,24.46,0.0,73.38,34.83,38.55,completed,0.5253
O502848,C100807,2024-12-16,marketplace,beauty,3,18.97,0.0,56.91,25.62,31.29,completed,0.5498
O500327,C100108,2024-12-17,mobile_app,footwear,2,96.48,28.94,164.02,98.54,65.48,completed,0.3992
O500327,C100108,2024-12-17,mobile_app,electronics,2,321.94,96.58,547.3,466.4,80.9,completed,0.1478
O500658,C100199,2024-12-17,marketplace,accessories,2,50.11,0.0,100.22,55.47,44.75,completed,0.4465
O500658,C100199,2024-12-17,marketplace,apparel,3,86.85,39.08,221.47,130.42,91.05,completed,0.4111
O500658,C100199,2024-12-17,marketplace,footwear,2,234.94,70.48,399.4,227.78,171.62,completed,0.4297
O500793,C100237,2024-12-17,mobile_app,electronics,2,300.84,60.17,541.51,440.61,100.9,completed,0.1863
O501135,C100348,2024-12-17,web,electronics,1,246.9,37.03,209.87,178.97,30.9,completed,0.1472
O501278,C100390,2024-12-17,web,apparel,2,124.89,12.49,237.29,134.05,103.24,completed,0.4351
O501278,C100390,2024-12-17,web,apparel,3,89.06,53.44,213.74,132.79,80.95,completed,0.3787
O501387,C100422,2024-12-17,marketplace,electronics,1,268.38,0.0,268.38,209.84,58.54,completed,0.2181
O501387,C100422,2024-12-17,marketplace,apparel,1,77.27,7.73,69.54,37.1,32.44,completed,0.4665
O501523,C100449,2024-12-17,marketplace,home,1,72.56,0.0,72.56,44.2,28.36,completed,0.3908
O501655,C100477,2024-12-17,marketplace,apparel,3,88.86,0.0,266.58,151.3,115.28,completed,0.4324
O501655,C100477,2024-12-17,marketplace,footwear,1,153.09,0.0,153.09,90.66,62.43,completed,0.4078
O501655,C100477,2024-12-17,marketplace,apparel,2,50.31,0.0,100.62,53.72,46.9,completed,0.4661
O501984,C100558,2024-12-17,mobile_app,footwear,3,85.58,38.51,218.23,134.42,83.81,completed,0.384
O502468,C100703,2024-12-17,web,electronics,3,248.44,0.0,745.32,586.5,158.82,completed,0.2131
O502468,C100703,2024-12-17,web,electronics,2,113.79,0.0,227.58,184.33,43.25,completed,0.19
O502468,C100703,2024-12-17,web,accessories,3,58.94,0.0,176.82,100.17,76.65,completed,0.4335
O502785,C100796,2024-12-17,marketplace,electronics,2,143.17,57.27,229.07,196.46,32.61,completed,0.1424
O502995,C100840,2024-12-17,mobile_app,apparel,1,54.52,0.0,54.52,29.36,25.16,completed,0.4615
O502995,C100840,2024-12-17,mobile_app,accessories,2,43.02,0.0,86.04,44.81,41.23,completed,0.4792
O500206,C100066,2024-12-18,web,home,3,121.6,18.24,346.56,212.73,133.83,completed,0.3862
O500207,C100066,2024-12-18,marketplace,beauty,3,31.07,0.0,93.21,46.44,46.77,completed,0.5018
O500207,C100066,2024-12-18,marketplace,electronics,2,397.71,0.0,795.42,650.12,145.3,completed,0.1827
O500596,C100183,2024-12-18,marketplace,apparel,1,61.65,9.25,52.4,29.12,23.28,completed,0.4443
O500596,C100183,2024-12-18,marketplace,footwear,1,105.3,15.79,89.51,52.82,36.69,completed,0.4099
O500596,C100183,2024-12-18,marketplace,electronics,2,270.74,0.0,541.48,474.01,67.47,completed,0.1246
O501008,C100290,2024-12-18,web,home,1,83.56,0.0,83.56,53.63,29.93,completed,0.3582
O501008,C100290,2024-12-18,web,beauty,2,28.41,11.36,45.46,21.1,24.36,completed,0.5359
O501008,C100290,2024-12-18,web,home,3,51.73,15.52,139.67,90.45,49.22,completed,0.3524
O501132,C100347,2024-12-18,web,accessories,2,39.3,0.0,78.6,39.8,38.8,completed,0.4936
O501132,C100347,2024-12-18,web,electronics,1,166.19,33.24,132.95,117.62,15.33,completed,0.1153
O501132,C100347,2024-12-18,web,accessories,2,40.36,0.0,80.72,42.13,38.59,completed,0.4781
O501155,C100356,2024-12-18,marketplace,apparel,2,52.53,21.01,84.05,49.63,34.42,completed,0.4095
O501427,C100426,2024-12-18,mobile_app,electronics,1,391.18,39.12,352.06,284.33,67.73,completed,0.1924
O501440,C100427,2024-12-18,marketplace,accessories,1,62.85,0.0,62.85,30.23,32.62,completed,0.519
O501440,C100427,2024-12-18,marketplace,footwear,2,203.81,61.14,346.48,223.46,123.02,completed,0.3551
O501440,C100427,2024-12-18,marketplace,electronics,3,378.78,0.0,1136.34,1005.92,130.42,completed,0.1148
O501930,C100542,2024-12-18,marketplace,accessories,2,95.31,0.0,190.62,93.2,97.42,completed,0.5111
O501930,C100542,2024-12-18,marketplace,apparel,2,113.54,11.35,215.73,109.2,106.53,completed,0.4938
O501930,C100542,2024-12-18,marketplace,footwear,1,155.43,7.77,147.66,83.9,63.76,completed,0.4318
O501931,C100542,2024-12-18,web,beauty,2,74.1,0.0,148.2,72.66,75.54,completed,0.5097
O501931,C100542,2024-12-18,web,beauty,1,34.8,0.0,34.8,17.09,17.71,completed,0.5089
O502757,C100785,2024-12-18,mobile_app,accessories,1,72.9,3.65,69.25,34.15,35.1,completed,0.5069
O503102,C100861,2024-12-18,mobile_app,accessories,2,44.51,8.9,80.12,39.14,40.98,completed,0.5115
O503102,C100861,2024-12-18,mobile_app,footwear,1,224.17,11.21,212.96,119.37,93.59,completed,0.4395
O500016,C100005,2024-12-19,marketplace,beauty,2,25.29,2.53,48.05,22.39,25.66,completed,0.534
O500208,C100066,2024-12-19,mobile_app,electronics,2,423.83,127.15,720.51,612.99,107.52,completed,0.1492
O500431,C100144,2024-12-19,marketplace,accessories,1,35.53,0.0,35.53,19.14,16.39,completed,0.4613
O500431,C100144,2024-12-19,marketplace,footwear,3,109.02,0.0,327.06,205.04,122.02,completed,0.3731
O500431,C100144,2024-12-19,marketplace,electronics,1,208.09,0.0,208.09,187.68,20.41,completed,0.0981
O500716,C100215,2024-12-19,web,apparel,3,58.03,17.41,156.68,82.99,73.69,completed,0.4703
O500716,C100215,2024-12-19,web,accessories,3,62.14,27.96,158.46,71.96,86.5,completed,0.5459
O500853,C100251,2024-12-19,retail_partner,accessories,3,33.09,19.85,79.42,40.17,39.25,completed,0.4942
O500855,C100252,2024-12-19,marketplace,apparel,1,41.85,2.09,39.76,22.39,17.37,completed,0.4369
O500855,C100252,2024-12-19,marketplace,electronics,2,153.83,0.0,307.66,239.09,68.57,completed,0.2229
O501829,C100513,2024-12-19,mobile_app,accessories,2,69.21,6.92,131.5,62.18,69.32,completed,0.5271
O501829,C100513,2024-12-19,mobile_app,electronics,1,469.98,23.5,446.48,382.15,64.33,completed,0.1441
O501829,C100513,2024-12-19,mobile_app,footwear,3,137.21,0.0,411.63,239.24,172.39,completed,0.4188
O502104,C100596,2024-12-19,web,footwear,3,106.13,0.0,318.39,187.18,131.21,completed,0.4121
O502104,C100596,2024-12-19,web,electronics,3,335.65,151.04,855.91,692.54,163.37,completed,0.1909
O502104,C100596,2024-12-19,web,footwear,3,188.32,56.5,508.46,319.17,189.29,completed,0.3723
O502517,C100717,2024-12-19,web,apparel,1,108.33,10.83,97.5,49.37,48.13,completed,0.4936
O502547,C100725,2024-12-19,mobile_app,footwear,1,69.69,6.97,62.72,37.5,25.22,completed,0.4021
O502547,C100725,2024-12-19,mobile_app,apparel,3,46.32,0.0,138.96,80.47,58.49,completed,0.4209
O502547,C100725,2024-12-19,mobile_app,home,2,50.15,20.06,80.24,51.41,28.83,completed,0.3593
O502717,C100776,2024-12-19,mobile_app,footwear,3,73.68,0.0,221.04,141.01,80.03,completed,0.3621
O502717,C100776,2024-12-19,mobile_app,footwear,3,87.84,13.18,250.34,127.33,123.01,completed,0.4914
O502717,C100776,2024-12-19,mobile_app,accessories,1,51.56,7.73,43.83,22.43,21.4,completed,0.4883
O502891,C100814,2024-12-19,web,footwear,3,140.18,0.0,420.54,242.44,178.1,completed,0.4235
O502891,C100814,2024-12-19,web,apparel,1,93.19,13.98,79.21,43.13,36.08,completed,0.4555
O502891,C100814,2024-12-19,web,home,2,118.43,23.69,213.17,130.77,82.4,completed,0.3865
O502959,C100828,2024-12-19,web,home,3,97.35,0.0,292.05,185.08,106.97,completed,0.3663
O502959,C100828,2024-12-19,web,accessories,1,53.67,10.73,42.94,20.59,22.35,completed,0.5205
O503073,C100856,2024-12-19,retail_partner,beauty,2,32.11,9.63,54.59,23.55,31.04,completed,0.5686
O503073,C100856,2024-12-19,retail_partner,apparel,3,58.15,0.0,174.45,86.26,88.19,completed,0.5055
O503073,C100856,2024-12-19,retail_partner,beauty,2,39.2,3.92,74.48,33.56,40.92,completed,0.5494
O500266,C100081,2024-12-20,web,footwear,3,82.2,49.32,197.28,118.2,79.08,completed,0.4009
O500266,C100081,2024-12-20,web,apparel,3,49.93,7.49,142.3,76.14,66.16,completed,0.4649
O500266,C100081,2024-12-20,web,beauty,2,42.63,0.0,85.26,41.13,44.13,completed,0.5176
O500308,C100100,2024-12-20,web,beauty,2,29.95,0.0,59.9,31.97,27.93,completed,0.4663
O500403,C100133,2024-12-20,retail_partner,footwear,1,92.76,0.0,92.76,55.37,37.39,completed,0.4031
O500659,C100199,2024-12-20,mobile_app,apparel,2,84.19,0.0,168.38,97.41,70.97,completed,0.4215
O500659,C100199,2024-12-20,mobile_app,beauty,2,56.35,0.0,112.7,53.01,59.69,completed,0.5296
O500659,C100199,2024-12-20,mobile_app,apparel,2,165.94,0.0,331.88,183.44,148.44,completed,0.4473
O500710,C100213,2024-12-20,web,home,1,45.37,6.81,38.56,22.7,15.86,completed,0.4113
O500710,C100213,2024-12-20,web,electronics,2,240.28,24.03,456.53,374.95,81.58,completed,0.1787
O500958,C100277,2024-12-20,web,footwear,1,136.02,20.4,115.62,65.6,50.02,completed,0.4326
O500958,C100277,2024-12-20,web,home,2,115.98,46.39,185.57,113.71,71.86,completed,0.3872
O500958,C100277,2024-12-20,web,electronics,3,402.79,0.0,1208.37,1030.0,178.37,completed,0.1476
O501118,C100339,2024-12-20,web,electronics,1,168.72,8.44,160.28,133.61,26.67,completed,0.1664
O501118,C100339,2024-12-20,web,beauty,1,30.4,0.0,30.4,14.46,15.94,completed,0.5243
O501118,C100339,2024-12-20,web,apparel,3,40.16,24.1,96.38,54.54,41.84,completed,0.4341
O501213,C100366,2024-12-20,mobile_app,accessories,1,30.14,6.03,24.11,13.32,10.79,completed,0.4475
O501213,C100366,2024-12-20,mobile_app,footwear,3,58.81,0.0,176.43,109.94,66.49,completed,0.3769
O501213,C100366,2024-12-20,mobile_app,footwear,3,90.01,0.0,270.03,168.63,101.4,completed,0.3755
O501716,C100493,2024-12-20,web,home,3,74.72,0.0,224.16,138.56,85.6,completed,0.3819
O501716,C100493,2024-12-20,web,electronics,2,168.2,0.0,336.4,286.81,49.59,completed,0.1474
O501716,C100493,2024-12-20,web,apparel,1,47.5,4.75,42.75,24.64,18.11,completed,0.4236
O501729,C100494,2024-12-20,web,footwear,2,140.23,0.0,280.46,172.49,107.97,completed,0.385
O501729,C100494,2024-12-20,web,beauty,3,42.49,0.0,127.47,61.08,66.39,completed,0.5208
O501729,C100494,2024-12-20,web,electronics,2,315.06,63.01,567.11,496.38,70.73,completed,0.1247
O501934,C100543,2024-12-20,mobile_app,home,1,105.15,5.26,99.89,63.45,36.44,completed,0.3648
O501934,C100543,2024-12-20,mobile_app,accessories,2,29.7,5.94,53.46,27.39,26.07,completed,0.4877
O502078,C100591,2024-12-20,web,accessories,1,39.78,3.98,35.8,18.07,17.73,completed,0.4953
O502078,C100591,2024-12-20,web,beauty,3,30.6,0.0,91.8,45.96,45.84,completed,0.4993
O502131,C100608,2024-12-20,web,accessories,2,33.23,6.65,59.81,29.34,30.47,completed,0.5094
O502482,C100709,2024-12-20,web,beauty,1,28.95,5.79,23.16,11.56,11.6,completed,0.5009
O502482,C100709,2024-12-20,web,apparel,1,45.72,2.29,43.43,20.73,22.7,completed,0.5227
O502482,C100709,2024-12-20,web,home,1,81.79,0.0,81.79,52.96,28.83,completed,0.3525
O502506,C100714,2024-12-20,mobile_app,home,1,55.07,0.0,55.07,34.12,20.95,completed,0.3804
O502809,C100800,2024-12-20,mobile_app,footwear,3,71.2,32.04,181.56,102.08,79.48,completed,0.4378
O502809,C100800,2024-12-20,mobile_app,electronics,1,124.36,24.87,99.49,85.45,14.04,completed,0.1411
O503204,C100893,2024-12-20,mobile_app,footwear,1,83.81,0.0,83.81,49.05,34.76,completed,0.4147
O503204,C100893,2024-12-20,mobile_app,footwear,3,88.01,0.0,264.03,148.48,115.55,completed,0.4376
O503204,C100893,2024-12-20,mobile_app,footwear,1,118.05,11.8,106.25,63.63,42.62,completed,0.4011
O500083,C100038,2024-12-21,mobile_app,footwear,1,77.38,0.0,77.38,49.7,27.68,completed,0.3577
O500195,C100064,2024-12-21,mobile_app,electronics,3,383.17,229.9,919.61,737.89,181.72,completed,0.1976
O500209,C100066,2024-12-21,web,home,3,143.38,0.0,430.14,281.23,148.91,completed,0.3462
O500309,C100100,2024-12-21,marketplace,accessories,1,37.27,0.0,37.27,19.47,17.8,completed,0.4776
O500318,C100105,2024-12-21,mobile_app,beauty,1,17.84,0.0,17.84,8.28,9.56,completed,0.5359
O500318,C100105,2024-12-21,mobile_app,apparel,2,38.33,15.33,61.33,35.01,26.32,completed,0.4292
O500318,C100105,2024-12-21,mobile_app,apparel,2,39.62,11.89,67.35,39.42,27.93,completed,0.4147
O500347,C100111,2024-12-21,web,accessories,1,73.11,3.66,69.45,36.2,33.25,completed,0.4788
O500347,C100111,2024-12-21,web,footwear,1,119.09,0.0,119.09,71.81,47.28,completed,0.397
O500347,C100111,2024-12-21,web,electronics,3,407.0,0.0,1221.0,1066.54,154.46,completed,0.1265
O500548,C100173,2024-12-21,web,home,2,85.29,17.06,153.52,102.06,51.46,completed,0.3352
O500548,C100173,2024-12-21,web,accessories,3,68.73,0.0,206.19,104.17,102.02,completed,0.4948
O500801,C100242,2024-12-21,marketplace,apparel,3,58.7,0.0,176.1,91.83,84.27,completed,0.4785
O500801,C100242,2024-12-21,marketplace,home,2,55.74,11.15,100.33,57.48,42.85,completed,0.4271
O500801,C100242,2024-12-21,marketplace,accessories,1,28.07,0.0,28.07,13.89,14.18,completed,0.5052
O500840,C100248,2024-12-21,web,beauty,3,32.78,0.0,98.34,47.2,51.14,completed,0.52
O500840,C100248,2024-12-21,web,apparel,2,82.95,0.0,165.9,98.18,67.72,completed,0.4082
O500959,C100277,2024-12-21,web,accessories,2,68.28,0.0,136.56,73.35,63.21,completed,0.4629
O500959,C100277,2024-12-21,web,beauty,1,43.09,8.62,34.47,15.32,19.15,completed,0.5556
O500959,C100277,2024-12-21,web,beauty,1,53.49,0.0,53.49,27.32,26.17,completed,0.4893
O500974,C100279,2024-12-21,marketplace,accessories,1,91.03,9.1,81.93,41.07,40.86,completed,0.4987
O500974,C100279,2024-12-21,marketplace,accessories,3,72.44,0.0,217.32,107.93,109.39,completed,0.5034
O500975,C100279,2024-12-21,mobile_app,footwear,3,118.5,71.1,284.4,186.63,97.77,completed,0.3438
O500975,C100279,2024-12-21,mobile_app,electronics,2,373.8,0.0,747.6,582.97,164.63,completed,0.2202
O500975,C100279,2024-12-21,mobile_app,apparel,3,122.07,54.93,311.28,175.17,136.11,completed,0.4373
O501035,C100300,2024-12-21,web,home,1,93.96,0.0,93.96,53.2,40.76,completed,0.4338
O501035,C100300,2024-12-21,web,beauty,3,41.78,6.27,119.07,69.02,50.05,completed,0.4203
O501388,C100422,2024-12-21,retail_partner,electronics,3,309.79,0.0,929.37,792.91,136.46,completed,0.1468
O501388,C100422,2024-12-21,retail_partner,footwear,1,187.14,9.36,177.78,106.4,71.38,completed,0.4015
O501388,C100422,2024-12-21,retail_partner,accessories,1,52.58,2.63,49.95,24.89,25.06,completed,0.5017
O501428,C100426,2024-12-21,marketplace,footwear,3,146.11,0.0,438.33,269.26,169.07,completed,0.3857
O501428,C100426,2024-12-21,marketplace,home,1,127.78,19.17,108.61,68.65,39.96,completed,0.3679
O501428,C100426,2024-12-21,marketplace,footwear,3,112.84,67.7,270.82,156.97,113.85,completed,0.4204
O501856,C100524,2024-12-21,mobile_app,footwear,3,65.63,19.69,177.2,100.99,76.21,completed,0.4301
O501918,C100540,2024-12-21,mobile_app,accessories,2,62.01,0.0,124.02,63.0,61.02,completed,0.492
O501924,C100541,2024-12-21,web,apparel,3,61.41,0.0,184.23,97.59,86.64,completed,0.4703
O501924,C100541,2024-12-21,web,beauty,3,44.42,13.33,119.93,59.41,60.52,completed,0.5046
O501924,C100541,2024-12-21,web,beauty,2,40.27,0.0,80.54,35.45,45.09,completed,0.5598
O502029,C100576,2024-12-21,mobile_app,electronics,3,302.94,136.32,772.5,659.66,112.84,completed,0.1461
O502029,C100576,2024-12-21,mobile_app,electronics,3,187.48,0.0,562.44,457.97,104.47,completed,0.1857
O502116,C100603,2024-12-21,mobile_app,accessories,2,20.79,6.24,35.34,19.15,16.19,completed,0.4581
O502581,C100736,2024-12-21,web,electronics,3,184.05,0.0,552.15,425.5,126.65,completed,0.2294
O502581,C100736,2024-12-21,web,beauty,3,21.58,0.0,64.74,27.3,37.44,completed,0.5783
O502758,C100785,2024-12-21,marketplace,apparel,2,103.09,10.31,195.87,109.75,86.12,completed,0.4397
O502758,C100785,2024-12-21,marketplace,accessories,1,83.28,12.49,70.79,34.41,36.38,completed,0.5139
O502758,C100785,2024-12-21,marketplace,footwear,3,113.92,34.18,307.58,180.11,127.47,completed,0.4144
O502996,C100840,2024-12-21,web,accessories,3,64.09,0.0,192.27,94.75,97.52,completed,0.5072
O502996,C100840,2024-12-21,web,home,2,63.49,25.4,101.58,63.64,37.94,completed,0.3735
O500314,C100102,2024-12-22,marketplace,accessories,3,57.15,17.14,154.31,78.36,75.95,completed,0.4922
O500373,C100123,2024-12-22,web,beauty,2,26.27,7.88,44.66,22.0,22.66,completed,0.5074
O500935,C100274,2024-12-22,marketplace,home,3,86.95,0.0,260.85,187.01,73.84,completed,0.2831
O500935,C100274,2024-12-22,marketplace,beauty,1,42.84,0.0,42.84,19.53,23.31,completed,0.5441
O500935,C100274,2024-12-22,marketplace,apparel,1,104.41,0.0,104.41,58.14,46.27,completed,0.4432
O501089,C100326,2024-12-22,mobile_app,footwear,1,78.98,11.85,67.13,39.16,27.97,completed,0.4167
O501089,C100326,2024-12-22,mobile_app,beauty,3,24.88,11.2,63.44,29.71,33.73,completed,0.5317
O501089,C100326,2024-12-22,mobile_app,accessories,1,46.07,6.91,39.16,18.86,20.3,completed,0.5184
O501209,C100364,2024-12-22,mobile_app,apparel,3,70.78,10.62,201.72,104.67,97.05,completed,0.4811
O501209,C100364,2024-12-22,mobile_app,electronics,2,193.55,0.0,387.1,319.96,67.14,completed,0.1734
O501351,C100407,2024-12-22,marketplace,apparel,1,58.38,0.0,58.38,32.7,25.68,completed,0.4399
O501351,C100407,2024-12-22,marketplace,footwear,3,84.54,0.0,253.62,147.89,105.73,completed,0.4169
O502211,C100628,2024-12-22,mobile_app,beauty,2,40.76,0.0,81.52,34.79,46.73,completed,0.5732
O502211,C100628,2024-12-22,mobile_app,apparel,1,53.66,2.68,50.98,29.7,21.28,completed,0.4174
O502338,C100654,2024-12-22,marketplace,apparel,3,34.86,0.0,104.58,58.51,46.07,completed,0.4405
O502338,C100654,2024-12-22,marketplace,footwear,3,43.74,0.0,131.22,77.09,54.13,completed,0.4125
O502780,C100793,2024-12-22,mobile_app,home,3,123.54,74.12,296.5,171.92,124.58,completed,0.4202
O503103,C100861,2024-12-22,mobile_app,accessories,1,46.31,9.26,37.05,18.66,18.39,completed,0.4964
O503103,C100861,2024-12-22,mobile_app,electronics,2,287.26,0.0,574.52,459.68,114.84,completed,0.1999
O500068,C100031,2024-12-23,web,home,3,47.24,28.34,113.38,69.31,44.07,completed,0.3887
O500068,C100031,2024-12-23,web,electronics,2,198.91,59.67,338.15,293.0,45.15,completed,0.1335
O500068,C100031,2024-12-23,web,apparel,1,48.02,0.0,48.02,26.39,21.63,completed,0.4504
O500210,C100066,2024-12-23,retail_partner,electronics,1,346.49,17.32,329.17,244.47,84.7,completed,0.2573
O500210,C100066,2024-12-23,retail_partner,accessories,2,42.66,12.8,72.52,38.71,33.81,completed,0.4662
O500211,C100066,2024-12-23,web,beauty,3,47.49,0.0,142.47,74.48,67.99,completed,0.4772
O500531,C100167,2024-12-23,marketplace,accessories,2,52.7,21.08,84.32,41.34,42.98,completed,0.5097
O500536,C100169,2024-12-23,web,apparel,2,18.23,1.82,34.64,20.26,14.38,completed,0.4151
O500536,C100169,2024-12-23,web,footwear,3,107.56,16.13,306.55,183.77,122.78,completed,0.4005
O500751,C100230,2024-12-23,mobile_app,beauty,2,27.8,11.12,44.48,21.56,22.92,completed,0.5153
O500751,C100230,2024-12-23,mobile_app,beauty,3,33.46,5.02,95.36,46.61,48.75,completed,0.5112
O500976,C100279,2024-12-23,web,accessories,1,98.02,0.0,98.02,48.44,49.58,completed,0.5058
O501026,C100296,2024-12-23,mobile_app,accessories,3,60.75,0.0,182.25,91.03,91.22,completed,0.5005
O501389,C100422,2024-12-23,mobile_app,electronics,1,250.38,50.08,200.3,152.26,48.04,completed,0.2398
O501389,C100422,2024-12-23,mobile_app,apparel,3,79.29,23.79,214.08,116.41,97.67,completed,0.4562
O501483,C100438,2024-12-23,mobile_app,footwear,2,125.91,50.36,201.46,123.95,77.51,completed,0.3847
O501505,C100441,2024-12-23,mobile_app,footwear,2,133.38,13.34,253.42,140.73,112.69,completed,0.4447
O501505,C100441,2024-12-23,mobile_app,electronics,3,294.38,88.31,794.83,728.43,66.4,completed,0.0835
O501506,C100441,2024-12-23,mobile_app,footwear,2,134.01,40.2,227.82,136.87,90.95,completed,0.3992
O501812,C100510,2024-12-23,mobile_app,apparel,2,46.69,9.34,84.04,47.58,36.46,completed,0.4338
O501812,C100510,2024-12-23,mobile_app,beauty,2,32.62,0.0,65.24,32.01,33.23,completed,0.5094
O501812,C100510,2024-12-23,mobile_app,accessories,3,35.15,21.09,84.36,41.72,42.64,completed,0.5055
O501894,C100535,2024-12-23,web,accessories,3,93.93,0.0,281.79,138.0,143.79,completed,0.5103
O501894,C100535,2024-12-23,web,apparel,2,62.18,18.65,105.71,57.6,48.11,completed,0.4551
O501932,C100542,2024-12-23,retail_partner,beauty,3,52.81,31.69,126.74,58.65,68.09,completed,0.5372
O501932,C100542,2024-12-23,retail_partner,beauty,2,45.65,9.13,82.17,36.87,45.3,completed,0.5513
O501932,C100542,2024-12-23,retail_partner,footwear,1,88.93,13.34,75.59,46.71,28.88,completed,0.3821
O501938,C100546,2024-12-23,retail_partner,apparel,2,39.15,11.74,66.56,33.39,33.17,completed,0.4983
O501938,C100546,2024-12-23,retail_partner,accessories,1,37.32,5.6,31.72,15.51,16.21,completed,0.511
O501978,C100555,2024-12-23,web,accessories,2,39.16,3.92,74.4,36.59,37.81,completed,0.5082
O502643,C100759,2024-12-23,mobile_app,apparel,3,42.26,19.02,107.76,53.0,54.76,completed,0.5082
O502643,C100759,2024-12-23,mobile_app,electronics,2,229.23,68.77,389.69,349.22,40.47,completed,0.1039
O500212,C100066,2024-12-24,web,accessories,2,96.53,9.65,183.41,95.02,88.39,completed,0.4819
O500390,C100128,2024-12-24,mobile_app,apparel,3,124.95,74.97,299.88,156.8,143.08,completed,0.4771
O500390,C100128,2024-12-24,mobile_app,apparel,1,83.07,0.0,83.07,40.31,42.76,completed,0.5147
O500660,C100199,2024-12-24,mobile_app,accessories,2,68.61,0.0,137.22,68.55,68.67,completed,0.5004
O500660,C100199,2024-12-24,mobile_app,electronics,1,448.58,0.0,448.58,364.91,83.67,completed,0.1865
O500695,C100207,2024-12-24,mobile_app,beauty,3,39.1,0.0,117.3,56.06,61.24,completed,0.5221
O500695,C100207,2024-12-24,mobile_app,accessories,2,51.83,15.55,88.11,42.04,46.07,completed,0.5229
O500695,C100207,2024-12-24,mobile_app,electronics,1,205.32,41.06,164.26,141.0,23.26,completed,0.1416
O500883,C100262,2024-12-24,web,apparel,2,65.84,0.0,131.68,65.74,65.94,completed,0.5008
O500883,C100262,2024-12-24,web,footwear,3,118.37,0.0,355.11,214.34,140.77,completed,0.3964
O500883,C100262,2024-12-24,web,electronics,2,424.62,0.0,849.24,725.35,123.89,completed,0.1459
O500960,C100277,2024-12-24,mobile_app,home,1,120.66,0.0,120.66,69.95,50.71,completed,0.4203
O501045,C100304,2024-12-24,web,accessories,3,45.62,0.0,136.86,61.95,74.91,completed,0.5473
O501258,C100385,2024-12-24,marketplace,accessories,1,62.23,6.22,56.01,27.14,28.87,completed,0.5154
O501258,C100385,2024-12-24,marketplace,accessories,2,46.88,18.75,75.01,40.98,34.03,completed,0.4537
O501264,C100389,2024-12-24,web,beauty,2,28.6,11.44,45.76,22.77,22.99,completed,0.5024
O501519,C100447,2024-12-24,mobile_app,home,2,60.27,24.11,96.43,55.49,40.94,completed,0.4246
O501519,C100447,2024-12-24,mobile_app,home,1,50.98,10.2,40.78,26.82,13.96,completed,0.3423
O501519,C100447,2024-12-24,mobile_app,electronics,2,114.47,0.0,228.94,174.9,54.04,completed,0.236
O501572,C100455,2024-12-24,mobile_app,electronics,2,173.79,52.14,295.44,245.62,49.82,completed,0.1686
O501730,C100494,2024-12-24,web,beauty,1,73.79,7.38,66.41,31.02,35.39,completed,0.5329
O502248,C100636,2024-12-24,mobile_app,electronics,3,247.23,37.08,704.61,561.5,143.11,completed,0.2031
O502352,C100657,2024-12-24,mobile_app,apparel,3,59.24,35.54,142.18,79.0,63.18,completed,0.4444
O502352,C100657,2024-12-24,mobile_app,apparel,3,56.57,0.0,169.71,86.35,83.36,completed,0.4912
O502352,C100657,2024-12-24,mobile_app,home,1,83.98,12.6,71.38,44.85,26.53,completed,0.3717
O502611,C100745,2024-12-24,web,home,2,98.11,0.0,196.22,124.08,72.14,completed,0.3676
O500018,C100006,2024-12-25,mobile_app,footwear,2,57.32,0.0,114.64,66.2,48.44,completed,0.4225
O500018,C100006,2024-12-25,mobile_app,footwear,2,76.79,0.0,153.58,92.41,61.17,completed,0.3983
O500060,C100027,2024-12-25,web,accessories,1,47.72,0.0,47.72,23.63,24.09,completed,0.5048
O500060,C100027,2024-12-25,web,footwear,2,72.85,0.0,145.7,83.18,62.52,completed,0.4291
O500316,C100103,2024-12-25,marketplace,home,3,87.94,26.38,237.44,144.08,93.36,completed,0.3932
O500316,C100103,2024-12-25,marketplace,footwear,3,103.54,0.0,310.62,191.43,119.19,completed,0.3837
O500316,C100103,2024-12-25,marketplace,beauty,3,38.86,0.0,116.58,52.24,64.34,completed,0.5519
O501084,C100324,2024-12-25,mobile_app,beauty,2,31.0,0.0,62.0,29.74,32.26,completed,0.5203
O501391,C100423,2024-12-25,marketplace,apparel,1,47.54,9.51,38.03,22.09,15.94,completed,0.4191
O501391,C100423,2024-12-25,marketplace,apparel,3,38.02,11.41,102.65,60.33,42.32,completed,0.4123
O501391,C100423,2024-12-25,marketplace,accessories,2,30.51,0.0,61.02,32.1,28.92,completed,0.4739
O501429,C100426,2024-12-25,web,footwear,1,128.04,0.0,128.04,77.33,50.71,completed,0.396
O501694,C100481,2024-12-25,web,accessories,3,97.39,0.0,292.17,137.6,154.57,completed,0.529
O501865,C100526,2024-12-25,web,footwear,2,121.88,0.0,243.76,135.0,108.76,completed,0.4462
O502185,C100619,2024-12-25,web,apparel,3,56.71,8.51,161.62,86.83,74.79,completed,0.4628
O502267,C100639,2024-12-25,mobile_app,footwear,2,183.41,36.68,330.14,197.31,132.83,completed,0.4023
O502267,C100639,2024-12-25,mobile_app,apparel,1,49.83,0.0,49.83,28.02,21.81,completed,0.4377
O502267,C100639,2024-12-25,mobile_app,footwear,2,149.03,0.0,298.06,179.76,118.3,completed,0.3969
O502329,C100650,2024-12-25,web,accessories,1,82.79,0.0,82.79,39.28,43.51,completed,0.5255
O502329,C100650,2024-12-25,web,footwear,3,108.11,32.43,291.9,186.39,105.51,completed,0.3615
O502329,C100650,2024-12-25,web,electronics,2,298.04,0.0,596.08,473.31,122.77,completed,0.206
O502369,C100669,2024-12-25,web,accessories,1,46.64,0.0,46.64,22.64,24.0,completed,0.5146
O502369,C100669,2024-12-25,web,accessories,1,32.63,6.53,26.1,12.08,14.02,completed,0.5372
O502369,C100669,2024-12-25,web,beauty,1,19.67,0.98,18.69,8.27,10.42,completed,0.5575
O502412,C100683,2024-12-25,marketplace,accessories,2,30.42,6.08,54.76,26.57,28.19,completed,0.5148
O502412,C100683,2024-12-25,marketplace,apparel,3,52.47,0.0,157.41,85.33,72.08,completed,0.4579
O502412,C100683,2024-12-25,marketplace,electronics,1,252.15,25.22,226.93,182.96,43.97,completed,0.1938
O502588,C100738,2024-12-25,mobile_app,apparel,2,59.83,0.0,119.66,65.59,54.07,completed,0.4519
O502588,C100738,2024-12-25,mobile_app,home,1,47.09,4.71,42.38,25.18,17.2,completed,0.4059
O502644,C100760,2024-12-25,mobile_app,apparel,3,50.67,7.6,144.41,84.23,60.18,completed,0.4167
O502644,C100760,2024-12-25,mobile_app,beauty,3,23.32,10.49,59.47,25.66,33.81,completed,0.5685
O502763,C100787,2024-12-25,mobile_app,electronics,2,308.22,92.47,523.97,419.16,104.81,completed,0.2
O502763,C100787,2024-12-25,mobile_app,accessories,1,71.2,0.0,71.2,35.28,35.92,completed,0.5045
O502786,C100797,2024-12-25,mobile_app,home,3,79.92,0.0,239.76,150.63,89.13,completed,0.3717
O502786,C100797,2024-12-25,mobile_app,apparel,2,35.15,14.06,56.24,32.0,24.24,completed,0.431
O502807,C100799,2024-12-25,marketplace,footwear,2,59.37,11.87,106.87,64.85,42.02,completed,0.3932
O502913,C100821,2024-12-25,mobile_app,apparel,2,50.11,0.0,100.22,57.76,42.46,completed,0.4237
O502913,C100821,2024-12-25,mobile_app,electronics,1,353.37,0.0,353.37,288.37,65.0,completed,0.1839
O502913,C100821,2024-12-25,mobile_app,electronics,1,235.75,35.36,200.39,176.59,23.8,completed,0.1188
O503107,C100863,2024-12-25,mobile_app,beauty,2,23.59,9.44,37.74,16.79,20.95,completed,0.5551
O503107,C100863,2024-12-25,mobile_app,footwear,2,58.18,17.45,98.91,62.97,35.94,completed,0.3634
O500088,C100039,2024-12-26,web,accessories,2,47.09,14.13,80.05,38.92,41.13,completed,0.5138
O500088,C100039,2024-12-26,web,beauty,1,41.53,0.0,41.53,19.12,22.41,completed,0.5396
O500494,C100156,2024-12-26,web,accessories,1,33.92,0.0,33.92,17.13,16.79,completed,0.495
O500494,C100156,2024-12-26,web,apparel,2,58.89,0.0,117.78,65.88,51.9,completed,0.4407
O500494,C100156,2024-12-26,web,home,1,76.68,0.0,76.68,49.4,27.28,completed,0.3558
O500797,C100239,2024-12-26,mobile_app,apparel,1,42.31,8.46,33.85,20.46,13.39,completed,0.3956
O500797,C100239,2024-12-26,mobile_app,electronics,2,129.62,38.89,220.35,185.56,34.79,completed,0.1579
O500802,C100242,2024-12-26,mobile_app,accessories,3,41.63,18.73,106.16,50.89,55.27,completed,0.5206
O500802,C100242,2024-12-26,mobile_app,electronics,1,167.21,0.0,167.21,142.25,24.96,completed,0.1493
O500896,C100270,2024-12-26,web,beauty,3,25.29,11.38,64.49,28.74,35.75,completed,0.5543
O500896,C100270,2024-12-26,web,footwear,1,71.5,3.58,67.92,41.65,26.27,completed,0.3868
O500896,C100270,2024-12-26,web,accessories,2,41.01,12.3,69.72,33.99,35.73,completed,0.5125
O500989,C100285,2024-12-26,web,accessories,3,39.7,0.0,119.1,57.28,61.82,completed,0.5191
O500989,C100285,2024-12-26,web,home,2,42.37,12.71,72.03,41.71,30.32,completed,0.4209
O500989,C100285,2024-12-26,web,home,2,87.44,17.49,157.39,90.86,66.53,completed,0.4227
O501430,C100426,2024-12-26,marketplace,footwear,3,154.3,0.0,462.9,247.87,215.03,completed,0.4645
O501430,C100426,2024-12-26,marketplace,beauty,2,57.51,23.0,92.02,43.37,48.65,completed,0.5287
O501430,C100426,2024-12-26,marketplace,electronics,3,348.37,209.02,836.09,725.08,111.01,completed,0.1328
O501695,C100481,2024-12-26,web,footwear,3,65.49,0.0,196.47,116.33,80.14,completed,0.4079
O501695,C100481,2024-12-26,web,home,1,181.16,0.0,181.16,109.99,71.17,completed,0.3929
O502157,C100614,2024-12-26,web,home,2,123.87,49.55,198.19,120.6,77.59,completed,0.3915
O502157,C100614,2024-12-26,web,home,2,131.76,26.35,237.17,144.41,92.76,completed,0.3911
O502157,C100614,2024-12-26,web,accessories,2,61.43,12.29,110.57,54.99,55.58,completed,0.5027
O502433,C100692,2024-12-26,web,beauty,1,23.63,2.36,21.27,10.47,10.8,completed,0.5078
O502433,C100692,2024-12-26,web,beauty,3,18.35,0.0,55.05,24.96,30.09,completed,0.5466
O502541,C100722,2024-12-26,web,accessories,1,76.84,7.68,69.16,35.9,33.26,completed,0.4809
O502541,C100722,2024-12-26,web,accessories,3,73.21,0.0,219.63,109.21,110.42,completed,0.5028
O502541,C100722,2024-12-26,web,footwear,2,140.58,28.12,253.04,148.74,104.3,completed,0.4122
O502549,C100726,2024-12-26,mobile_app,beauty,3,29.79,0.0,89.37,40.24,49.13,completed,0.5497
O502549,C100726,2024-12-26,mobile_app,accessories,1,40.51,0.0,40.51,20.49,20.02,completed,0.4942
O503208,C100895,2024-12-26,retail_partner,electronics,1,91.89,13.78,78.11,65.65,12.46,completed,0.1595
O503208,C100895,2024-12-26,retail_partner,electronics,3,236.59,141.95,567.82,476.06,91.76,completed,0.1616
O503208,C100895,2024-12-26,retail_partner,apparel,2,44.99,13.5,76.48,41.38,35.1,completed,0.4589
O500049,C100018,2024-12-27,marketplace,beauty,3,33.65,0.0,100.95,49.86,51.09,completed,0.5061
O500049,C100018,2024-12-27,marketplace,beauty,1,33.95,6.79,27.16,13.35,13.81,completed,0.5085
O500544,C100171,2024-12-27,mobile_app,accessories,3,54.44,0.0,163.32,79.24,84.08,completed,0.5148
O500544,C100171,2024-12-27,mobile_app,electronics,3,258.79,0.0,776.37,584.75,191.62,completed,0.2468
O500544,C100171,2024-12-27,mobile_app,beauty,3,24.27,14.56,58.25,27.49,30.76,completed,0.5281
O500661,C100199,2024-12-27,web,home,3,79.38,35.72,202.42,129.97,72.45,completed,0.3579
O500661,C100199,2024-12-27,web,home,3,59.69,0.0,179.07,110.41,68.66,completed,0.3834
O500662,C100199,2024-12-27,web,electronics,1,287.56,57.51,230.05,184.22,45.83,completed,0.1992
O500662,C100199,2024-12-27,web,electronics,2,265.92,106.37,425.47,325.29,100.18,completed,0.2355
O500662,C100199,2024-12-27,web,accessories,2,76.0,0.0,152.0,73.98,78.02,completed,0.5133
O500663,C100199,2024-12-27,retail_partner,home,3,85.11,38.3,217.03,143.44,73.59,completed,0.3391
O500663,C100199,2024-12-27,retail_partner,accessories,2,61.11,18.33,103.89,49.82,54.07,completed,0.5205
O500678,C100201,2024-12-27,retail_partner,footwear,2,171.19,34.24,308.14,178.04,130.1,completed,0.4222
O500977,C100279,2024-12-27,mobile_app,accessories,3,61.99,0.0,185.97,96.11,89.86,completed,0.4832
O500977,C100279,2024-12-27,mobile_app,electronics,2,283.76,0.0,567.52,454.58,112.94,completed,0.199
O501094,C100328,2024-12-27,mobile_app,footwear,3,71.3,0.0,213.9,126.79,87.11,completed,0.4072
O501128,C100345,2024-12-27,web,electronics,2,232.37,0.0,464.74,389.8,74.94,completed,0.1613
O501128,C100345,2024-12-27,web,footwear,3,124.43,74.66,298.63,194.53,104.1,completed,0.3486
O501128,C100345,2024-12-27,web,apparel,2,68.04,0.0,136.08,76.45,59.63,completed,0.4382
O501129,C100345,2024-12-27,web,apparel,3,54.61,0.0,163.83,91.97,71.86,completed,0.4386
O501943,C100548,2024-12-27,mobile_app,footwear,3,108.53,0.0,325.59,205.04,120.55,completed,0.3703
O501943,C100548,2024-12-27,mobile_app,electronics,2,280.91,84.27,477.55,387.02,90.53,completed,0.1896
O501943,C100548,2024-12-27,mobile_app,home,3,95.95,57.57,230.28,139.03,91.25,completed,0.3963
O502283,C100641,2024-12-27,mobile_app,apparel,3,75.21,45.13,180.5,99.41,81.09,completed,0.4493
O502283,C100641,2024-12-27,mobile_app,electronics,1,286.18,0.0,286.18,257.56,28.62,completed,0.1
O502283,C100641,2024-12-27,mobile_app,beauty,2,36.2,0.0,72.4,35.44,36.96,completed,0.5105
O502330,C100650,2024-12-27,web,electronics,2,289.83,86.95,492.71,414.88,77.83,completed,0.158
O502330,C100650,2024-12-27,web,footwear,3,160.42,48.13,433.13,274.5,158.63,completed,0.3662
O503202,C100892,2024-12-27,web,beauty,3,20.41,6.12,55.11,25.86,29.25,completed,0.5308
O503202,C100892,2024-12-27,web,footwear,3,92.23,13.83,262.86,158.79,104.07,completed,0.3959
O503202,C100892,2024-12-27,web,home,3,84.28,0.0,252.84,154.03,98.81,completed,0.3908
O500451,C100145,2024-12-28,retail_partner,beauty,2,58.2,5.82,110.58,54.79,55.79,completed,0.5045
O500664,C100199,2024-12-28,mobile_app,apparel,3,100.48,30.14,271.3,154.06,117.24,completed,0.4321
O500664,C100199,2024-12-28,mobile_app,electronics,3,404.36,0.0,1213.08,1069.82,143.26,completed,0.1181
O500664,C100199,2024-12-28,mobile_app,home,2,157.81,0.0,315.62,200.35,115.27,completed,0.3652
O500738,C100224,2024-12-28,web,beauty,3,23.68,7.1,63.94,33.04,30.9,completed,0.4833
O500841,C100248,2024-12-28,mobile_app,beauty,3,70.34,42.2,168.82,77.78,91.04,completed,0.5393
O500841,C100248,2024-12-28,mobile_app,beauty,2,73.98,0.0,147.96,74.69,73.27,completed,0.4952
O500841,C100248,2024-12-28,mobile_app,electronics,2,336.9,0.0,673.8,582.96,90.84,completed,0.1348
O501010,C100291,2024-12-28,web,electronics,2,190.35,57.1,323.6,253.36,70.24,completed,0.2171
O501244,C100382,2024-12-28,mobile_app,footwear,3,85.19,12.78,242.79,152.77,90.02,completed,0.3708
O501244,C100382,2024-12-28,mobile_app,beauty,3,24.55,3.68,69.97,35.19,34.78,completed,0.4971
O501285,C100392,2024-12-28,mobile_app,accessories,3,48.65,14.59,131.36,64.44,66.92,completed,0.5094
O501285,C100392,2024-12-28,mobile_app,footwear,3,54.17,0.0,162.51,103.73,58.78,completed,0.3617
O501507,C100441,2024-12-28,web,home,1,127.73,0.0,127.73,79.27,48.46,completed,0.3794
O501507,C100441,2024-12-28,web,apparel,3,105.2,0.0,315.6,168.71,146.89,completed,0.4654
O501507,C100441,2024-12-28,web,home,1,81.54,0.0,81.54,48.93,32.61,completed,0.3999
O501993,C100564,2024-12-28,web,apparel,2,45.82,13.75,77.89,44.01,33.88,completed,0.435
O501993,C100564,2024-12-28,web,footwear,1,88.93,8.89,80.04,48.05,31.99,completed,0.3997
O502451,C100699,2024-12-28,web,home,1,91.71,4.59,87.12,48.78,38.34,completed,0.4401
O502451,C100699,2024-12-28,web,footwear,3,69.64,0.0,208.92,126.3,82.62,completed,0.3955
O502451,C100699,2024-12-28,web,beauty,1,22.71,0.0,22.71,10.81,11.9,completed,0.524
O503028,C100847,2024-12-28,web,accessories,3,70.43,31.69,179.6,96.8,82.8,completed,0.461
O503028,C100847,2024-12-28,web,footwear,1,153.29,22.99,130.3,79.03,51.27,completed,0.3935
O503175,C100880,2024-12-28,mobile_app,home,1,96.4,9.64,86.76,54.16,32.6,completed,0.3757
O500213,C100066,2024-12-29,mobile_app,electronics,3,400.02,120.01,1080.05,838.9,241.15,completed,0.2233
O500213,C100066,2024-12-29,mobile_app,footwear,3,150.33,90.2,360.79,213.02,147.77,completed,0.4096
O500213,C100066,2024-12-29,mobile_app,footwear,2,144.62,28.92,260.32,163.87,96.45,completed,0.3705
O500286,C100090,2024-12-29,web,beauty,1,24.56,3.68,20.88,10.18,10.7,completed,0.5125
O500286,C100090,2024-12-29,web,electronics,1,223.63,0.0,223.63,172.49,51.14,completed,0.2287
O500555,C100174,2024-12-29,mobile_app,beauty,2,29.14,11.66,46.62,21.02,25.6,completed,0.5491
O500794,C100237,2024-12-29,web,home,2,120.17,48.07,192.27,128.68,63.59,completed,0.3307
O500794,C100237,2024-12-29,web,beauty,3,46.89,21.1,119.57,57.81,61.76,completed,0.5165
O500794,C100237,2024-12-29,web,beauty,1,46.28,0.0,46.28,20.83,25.45,completed,0.5499
O500864,C100256,2024-12-29,web,beauty,1,29.18,2.92,26.26,12.11,14.15,completed,0.5388
O500864,C100256,2024-12-29,web,apparel,1,44.07,2.2,41.87,22.71,19.16,completed,0.4576
O501131,C100346,2024-12-29,mobile_app,accessories,1,33.01,6.6,26.41,13.27,13.14,completed,0.4975
O501131,C100346,2024-12-29,mobile_app,electronics,1,150.46,22.57,127.89,109.35,18.54,completed,0.145
O501131,C100346,2024-12-29,mobile_app,accessories,1,36.53,1.83,34.7,16.31,18.39,completed,0.53
O501390,C100422,2024-12-29,retail_partner,apparel,2,97.71,0.0,195.42,105.57,89.85,completed,0.4598
O501895,C100535,2024-12-29,mobile_app,home,2,73.82,14.76,132.88,86.93,45.95,completed,0.3458
O501895,C100535,2024-12-29,mobile_app,home,2,102.55,10.26,194.84,125.63,69.21,completed,0.3552
O501895,C100535,2024-12-29,mobile_app,electronics,1,320.63,0.0,320.63,247.57,73.06,completed,0.2279
O501986,C100560,2024-12-29,web,electronics,1,208.22,0.0,208.22,184.67,23.55,completed,0.1131
O502011,C100572,2024-12-29,marketplace,beauty,1,28.89,5.78,23.11,10.95,12.16,completed,0.5262
O502292,C100644,2024-12-29,web,home,3,50.0,0.0,150.0,101.08,48.92,completed,0.3261
O502615,C100746,2024-12-29,web,home,2,65.9,26.36,105.44,63.34,42.1,completed,0.3993
O502764,C100787,2024-12-29,mobile_app,apparel,2,84.97,16.99,152.95,93.01,59.94,completed,0.3919
O502765,C100787,2024-12-29,mobile_app,home,3,140.17,0.0,420.51,235.66,184.85,completed,0.4396
O500416,C100138,2024-12-30,mobile_app,beauty,1,18.08,0.9,17.18,8.26,8.92,completed,0.5192
O500416,C100138,2024-12-30,mobile_app,accessories,1,36.34,0.0,36.34,17.86,18.48,completed,0.5085
O500549,C100173,2024-12-30,mobile_app,electronics,2,206.03,0.0,412.06,306.35,105.71,completed,0.2565
O500549,C100173,2024-12-30,mobile_app,accessories,3,50.27,15.08,135.73,74.55,61.18,completed,0.4507
O500961,C100277,2024-12-30,mobile_app,beauty,1,53.96,2.7,51.26,23.2,28.06,completed,0.5474
O501180,C100359,2024-12-30,mobile_app,footwear,3,156.85,94.11,376.44,238.79,137.65,completed,0.3657
O501180,C100359,2024-12-30,mobile_app,beauty,1,63.41,12.68,50.73,24.1,26.63,completed,0.5249
O501508,C100441,2024-12-30,mobile_app,beauty,2,45.17,13.55,76.79,35.29,41.5,completed,0.5404
O501508,C100441,2024-12-30,mobile_app,footwear,2,116.93,35.08,198.78,117.68,81.1,completed,0.408
O501581,C100459,2024-12-30,mobile_app,home,2,64.89,25.96,103.82,68.32,35.5,completed,0.3419
O501581,C100459,2024-12-30,mobile_app,apparel,3,53.33,0.0,159.99,86.19,73.8,completed,0.4613
O501626,C100473,2024-12-30,marketplace,beauty,3,40.86,18.39,104.19,51.02,53.17,completed,0.5103
O501626,C100473,2024-12-30,marketplace,electronics,3,311.95,93.58,842.27,679.53,162.74,completed,0.1932
O501626,C100473,2024-12-30,marketplace,electronics,2,378.84,151.54,606.14,496.02,110.12,completed,0.1817
O502659,C100763,2024-12-30,marketplace,home,3,55.96,0.0,167.88,106.15,61.73,completed,0.3677
O503012,C100846,2024-12-30,web,electronics,3,191.01,0.0,573.03,492.7,80.33,completed,0.1402
O503086,C100860,2024-12-30,web,apparel,3,64.38,0.0,193.14,102.64,90.5,completed,0.4686
